0 verbose cli /home/chand/ON-CBT/nodejs/bin/node /home/chand/ON-CBT/nodejs/lib/node_modules/npm/bin/npm-cli.js
1 info using npm@10.2.4
2 info using node@v20.11.0
3 timing npm:load:whichnode Completed in 10ms
4 timing config:load:defaults Completed in 20ms
5 timing config:load:file:/home/chand/ON-CBT/nodejs/lib/node_modules/npm/npmrc Completed in 11ms
6 timing config:load:builtin Completed in 13ms
7 timing config:load:cli Completed in 8ms
8 timing config:load:env Completed in 2ms
9 timing config:load:file:/home/chand/ON-CBT/frontend/.npmrc Completed in 1ms
10 timing config:load:project Completed in 20ms
11 timing config:load:file:/home/chand/.npmrc Completed in 7ms
12 timing config:load:user Completed in 8ms
13 timing config:load:file:/app/etc/npmrc Completed in 4ms
14 timing config:load:global Completed in 4ms
15 timing config:load:setEnvs Completed in 11ms
16 timing config:load Completed in 87ms
17 timing npm:load:configload Completed in 87ms
18 timing config:load:flatten Completed in 8ms
19 timing npm:load:mkdirpcache Completed in 0ms
20 timing npm:load:mkdirplogs Completed in 0ms
21 verbose title npm exec shadcn@latest init
22 verbose argv "exec" "--" "shadcn@latest" "init"
23 timing npm:load:setTitle Completed in 2ms
24 timing npm:load:display Completed in 2ms
25 verbose logfile logs-max:10 dir:/home/chand/ON-CBT/frontend/.npm-local/cache/_logs/2025-12-05T23_40_05_983Z-
26 verbose logfile /home/chand/ON-CBT/frontend/.npm-local/cache/_logs/2025-12-05T23_40_05_983Z-debug-0.log
27 timing npm:load:logFile Completed in 34ms
28 timing npm:load:timers Completed in 0ms
29 timing npm:load:configScope Completed in 0ms
30 timing npm:load Completed in 218ms
31 silly logfile done cleaning log files
32 timing arborist:ctor Completed in 2ms
33 timing arborist:ctor Completed in 0ms
34 http fetch GET 200 https://registry.npmjs.org/shadcn 567ms (cache revalidated)
35 timing arborist:ctor Completed in 1ms
36 timing arborist:ctor Completed in 0ms
37 timing arborist:ctor Completed in 4ms
38 timing idealTree:init Completed in 44ms
39 timing idealTree:userRequests Completed in 9ms
40 silly idealTree buildDeps
41 silly fetch manifest shadcn@3.5.1
42 http fetch GET 200 https://registry.npmjs.org/shadcn 103ms (cache hit)
43 silly placeDep ROOT shadcn@3.5.1 OK for:  want: 3.5.1
44 silly fetch manifest @antfu/ni@^25.0.0
45 silly fetch manifest @babel/core@^7.28.0
46 silly fetch manifest @babel/parser@^7.28.0
47 silly fetch manifest @babel/plugin-transform-typescript@^7.28.0
48 silly fetch manifest @babel/preset-typescript@^7.27.1
49 silly fetch manifest @dotenvx/dotenvx@^1.48.4
50 silly fetch manifest @modelcontextprotocol/sdk@^1.17.2
51 silly fetch manifest browserslist@^4.26.2
52 silly fetch manifest commander@^14.0.0
53 silly fetch manifest cosmiconfig@^9.0.0
54 silly fetch manifest dedent@^1.6.0
55 silly fetch manifest deepmerge@^4.3.1
56 silly fetch manifest diff@^8.0.2
57 silly fetch manifest execa@^9.6.0
58 silly fetch manifest fast-glob@^3.3.3
59 silly fetch manifest fs-extra@^11.3.1
60 silly fetch manifest fuzzysort@^3.1.0
61 silly fetch manifest https-proxy-agent@^7.0.6
62 silly fetch manifest kleur@^4.1.5
63 silly fetch manifest msw@^2.10.4
64 silly fetch manifest node-fetch@^3.3.2
65 silly fetch manifest ora@^8.2.0
66 silly fetch manifest postcss@^8.5.6
67 silly fetch manifest prompts@^2.4.2
68 silly fetch manifest recast@^0.23.11
69 silly fetch manifest stringify-object@^5.0.0
70 silly fetch manifest ts-morph@^26.0.0
71 silly fetch manifest tsconfig-paths@^4.2.0
72 silly fetch manifest zod@^3.24.1
73 silly fetch manifest zod-to-json-schema@^3.24.6
74 http fetch GET 200 https://registry.npmjs.org/postcss 2462ms (cache revalidated)
75 http fetch GET 200 https://registry.npmjs.org/@babel%2fparser 2581ms (cache revalidated)
76 http fetch GET 200 https://registry.npmjs.org/zod 2481ms (cache revalidated)
77 http fetch GET 200 https://registry.npmjs.org/browserslist 2706ms (cache revalidated)
78 http fetch GET 200 https://registry.npmjs.org/dedent 2723ms (cache miss)
79 http fetch GET 200 https://registry.npmjs.org/@babel%2fcore 2797ms (cache revalidated)
80 http fetch GET 200 https://registry.npmjs.org/tsconfig-paths 2676ms (cache revalidated)
81 http fetch GET 200 https://registry.npmjs.org/fast-glob 2756ms (cache revalidated)
82 http fetch GET 200 https://registry.npmjs.org/stringify-object 2802ms (cache miss)
83 http fetch GET 200 https://registry.npmjs.org/diff 2924ms (cache miss)
84 http fetch GET 200 https://registry.npmjs.org/@modelcontextprotocol%2fsdk 3035ms (cache miss)
85 http fetch GET 200 https://registry.npmjs.org/fuzzysort 3080ms (cache miss)
86 http fetch GET 200 https://registry.npmjs.org/deepmerge 3170ms (cache miss)
87 http fetch GET 200 https://registry.npmjs.org/https-proxy-agent 3188ms (cache miss)
88 http fetch GET 200 https://registry.npmjs.org/cosmiconfig 3376ms (cache miss)
89 http fetch GET 200 https://registry.npmjs.org/prompts 3332ms (cache miss)
90 http fetch GET 200 https://registry.npmjs.org/fs-extra 3425ms (cache miss)
91 http fetch GET 200 https://registry.npmjs.org/ora 3414ms (cache miss)
92 http fetch GET 200 https://registry.npmjs.org/kleur 3435ms (cache miss)
93 http fetch GET 200 https://registry.npmjs.org/execa 3460ms (cache miss)
94 http fetch GET 200 https://registry.npmjs.org/@babel%2fpreset-typescript 3575ms (cache miss)
95 http fetch GET 200 https://registry.npmjs.org/zod-to-json-schema 3460ms (cache miss)
96 http fetch GET 200 https://registry.npmjs.org/@dotenvx%2fdotenvx 3586ms (cache miss)
97 http fetch GET 200 https://registry.npmjs.org/@antfu%2fni 3632ms (cache miss)
98 http fetch GET 200 https://registry.npmjs.org/commander 3596ms (cache miss)
99 http fetch GET 200 https://registry.npmjs.org/node-fetch 3569ms (cache miss)
100 http fetch GET 200 https://registry.npmjs.org/ts-morph 3544ms (cache miss)
101 http fetch GET 200 https://registry.npmjs.org/@babel%2fplugin-transform-typescript 3693ms (cache miss)
102 http fetch GET 200 https://registry.npmjs.org/recast 3636ms (cache miss)
103 http fetch GET 200 https://registry.npmjs.org/msw 3847ms (cache miss)
104 timing idealTree:#root Completed in 4187ms
105 silly fetch manifest @cfworker/json-schema@^4.1.1
106 http fetch GET 200 https://registry.npmjs.org/@cfworker%2fjson-schema 179ms (cache miss)
107 silly fetch manifest typescript@>=4.9.5
108 http fetch GET 200 https://registry.npmjs.org/typescript 365ms (cache revalidated)
109 silly fetch manifest babel-plugin-macros@^3.1.0
110 http fetch GET 200 https://registry.npmjs.org/babel-plugin-macros 99ms (cache miss)
111 silly fetch manifest typescript@>= 4.8.x
112 silly placeDep ROOT @antfu/ni@25.0.0 OK for: shadcn@3.5.1 want: ^25.0.0
113 silly fetch manifest fzf@^0.5.2
114 silly fetch manifest ansis@^4.0.0
115 silly fetch manifest tinyexec@^1.0.1
116 silly fetch manifest package-manager-detector@^1.3.0
117 silly placeDep ROOT @babel/core@7.28.5 OK for: shadcn@3.5.1 want: ^7.28.0
118 silly fetch manifest @babel/code-frame@^7.27.1
119 silly fetch manifest @babel/generator@^7.28.5
120 silly fetch manifest @babel/helper-compilation-targets@^7.27.2
121 silly fetch manifest @babel/helper-module-transforms@^7.28.3
122 silly fetch manifest @babel/helpers@^7.28.4
123 silly fetch manifest @babel/parser@^7.28.5
124 silly fetch manifest @babel/template@^7.27.2
125 silly fetch manifest @babel/traverse@^7.28.5
126 silly fetch manifest @babel/types@^7.28.5
127 silly fetch manifest @jridgewell/remapping@^2.3.5
128 silly fetch manifest convert-source-map@^2.0.0
129 silly fetch manifest debug@^4.1.0
130 silly fetch manifest gensync@^1.0.0-beta.2
131 silly fetch manifest json5@^2.2.3
132 silly fetch manifest semver@^6.3.1
133 silly placeDep ROOT @babel/parser@7.28.5 OK for: shadcn@3.5.1 want: ^7.28.0
134 silly placeDep ROOT @babel/plugin-transform-typescript@7.28.5 OK for: shadcn@3.5.1 want: ^7.28.0
135 silly fetch manifest @babel/helper-annotate-as-pure@^7.27.3
136 silly fetch manifest @babel/helper-create-class-features-plugin@^7.28.5
137 silly fetch manifest @babel/helper-plugin-utils@^7.27.1
138 silly fetch manifest @babel/helper-skip-transparent-expression-wrappers@^7.27.1
139 silly fetch manifest @babel/plugin-syntax-typescript@^7.27.1
140 silly placeDep ROOT @babel/preset-typescript@7.28.5 OK for: shadcn@3.5.1 want: ^7.27.1
141 silly fetch manifest @babel/helper-validator-option@^7.27.1
142 silly fetch manifest @babel/plugin-syntax-jsx@^7.27.1
143 silly fetch manifest @babel/plugin-transform-modules-commonjs@^7.27.1
144 silly placeDep ROOT @dotenvx/dotenvx@1.51.1 OK for: shadcn@3.5.1 want: ^1.48.4
145 silly fetch manifest fdir@^6.2.0
146 silly fetch manifest execa@^5.1.1
147 silly fetch manifest which@^4.0.0
148 silly fetch manifest dotenv@^17.2.1
149 silly fetch manifest ignore@^5.3.0
150 silly fetch manifest eciesjs@^0.4.10
151 silly fetch manifest commander@^11.1.0
152 silly fetch manifest picomatch@^4.0.2
153 silly fetch manifest object-treeify@1.1.33
154 silly placeDep ROOT @modelcontextprotocol/sdk@1.24.3 OK for: shadcn@3.5.1 want: ^1.17.2
155 silly fetch manifest ajv@^8.17.1
156 silly fetch manifest zod@^3.25 || ^4.0
157 silly fetch manifest cors@^2.8.5
158 silly fetch manifest jose@^6.1.1
159 silly fetch manifest express@^5.0.1
160 silly fetch manifest raw-body@^3.0.0
161 silly fetch manifest ajv-formats@^3.0.1
162 silly fetch manifest cross-spawn@^7.0.5
163 silly fetch manifest eventsource@^3.0.2
164 silly fetch manifest content-type@^1.0.5
165 silly fetch manifest pkce-challenge@^5.0.0
166 silly fetch manifest eventsource-parser@^3.0.0
167 silly fetch manifest express-rate-limit@^7.5.0
168 silly fetch manifest zod-to-json-schema@^3.25.0
169 silly placeDep ROOT browserslist@4.28.1 OK for: shadcn@3.5.1 want: ^4.26.2
170 silly fetch manifest baseline-browser-mapping@^2.9.0
171 silly fetch manifest caniuse-lite@^1.0.30001759
172 silly fetch manifest electron-to-chromium@^1.5.263
173 silly fetch manifest node-releases@^2.0.27
174 silly fetch manifest update-browserslist-db@^1.2.0
175 silly placeDep ROOT commander@14.0.2 OK for: shadcn@3.5.1 want: ^14.0.0
176 silly placeDep ROOT cosmiconfig@9.0.0 OK for: shadcn@3.5.1 want: ^9.0.0
177 silly fetch manifest env-paths@^2.2.1
178 silly fetch manifest import-fresh@^3.3.0
179 silly fetch manifest js-yaml@^4.1.0
180 silly fetch manifest parse-json@^5.2.0
181 silly placeDep ROOT dedent@1.7.0 OK for: shadcn@3.5.1 want: ^1.6.0
182 silly placeDep ROOT deepmerge@4.3.1 OK for: shadcn@3.5.1 want: ^4.3.1
183 silly placeDep ROOT diff@8.0.2 OK for: shadcn@3.5.1 want: ^8.0.2
184 silly placeDep ROOT execa@9.6.1 OK for: shadcn@3.5.1 want: ^9.6.0
185 silly fetch manifest @sindresorhus/merge-streams@^4.0.0
186 silly fetch manifest cross-spawn@^7.0.6
187 silly fetch manifest figures@^6.1.0
188 silly fetch manifest get-stream@^9.0.0
189 silly fetch manifest human-signals@^8.0.1
190 silly fetch manifest is-plain-obj@^4.1.0
191 silly fetch manifest is-stream@^4.0.1
192 silly fetch manifest npm-run-path@^6.0.0
193 silly fetch manifest pretty-ms@^9.2.0
194 silly fetch manifest signal-exit@^4.1.0
195 silly fetch manifest strip-final-newline@^4.0.0
196 silly fetch manifest yoctocolors@^2.1.1
197 silly placeDep ROOT fast-glob@3.3.3 OK for: shadcn@3.5.1 want: ^3.3.3
198 silly fetch manifest @nodelib/fs.stat@^2.0.2
199 silly fetch manifest @nodelib/fs.walk@^1.2.3
200 silly fetch manifest glob-parent@^5.1.2
201 silly fetch manifest merge2@^1.3.0
202 silly fetch manifest micromatch@^4.0.8
203 silly placeDep ROOT fs-extra@11.3.2 OK for: shadcn@3.5.1 want: ^11.3.1
204 silly fetch manifest jsonfile@^6.0.1
205 silly fetch manifest graceful-fs@^4.2.0
206 silly fetch manifest universalify@^2.0.0
207 silly placeDep ROOT fuzzysort@3.1.0 OK for: shadcn@3.5.1 want: ^3.1.0
208 silly placeDep ROOT https-proxy-agent@7.0.6 OK for: shadcn@3.5.1 want: ^7.0.6
209 silly fetch manifest debug@4
210 silly fetch manifest agent-base@^7.1.2
211 silly placeDep ROOT kleur@4.1.5 OK for: shadcn@3.5.1 want: ^4.1.5
212 silly placeDep ROOT msw@2.12.4 OK for: shadcn@3.5.1 want: ^2.10.4
213 silly fetch manifest @inquirer/confirm@^5.0.0
214 silly fetch manifest @mswjs/interceptors@^0.40.0
215 silly fetch manifest @open-draft/deferred-promise@^2.2.0
216 silly fetch manifest @types/statuses@^2.0.6
217 silly fetch manifest cookie@^1.0.2
218 silly fetch manifest graphql@^16.12.0
219 silly fetch manifest headers-polyfill@^4.0.2
220 silly fetch manifest is-node-process@^1.2.0
221 silly fetch manifest outvariant@^1.4.3
222 silly fetch manifest path-to-regexp@^6.3.0
223 silly fetch manifest picocolors@^1.1.1
224 silly fetch manifest rettime@^0.7.0
225 silly fetch manifest statuses@^2.0.2
226 silly fetch manifest strict-event-emitter@^0.5.1
227 silly fetch manifest tough-cookie@^6.0.0
228 silly fetch manifest type-fest@^5.2.0
229 silly fetch manifest until-async@^3.0.2
230 silly fetch manifest yargs@^17.7.2
231 silly placeDep ROOT node-fetch@3.3.2 OK for: shadcn@3.5.1 want: ^3.3.2
232 silly fetch manifest data-uri-to-buffer@^4.0.0
233 silly fetch manifest fetch-blob@^3.1.4
234 silly fetch manifest formdata-polyfill@^4.0.10
235 silly placeDep ROOT ora@8.2.0 OK for: shadcn@3.5.1 want: ^8.2.0
236 silly fetch manifest chalk@^5.3.0
237 silly fetch manifest cli-cursor@^5.0.0
238 silly fetch manifest strip-ansi@^7.1.0
239 silly fetch manifest log-symbols@^6.0.0
240 silly fetch manifest cli-spinners@^2.9.2
241 silly fetch manifest string-width@^7.2.0
242 silly fetch manifest is-interactive@^2.0.0
243 silly fetch manifest stdin-discarder@^0.2.2
244 silly fetch manifest is-unicode-supported@^2.0.0
245 silly placeDep ROOT postcss@8.5.6 OK for: shadcn@3.5.1 want: ^8.5.6
246 silly fetch manifest nanoid@^3.3.11
247 silly fetch manifest source-map-js@^1.2.1
248 silly placeDep ROOT prompts@2.4.2 OK for: shadcn@3.5.1 want: ^2.4.2
249 silly fetch manifest kleur@^3.0.3
250 silly fetch manifest sisteransi@^1.0.5
251 silly placeDep ROOT recast@0.23.11 OK for: shadcn@3.5.1 want: ^0.23.11
252 silly fetch manifest ast-types@^0.16.1
253 silly fetch manifest esprima@~4.0.0
254 silly fetch manifest source-map@~0.6.1
255 silly fetch manifest tiny-invariant@^1.3.3
256 silly fetch manifest tslib@^2.0.1
257 silly placeDep ROOT stringify-object@5.0.0 OK for: shadcn@3.5.1 want: ^5.0.0
258 silly fetch manifest is-obj@^3.0.0
259 silly fetch manifest is-regexp@^3.1.0
260 silly fetch manifest get-own-enumerable-keys@^1.0.0
261 silly placeDep ROOT ts-morph@26.0.0 OK for: shadcn@3.5.1 want: ^26.0.0
262 silly fetch manifest @ts-morph/common@~0.27.0
263 silly fetch manifest code-block-writer@^13.0.3
264 silly placeDep ROOT tsconfig-paths@4.2.0 OK for: shadcn@3.5.1 want: ^4.2.0
265 silly fetch manifest json5@^2.2.2
266 silly fetch manifest minimist@^1.2.6
267 silly fetch manifest strip-bom@^3.0.0
268 silly placeDep ROOT zod@3.25.76 OK for: shadcn@3.5.1 want: ^3.24.1
269 silly placeDep ROOT zod-to-json-schema@3.25.0 OK for: shadcn@3.5.1 want: ^3.24.6
270 http fetch GET 200 https://registry.npmjs.org/tinyexec 5280ms (cache miss)
271 http fetch GET 200 https://registry.npmjs.org/fzf 5994ms (cache miss)
272 http fetch GET 200 https://registry.npmjs.org/until-async 5478ms (cache miss)
273 http fetch GET 200 https://registry.npmjs.org/package-manager-detector 5997ms (cache miss)
274 http fetch GET 200 https://registry.npmjs.org/is-node-process 5805ms (cache miss)
275 http fetch GET 200 https://registry.npmjs.org/stdin-discarder 5734ms (cache miss)
276 http fetch GET 200 https://registry.npmjs.org/rettime 5800ms (cache miss)
277 http fetch GET 200 https://registry.npmjs.org/is-interactive 5741ms (cache miss)
278 http fetch GET 200 https://registry.npmjs.org/@babel%2ftraverse 6351ms (cache revalidated)
279 http fetch GET 200 https://registry.npmjs.org/@babel%2fgenerator 6377ms (cache revalidated)
280 http fetch GET 200 https://registry.npmjs.org/@babel%2fcode-frame 6388ms (cache revalidated)
281 http fetch GET 200 https://registry.npmjs.org/@babel%2fhelper-module-transforms 6384ms (cache revalidated)
282 http fetch GET 200 https://registry.npmjs.org/@babel%2ftypes 6379ms (cache revalidated)
283 http fetch GET 200 https://registry.npmjs.org/chalk 5885ms (cache revalidated)
284 http fetch GET 200 https://registry.npmjs.org/json5 6360ms (cache revalidated)
285 http fetch GET 200 https://registry.npmjs.org/json5 5781ms (cache revalidated)
286 http fetch GET 200 https://registry.npmjs.org/@babel%2ftemplate 6404ms (cache revalidated)
287 http fetch GET 200 https://registry.npmjs.org/import-fresh 6146ms (cache revalidated)
288 http fetch GET 200 https://registry.npmjs.org/graceful-fs 6029ms (cache revalidated)
289 http fetch GET 200 https://registry.npmjs.org/@babel%2fhelper-compilation-targets 6436ms (cache revalidated)
290 http fetch GET 200 https://registry.npmjs.org/@babel%2fhelper-plugin-utils 6351ms (cache miss)
291 http fetch GET 200 https://registry.npmjs.org/cli-cursor 5929ms (cache miss)
292 http fetch GET 200 https://registry.npmjs.org/is-obj 5854ms (cache miss)
293 http fetch GET 200 https://registry.npmjs.org/is-stream 6119ms (cache miss)
294 http fetch GET 200 https://registry.npmjs.org/yoctocolors 6099ms (cache miss)
295 http fetch GET 200 https://registry.npmjs.org/dotenv 6290ms (cache miss)
296 http fetch GET 200 https://registry.npmjs.org/@babel%2fhelper-annotate-as-pure 6378ms (cache miss)
297 http fetch GET 200 https://registry.npmjs.org/ansis 6486ms (cache miss)
298 http fetch GET 200 https://registry.npmjs.org/log-symbols 5943ms (cache miss)
299 http fetch GET 200 https://registry.npmjs.org/sisteransi 5903ms (cache miss)
300 http fetch GET 200 https://registry.npmjs.org/@sindresorhus%2fmerge-streams 6175ms (cache miss)
301 http fetch GET 200 https://registry.npmjs.org/is-plain-obj 6145ms (cache miss)
302 http fetch GET 200 https://registry.npmjs.org/env-paths 6208ms (cache miss)
303 http fetch GET 200 https://registry.npmjs.org/is-regexp 5880ms (cache miss)
304 http fetch GET 200 https://registry.npmjs.org/get-own-enumerable-keys 5884ms (cache miss)
305 http fetch GET 200 https://registry.npmjs.org/@babel%2fhelpers 6498ms (cache revalidated)
306 http fetch GET 200 https://registry.npmjs.org/statuses 6080ms (cache miss)
307 http fetch GET 200 https://registry.npmjs.org/is-unicode-supported 6023ms (cache miss)
308 http fetch GET 200 https://registry.npmjs.org/strip-final-newline 6223ms (cache miss)
309 http fetch GET 200 https://registry.npmjs.org/content-type 6362ms (cache miss)
310 http fetch GET 200 https://registry.npmjs.org/strip-ansi 6063ms (cache miss)
311 http fetch GET 200 https://registry.npmjs.org/outvariant 6126ms (cache miss)
312 http fetch GET 200 https://registry.npmjs.org/npm-run-path 6256ms (cache miss)
313 http fetch GET 200 https://registry.npmjs.org/jsonfile 6199ms (cache miss)
314 http fetch GET 200 https://registry.npmjs.org/eventsource-parser 6379ms (cache miss)
315 http fetch GET 200 https://registry.npmjs.org/universalify 6203ms (cache miss)
316 http fetch GET 200 https://registry.npmjs.org/data-uri-to-buffer 6191ms (cache miss)
317 http fetch GET 200 https://registry.npmjs.org/@babel%2fhelper-skip-transparent-expression-wrappers 6684ms (cache miss)
318 http fetch GET 200 https://registry.npmjs.org/pkce-challenge 6589ms (cache miss)
319 http fetch GET 200 https://registry.npmjs.org/esprima 6234ms (cache miss)
320 http fetch GET 200 https://registry.npmjs.org/figures 6508ms (cache miss)
321 http fetch GET 200 https://registry.npmjs.org/cors 6630ms (cache miss)
322 http fetch GET 200 https://registry.npmjs.org/@types%2fstatuses 6391ms (cache miss)
323 http fetch GET 200 https://registry.npmjs.org/parse-json 6580ms (cache miss)
324 http fetch GET 200 https://registry.npmjs.org/cli-spinners 6340ms (cache miss)
325 http fetch GET 200 https://registry.npmjs.org/headers-polyfill 6432ms (cache miss)
326 http fetch GET 200 https://registry.npmjs.org/glob-parent 6521ms (cache revalidated)
327 http fetch GET 200 https://registry.npmjs.org/human-signals 6577ms (cache miss)
328 http fetch GET 200 https://registry.npmjs.org/picocolors 6440ms (cache revalidated)
329 http fetch GET 200 https://registry.npmjs.org/@open-draft%2fdeferred-promise 6463ms (cache miss)
330 http fetch GET 200 https://registry.npmjs.org/semver 6864ms (cache revalidated)
331 http fetch GET 200 https://registry.npmjs.org/minimist 6299ms (cache revalidated)
332 http fetch GET 200 https://registry.npmjs.org/which 6805ms (cache revalidated)
333 http fetch GET 200 https://registry.npmjs.org/debug 6544ms (cache revalidated)
334 http fetch GET 200 https://registry.npmjs.org/ajv 6791ms (cache revalidated)
335 http fetch GET 200 https://registry.npmjs.org/micromatch 6629ms (cache revalidated)
336 http fetch GET 200 https://registry.npmjs.org/tslib 6438ms (cache revalidated)
337 http fetch GET 200 https://registry.npmjs.org/gensync 6991ms (cache revalidated)
338 http fetch GET 200 https://registry.npmjs.org/node-releases 6795ms (cache revalidated)
339 http fetch GET 200 https://registry.npmjs.org/caniuse-lite 6823ms (cache revalidated)
340 http fetch GET 200 https://registry.npmjs.org/@nodelib%2ffs.walk 6763ms (cache revalidated)
341 http fetch GET 200 https://registry.npmjs.org/fdir 6990ms (cache revalidated)
342 http fetch GET 200 https://registry.npmjs.org/@babel%2fhelper-validator-option 7039ms (cache revalidated)
343 http fetch GET 200 https://registry.npmjs.org/baseline-browser-mapping 6982ms (cache revalidated)
344 http fetch GET 200 https://registry.npmjs.org/@babel%2fplugin-syntax-jsx 7258ms (cache miss)
345 http fetch GET 200 https://registry.npmjs.org/pretty-ms 7046ms (cache miss)
346 http fetch GET 200 https://registry.npmjs.org/signal-exit 7044ms (cache miss)
347 http fetch GET 200 https://registry.npmjs.org/agent-base 6961ms (cache miss)
348 http fetch GET 200 https://registry.npmjs.org/get-stream 7074ms (cache miss)
349 http fetch GET 200 https://registry.npmjs.org/cookie 6945ms (cache miss)
350 http fetch GET 200 https://registry.npmjs.org/@babel%2fplugin-transform-modules-commonjs 7273ms (cache miss)
351 http fetch GET 200 https://registry.npmjs.org/js-yaml 7132ms (cache revalidated)
352 http fetch GET 200 https://registry.npmjs.org/strip-bom 6777ms (cache revalidated)
353 http fetch GET 200 https://registry.npmjs.org/merge2 7037ms (cache revalidated)
354 http fetch GET 200 https://registry.npmjs.org/electron-to-chromium 7195ms (cache revalidated)
355 http fetch GET 200 https://registry.npmjs.org/string-width 6980ms (cache miss)
356 http fetch GET 200 https://registry.npmjs.org/picomatch 7334ms (cache revalidated)
357 http fetch GET 200 https://registry.npmjs.org/cross-spawn 7221ms (cache revalidated)
358 http fetch GET 200 https://registry.npmjs.org/cross-spawn 7314ms (cache revalidated)
359 http fetch GET 200 https://registry.npmjs.org/ignore 7357ms (cache revalidated)
360 http fetch GET 200 https://registry.npmjs.org/debug 7514ms (cache revalidated)
361 http fetch GET 200 https://registry.npmjs.org/@jridgewell%2fremapping 7527ms (cache revalidated)
362 http fetch GET 200 https://registry.npmjs.org/source-map-js 6991ms (cache revalidated)
363 http fetch GET 200 https://registry.npmjs.org/convert-source-map 7543ms (cache revalidated)
364 http fetch GET 200 https://registry.npmjs.org/update-browserslist-db 7319ms (cache revalidated)
365 http fetch GET 200 https://registry.npmjs.org/eventsource 7366ms (cache miss)
366 http fetch GET 200 https://registry.npmjs.org/strict-event-emitter 7099ms (cache miss)
367 http fetch GET 200 https://registry.npmjs.org/tough-cookie 7105ms (cache miss)
368 http fetch GET 200 https://registry.npmjs.org/@nodelib%2ffs.stat 7243ms (cache revalidated)
369 http fetch GET 200 https://registry.npmjs.org/fetch-blob 7159ms (cache miss)
370 http fetch GET 200 https://registry.npmjs.org/raw-body 7470ms (cache miss)
371 http fetch GET 200 https://registry.npmjs.org/source-map 7099ms (cache miss)
372 http fetch GET 200 https://registry.npmjs.org/tiny-invariant 7104ms (cache miss)
373 http fetch GET 200 https://registry.npmjs.org/nanoid 7153ms (cache revalidated)
374 http fetch GET 200 https://registry.npmjs.org/formdata-polyfill 7227ms (cache miss)
375 http fetch GET 200 https://registry.npmjs.org/@babel%2fplugin-syntax-typescript 7677ms (cache miss)
376 http fetch GET 200 https://registry.npmjs.org/path-to-regexp 7318ms (cache miss)
377 http fetch GET 200 https://registry.npmjs.org/eciesjs 7635ms (cache miss)
378 http fetch GET 200 https://registry.npmjs.org/ajv-formats 7699ms (cache miss)
379 http fetch GET 200 https://registry.npmjs.org/@ts-morph%2fcommon 7310ms (cache miss)
380 http fetch GET 200 https://registry.npmjs.org/code-block-writer 7358ms (cache miss)
381 http fetch GET 200 https://registry.npmjs.org/@inquirer%2fconfirm 7588ms (cache miss)
382 http fetch GET 200 https://registry.npmjs.org/object-treeify 7866ms (cache miss)
383 http fetch GET 200 https://registry.npmjs.org/@babel%2fhelper-create-class-features-plugin 8014ms (cache miss)
384 http fetch GET 200 https://registry.npmjs.org/ast-types 7537ms (cache miss)
385 http fetch GET 200 https://registry.npmjs.org/express-rate-limit 7949ms (cache miss)
386 http fetch GET 200 https://registry.npmjs.org/express 8001ms (cache miss)
387 http fetch GET 200 https://registry.npmjs.org/type-fest 7756ms (cache miss)
388 http fetch GET 200 https://registry.npmjs.org/yargs 7765ms (cache miss)
389 http fetch GET 200 https://registry.npmjs.org/jose 8130ms (cache miss)
390 http fetch GET 200 https://registry.npmjs.org/@mswjs%2finterceptors 7906ms (cache miss)
391 http fetch GET 200 https://registry.npmjs.org/graphql 7909ms (cache miss)
392 timing idealTree:node_modules/shadcn Completed in 9516ms
393 silly placeDep ROOT ansis@4.2.0 OK for: @antfu/ni@25.0.0 want: ^4.0.0
394 silly placeDep ROOT fzf@0.5.2 OK for: @antfu/ni@25.0.0 want: ^0.5.2
395 silly placeDep ROOT package-manager-detector@1.6.0 OK for: @antfu/ni@25.0.0 want: ^1.3.0
396 silly placeDep ROOT tinyexec@1.0.2 OK for: @antfu/ni@25.0.0 want: ^1.0.1
397 timing idealTree:node_modules/@antfu/ni Completed in 21ms
398 silly fetch manifest @babel/core@^7.0.0
399 silly placeDep ROOT @babel/code-frame@7.27.1 OK for: @babel/core@7.28.5 want: ^7.27.1
400 silly fetch manifest js-tokens@^4.0.0
401 silly fetch manifest @babel/helper-validator-identifier@^7.27.1
402 silly placeDep ROOT @babel/generator@7.28.5 OK for: @babel/core@7.28.5 want: ^7.28.5
403 silly fetch manifest @jridgewell/gen-mapping@^0.3.12
404 silly fetch manifest @jridgewell/trace-mapping@^0.3.28
405 silly fetch manifest jsesc@^3.0.2
406 silly placeDep ROOT @babel/helper-compilation-targets@7.27.2 OK for: @babel/core@7.28.5 want: ^7.27.2
407 silly fetch manifest lru-cache@^5.1.1
408 silly fetch manifest @babel/compat-data@^7.27.2
409 silly placeDep ROOT @babel/helper-module-transforms@7.28.3 OK for: @babel/core@7.28.5 want: ^7.28.3
410 silly fetch manifest @babel/traverse@^7.28.3
411 silly fetch manifest @babel/helper-module-imports@^7.27.1
412 silly placeDep ROOT @babel/helpers@7.28.4 OK for: @babel/core@7.28.5 want: ^7.28.4
413 silly fetch manifest @babel/types@^7.28.4
414 silly placeDep ROOT @babel/template@7.27.2 OK for: @babel/core@7.28.5 want: ^7.27.2
415 silly fetch manifest @babel/types@^7.27.1
416 silly placeDep ROOT @babel/traverse@7.28.5 OK for: @babel/core@7.28.5 want: ^7.28.5
417 silly fetch manifest @babel/helper-globals@^7.28.0
418 silly fetch manifest debug@^4.3.1
419 silly placeDep ROOT @babel/types@7.28.5 OK for: @babel/core@7.28.5 want: ^7.28.5
420 silly fetch manifest @babel/helper-string-parser@^7.27.1
421 silly fetch manifest @babel/helper-validator-identifier@^7.28.5
422 silly placeDep ROOT @jridgewell/remapping@2.3.5 OK for: @babel/core@7.28.5 want: ^2.3.5
423 silly fetch manifest @jridgewell/gen-mapping@^0.3.5
424 silly fetch manifest @jridgewell/trace-mapping@^0.3.24
425 silly placeDep ROOT convert-source-map@2.0.0 OK for: @babel/core@7.28.5 want: ^2.0.0
426 silly placeDep ROOT debug@4.4.3 OK for: @babel/core@7.28.5 want: ^4.1.0
427 silly fetch manifest ms@^2.1.3
428 silly placeDep ROOT gensync@1.0.0-beta.2 OK for: @babel/core@7.28.5 want: ^1.0.0-beta.2
429 silly placeDep ROOT json5@2.2.3 OK for: @babel/core@7.28.5 want: ^2.2.3
430 silly placeDep ROOT semver@6.3.1 OK for: @babel/core@7.28.5 want: ^6.3.1
431 http fetch GET 200 https://registry.npmjs.org/js-tokens 460ms (cache revalidated)
432 http fetch GET 200 https://registry.npmjs.org/ms 321ms (cache revalidated)
433 http fetch GET 200 https://registry.npmjs.org/@jridgewell%2ftrace-mapping 458ms (cache revalidated)
434 http fetch GET 200 https://registry.npmjs.org/@jridgewell%2fgen-mapping 352ms (cache revalidated)
435 http fetch GET 200 https://registry.npmjs.org/@jridgewell%2ftrace-mapping 359ms (cache revalidated)
436 http fetch GET 200 https://registry.npmjs.org/@jridgewell%2fgen-mapping 490ms (cache revalidated)
437 http fetch GET 200 https://registry.npmjs.org/@babel%2fhelper-validator-identifier 396ms (cache revalidated)
438 http fetch GET 200 https://registry.npmjs.org/jsesc 490ms (cache revalidated)
439 http fetch GET 200 https://registry.npmjs.org/@babel%2fcompat-data 485ms (cache revalidated)
440 http fetch GET 200 https://registry.npmjs.org/@babel%2fhelper-validator-identifier 523ms (cache revalidated)
441 http fetch GET 200 https://registry.npmjs.org/@babel%2fhelper-module-imports 478ms (cache revalidated)
442 http fetch GET 200 https://registry.npmjs.org/@babel%2fhelper-globals 462ms (cache revalidated)
443 http fetch GET 200 https://registry.npmjs.org/lru-cache 526ms (cache revalidated)
444 http fetch GET 200 https://registry.npmjs.org/@babel%2fhelper-string-parser 481ms (cache revalidated)
445 timing idealTree:node_modules/@babel/core Completed in 626ms
446 silly placeDep ROOT @babel/helper-validator-identifier@7.28.5 OK for: @babel/code-frame@7.27.1 want: ^7.27.1
447 silly placeDep ROOT js-tokens@4.0.0 OK for: @babel/code-frame@7.27.1 want: ^4.0.0
448 silly placeDep ROOT picocolors@1.1.1 OK for: @babel/code-frame@7.27.1 want: ^1.1.1
449 timing idealTree:node_modules/@babel/code-frame Completed in 24ms
450 silly placeDep ROOT @jridgewell/gen-mapping@0.3.13 OK for: @babel/generator@7.28.5 want: ^0.3.12
451 silly fetch manifest @jridgewell/sourcemap-codec@^1.5.0
452 silly placeDep ROOT @jridgewell/trace-mapping@0.3.31 OK for: @babel/generator@7.28.5 want: ^0.3.28
453 silly fetch manifest @jridgewell/resolve-uri@^3.1.0
454 silly fetch manifest @jridgewell/sourcemap-codec@^1.4.14
455 silly placeDep ROOT jsesc@3.1.0 OK for: @babel/generator@7.28.5 want: ^3.0.2
456 http fetch GET 200 https://registry.npmjs.org/@jridgewell%2fsourcemap-codec 286ms (cache revalidated)
457 http fetch GET 200 https://registry.npmjs.org/@jridgewell%2fsourcemap-codec 301ms (cache revalidated)
458 http fetch GET 200 https://registry.npmjs.org/@jridgewell%2fresolve-uri 348ms (cache revalidated)
459 timing idealTree:node_modules/@babel/generator Completed in 391ms
460 silly placeDep ROOT @babel/compat-data@7.28.5 OK for: @babel/helper-compilation-targets@7.27.2 want: ^7.27.2
461 silly placeDep ROOT @babel/helper-validator-option@7.27.1 OK for: @babel/helper-compilation-targets@7.27.2 want: ^7.27.1
462 silly placeDep ROOT lru-cache@5.1.1 OK for: @babel/helper-compilation-targets@7.27.2 want: ^5.1.1
463 silly fetch manifest yallist@^3.0.2
464 http fetch GET 200 https://registry.npmjs.org/yallist 104ms (cache revalidated)
465 timing idealTree:node_modules/@babel/helper-compilation-targets Completed in 134ms
466 timing idealTree:node_modules/@babel/compat-data Completed in 0ms
467 silly placeDep ROOT @babel/helper-module-imports@7.27.1 OK for: @babel/helper-module-transforms@7.28.3 want: ^7.27.1
468 timing idealTree:node_modules/@babel/helper-module-transforms Completed in 10ms
469 timing idealTree:node_modules/@babel/helper-module-imports Completed in 0ms
470 timing idealTree:node_modules/@babel/helper-validator-identifier Completed in 0ms
471 timing idealTree:node_modules/@babel/helper-validator-option Completed in 0ms
472 timing idealTree:node_modules/@babel/helpers Completed in 0ms
473 timing idealTree:node_modules/@babel/parser Completed in 0ms
474 silly fetch manifest @babel/core@^7.0.0-0
475 silly placeDep ROOT @babel/helper-annotate-as-pure@7.27.3 OK for: @babel/plugin-transform-typescript@7.28.5 want: ^7.27.3
476 silly placeDep ROOT @babel/helper-create-class-features-plugin@7.28.5 OK for: @babel/plugin-transform-typescript@7.28.5 want: ^7.28.5
477 silly fetch manifest @babel/helper-member-expression-to-functions@^7.28.5
478 silly fetch manifest @babel/helper-optimise-call-expression@^7.27.1
479 silly fetch manifest @babel/helper-replace-supers@^7.27.1
480 silly placeDep ROOT @babel/helper-plugin-utils@7.27.1 OK for: @babel/plugin-transform-typescript@7.28.5 want: ^7.27.1
481 silly placeDep ROOT @babel/helper-skip-transparent-expression-wrappers@7.27.1 OK for: @babel/plugin-transform-typescript@7.28.5 want: ^7.27.1
482 silly placeDep ROOT @babel/plugin-syntax-typescript@7.27.1 OK for: @babel/plugin-transform-typescript@7.28.5 want: ^7.27.1
483 http fetch GET 200 https://registry.npmjs.org/@babel%2fhelper-optimise-call-expression 456ms (cache miss)
484 http fetch GET 200 https://registry.npmjs.org/@babel%2fhelper-member-expression-to-functions 473ms (cache miss)
485 http fetch GET 200 https://registry.npmjs.org/@babel%2fhelper-replace-supers 533ms (cache miss)
486 timing idealTree:node_modules/@babel/plugin-transform-typescript Completed in 579ms
487 timing idealTree:node_modules/@babel/helper-annotate-as-pure Completed in 0ms
488 silly placeDep ROOT @babel/helper-member-expression-to-functions@7.28.5 OK for: @babel/helper-create-class-features-plugin@7.28.5 want: ^7.28.5
489 silly placeDep ROOT @babel/helper-optimise-call-expression@7.27.1 OK for: @babel/helper-create-class-features-plugin@7.28.5 want: ^7.27.1
490 silly placeDep ROOT @babel/helper-replace-supers@7.27.1 OK for: @babel/helper-create-class-features-plugin@7.28.5 want: ^7.27.1
491 timing idealTree:node_modules/@babel/helper-create-class-features-plugin Completed in 50ms
492 timing idealTree:node_modules/@babel/helper-member-expression-to-functions Completed in 0ms
493 timing idealTree:node_modules/@babel/helper-optimise-call-expression Completed in 0ms
494 timing idealTree:node_modules/@babel/helper-plugin-utils Completed in 2ms
495 timing idealTree:node_modules/@babel/helper-replace-supers Completed in 0ms
496 timing idealTree:node_modules/@babel/helper-skip-transparent-expression-wrappers Completed in 0ms
497 timing idealTree:node_modules/@babel/plugin-syntax-typescript Completed in 0ms
498 silly placeDep ROOT @babel/plugin-syntax-jsx@7.27.1 OK for: @babel/preset-typescript@7.28.5 want: ^7.27.1
499 silly placeDep ROOT @babel/plugin-transform-modules-commonjs@7.27.1 OK for: @babel/preset-typescript@7.28.5 want: ^7.27.1
500 timing idealTree:node_modules/@babel/preset-typescript Completed in 55ms
501 timing idealTree:node_modules/@babel/plugin-syntax-jsx Completed in 0ms
502 timing idealTree:node_modules/@babel/plugin-transform-modules-commonjs Completed in 0ms
503 timing idealTree:node_modules/@babel/template Completed in 1ms
504 silly placeDep ROOT @babel/helper-globals@7.28.0 OK for: @babel/traverse@7.28.5 want: ^7.28.0
505 timing idealTree:node_modules/@babel/traverse Completed in 12ms
506 timing idealTree:node_modules/@babel/helper-globals Completed in 0ms
507 silly placeDep ROOT @babel/helper-string-parser@7.27.1 OK for: @babel/types@7.28.5 want: ^7.27.1
508 timing idealTree:node_modules/@babel/types Completed in 12ms
509 timing idealTree:node_modules/@babel/helper-string-parser Completed in 0ms
510 silly placeDep node_modules/@dotenvx/dotenvx commander@11.1.0 OK for: @dotenvx/dotenvx@1.51.1 want: ^11.1.0
511 silly placeDep ROOT dotenv@17.2.3 OK for: @dotenvx/dotenvx@1.51.1 want: ^17.2.1
512 silly placeDep ROOT eciesjs@0.4.16 OK for: @dotenvx/dotenvx@1.51.1 want: ^0.4.10
513 silly fetch manifest @ecies/ciphers@^0.2.4
514 silly fetch manifest @noble/ciphers@^1.3.0
515 silly fetch manifest @noble/curves@^1.9.7
516 silly fetch manifest @noble/hashes@^1.8.0
517 silly placeDep node_modules/@dotenvx/dotenvx execa@5.1.1 OK for: @dotenvx/dotenvx@1.51.1 want: ^5.1.1
518 silly fetch manifest onetime@^5.1.2
519 silly fetch manifest is-stream@^2.0.0
520 silly fetch manifest get-stream@^6.0.0
521 silly fetch manifest cross-spawn@^7.0.3
522 silly fetch manifest signal-exit@^3.0.3
523 silly fetch manifest merge-stream@^2.0.0
524 silly fetch manifest npm-run-path@^4.0.1
525 silly fetch manifest human-signals@^2.1.0
526 silly fetch manifest strip-final-newline@^2.0.0
527 silly placeDep ROOT fdir@6.5.0 OK for: @dotenvx/dotenvx@1.51.1 want: ^6.2.0
528 silly placeDep ROOT ignore@5.3.2 OK for: @dotenvx/dotenvx@1.51.1 want: ^5.3.0
529 silly placeDep ROOT object-treeify@1.1.33 OK for: @dotenvx/dotenvx@1.51.1 want: 1.1.33
530 silly placeDep ROOT picomatch@4.0.3 OK for: @dotenvx/dotenvx@1.51.1 want: ^4.0.2
531 silly placeDep ROOT which@4.0.0 OK for: @dotenvx/dotenvx@1.51.1 want: ^4.0.0
532 silly fetch manifest isexe@^3.1.1
533 http fetch GET 200 https://registry.npmjs.org/merge-stream 289ms (cache miss)
534 http fetch GET 200 https://registry.npmjs.org/isexe 252ms (cache revalidated)
535 http fetch GET 200 https://registry.npmjs.org/onetime 330ms (cache miss)
536 http fetch GET 200 https://registry.npmjs.org/@noble%2fcurves 545ms (cache miss)
537 http fetch GET 200 https://registry.npmjs.org/@ecies%2fciphers 903ms (cache miss)
538 http fetch GET 200 https://registry.npmjs.org/@noble%2fhashes 903ms (cache miss)
539 http fetch GET 200 https://registry.npmjs.org/@noble%2fciphers 1445ms (cache miss)
540 timing idealTree:node_modules/@dotenvx/dotenvx Completed in 1512ms
541 silly placeDep ROOT @jridgewell/sourcemap-codec@1.5.5 OK for: @jridgewell/gen-mapping@0.3.13 want: ^1.5.0
542 timing idealTree:node_modules/@jridgewell/gen-mapping Completed in 19ms
543 timing idealTree:node_modules/@jridgewell/remapping Completed in 0ms
544 timing idealTree:node_modules/@jridgewell/sourcemap-codec Completed in 0ms
545 silly placeDep ROOT @jridgewell/resolve-uri@3.1.2 OK for: @jridgewell/trace-mapping@0.3.31 want: ^3.1.0
546 timing idealTree:node_modules/@jridgewell/trace-mapping Completed in 12ms
547 timing idealTree:node_modules/@jridgewell/resolve-uri Completed in 0ms
548 silly placeDep ROOT ajv@8.17.1 OK for: @modelcontextprotocol/sdk@1.24.3 want: ^8.17.1
549 silly fetch manifest fast-uri@^3.0.1
550 silly fetch manifest fast-deep-equal@^3.1.3
551 silly fetch manifest require-from-string@^2.0.2
552 silly fetch manifest json-schema-traverse@^1.0.0
553 silly placeDep ROOT ajv-formats@3.0.1 OK for: @modelcontextprotocol/sdk@1.24.3 want: ^3.0.1
554 silly placeDep ROOT content-type@1.0.5 OK for: @modelcontextprotocol/sdk@1.24.3 want: ^1.0.5
555 silly placeDep ROOT cors@2.8.5 OK for: @modelcontextprotocol/sdk@1.24.3 want: ^2.8.5
556 silly fetch manifest vary@^1
557 silly fetch manifest object-assign@^4
558 silly placeDep ROOT cross-spawn@7.0.6 OK for: @modelcontextprotocol/sdk@1.24.3 want: ^7.0.5
559 silly fetch manifest which@^2.0.1
560 silly fetch manifest path-key@^3.1.0
561 silly fetch manifest shebang-command@^2.0.0
562 silly placeDep ROOT eventsource@3.0.7 OK for: @modelcontextprotocol/sdk@1.24.3 want: ^3.0.2
563 silly fetch manifest eventsource-parser@^3.0.1
564 silly placeDep ROOT eventsource-parser@3.0.6 OK for: @modelcontextprotocol/sdk@1.24.3 want: ^3.0.0
565 silly placeDep ROOT express@5.2.1 OK for: @modelcontextprotocol/sdk@1.24.3 want: ^5.0.1
566 silly fetch manifest qs@^6.14.0
567 silly fetch manifest depd@^2.0.0
568 silly fetch manifest etag@^1.8.1
569 silly fetch manifest once@^1.4.0
570 silly fetch manifest send@^1.1.0
571 silly fetch manifest vary@^1.1.2
572 silly fetch manifest fresh@^2.0.0
573 silly fetch manifest cookie@^0.7.1
574 silly fetch manifest router@^2.2.0
575 silly fetch manifest accepts@^2.0.0
576 silly fetch manifest type-is@^2.0.1
577 silly fetch manifest parseurl@^1.3.3
578 silly fetch manifest statuses@^2.0.1
579 silly fetch manifest encodeurl@^2.0.0
580 silly fetch manifest mime-types@^3.0.0
581 silly fetch manifest proxy-addr@^2.0.7
582 silly fetch manifest body-parser@^2.2.1
583 silly fetch manifest escape-html@^1.0.3
584 silly fetch manifest http-errors@^2.0.0
585 silly fetch manifest on-finished@^2.4.1
586 silly fetch manifest finalhandler@^2.1.0
587 silly fetch manifest range-parser@^1.2.1
588 silly fetch manifest serve-static@^2.2.0
589 silly fetch manifest cookie-signature@^1.2.1
590 silly fetch manifest merge-descriptors@^2.0.0
591 silly fetch manifest content-disposition@^1.0.0
592 silly placeDep ROOT express-rate-limit@7.5.1 OK for: @modelcontextprotocol/sdk@1.24.3 want: ^7.5.0
593 silly placeDep ROOT jose@6.1.3 OK for: @modelcontextprotocol/sdk@1.24.3 want: ^6.1.1
594 silly placeDep ROOT pkce-challenge@5.0.1 OK for: @modelcontextprotocol/sdk@1.24.3 want: ^5.0.0
595 silly placeDep ROOT raw-body@3.0.2 OK for: @modelcontextprotocol/sdk@1.24.3 want: ^3.0.0
596 silly fetch manifest bytes@~3.1.2
597 silly fetch manifest unpipe@~1.0.0
598 silly fetch manifest iconv-lite@~0.7.0
599 silly fetch manifest http-errors@~2.0.1
600 http fetch GET 200 https://registry.npmjs.org/require-from-string 1026ms (cache miss)
601 http fetch GET 200 https://registry.npmjs.org/once 958ms (cache miss)
602 http fetch GET 200 https://registry.npmjs.org/vary 1023ms (cache miss)
603 http fetch GET 200 https://registry.npmjs.org/depd 980ms (cache miss)
604 http fetch GET 200 https://registry.npmjs.org/etag 979ms (cache miss)
605 http fetch GET 200 https://registry.npmjs.org/fresh 970ms (cache miss)
606 http fetch GET 200 https://registry.npmjs.org/parseurl 961ms (cache miss)
607 http fetch GET 200 https://registry.npmjs.org/encodeurl 963ms (cache miss)
608 http fetch GET 200 https://registry.npmjs.org/mime-types 972ms (cache hit)
609 http fetch GET 200 https://registry.npmjs.org/on-finished 1031ms (cache miss)
610 http fetch GET 200 https://registry.npmjs.org/escape-html 1095ms (cache miss)
611 http fetch GET 200 https://registry.npmjs.org/accepts 1116ms (cache miss)
612 http fetch GET 200 https://registry.npmjs.org/type-is 1117ms (cache miss)
613 http fetch GET 200 https://registry.npmjs.org/range-parser 1087ms (cache miss)
614 http fetch GET 200 https://registry.npmjs.org/merge-descriptors 1082ms (cache miss)
615 http fetch GET 200 https://registry.npmjs.org/unpipe 1063ms (cache miss)
616 http fetch GET 200 https://registry.npmjs.org/content-disposition 1084ms (cache miss)
617 http fetch GET 200 https://registry.npmjs.org/vary 1150ms (cache miss)
618 http fetch GET 200 https://registry.npmjs.org/cookie-signature 1116ms (cache miss)
619 http fetch GET 200 https://registry.npmjs.org/fast-uri 1261ms (cache miss)
620 http fetch GET 200 https://registry.npmjs.org/router 1182ms (cache miss)
621 http fetch GET 200 https://registry.npmjs.org/finalhandler 1161ms (cache miss)
622 http fetch GET 200 https://registry.npmjs.org/send 1205ms (cache miss)
623 http fetch GET 200 https://registry.npmjs.org/serve-static 1210ms (cache miss)
624 http fetch GET 200 https://registry.npmjs.org/iconv-lite 1192ms (cache miss)
625 http fetch GET 200 https://registry.npmjs.org/bytes 1201ms (cache miss)
626 http fetch GET 200 https://registry.npmjs.org/proxy-addr 1253ms (cache miss)
627 http fetch GET 200 https://registry.npmjs.org/http-errors 1251ms (cache miss)
628 http fetch GET 200 https://registry.npmjs.org/http-errors 1212ms (cache miss)
629 http fetch GET 200 https://registry.npmjs.org/path-key 1346ms (cache revalidated)
630 http fetch GET 200 https://registry.npmjs.org/fast-deep-equal 1385ms (cache revalidated)
631 http fetch GET 200 https://registry.npmjs.org/object-assign 1377ms (cache revalidated)
632 http fetch GET 200 https://registry.npmjs.org/shebang-command 1371ms (cache revalidated)
633 http fetch GET 200 https://registry.npmjs.org/json-schema-traverse 1422ms (cache revalidated)
634 http fetch GET 200 https://registry.npmjs.org/body-parser 1343ms (cache miss)
635 http fetch GET 200 https://registry.npmjs.org/qs 1452ms (cache miss)
636 timing idealTree:node_modules/@modelcontextprotocol/sdk Completed in 1566ms
637 silly placeDep ROOT fast-deep-equal@3.1.3 OK for: ajv@8.17.1 want: ^3.1.3
638 silly placeDep ROOT fast-uri@3.1.0 OK for: ajv@8.17.1 want: ^3.0.1
639 silly placeDep ROOT json-schema-traverse@1.0.0 OK for: ajv@8.17.1 want: ^1.0.0
640 silly placeDep ROOT require-from-string@2.0.2 OK for: ajv@8.17.1 want: ^2.0.2
641 timing idealTree:node_modules/ajv Completed in 31ms
642 timing idealTree:node_modules/ajv-formats Completed in 0ms
643 timing idealTree:node_modules/ansis Completed in 0ms
644 silly fetch manifest browserslist@>= 4.21.0
645 silly placeDep ROOT baseline-browser-mapping@2.9.3 OK for: browserslist@4.28.1 want: ^2.9.0
646 silly placeDep ROOT caniuse-lite@1.0.30001759 OK for: browserslist@4.28.1 want: ^1.0.30001759
647 silly placeDep ROOT electron-to-chromium@1.5.266 OK for: browserslist@4.28.1 want: ^1.5.263
648 silly placeDep ROOT node-releases@2.0.27 OK for: browserslist@4.28.1 want: ^2.0.27
649 silly placeDep ROOT update-browserslist-db@1.2.2 OK for: browserslist@4.28.1 want: ^1.2.0
650 silly fetch manifest escalade@^3.2.0
651 http fetch GET 200 https://registry.npmjs.org/escalade 129ms (cache revalidated)
652 timing idealTree:node_modules/browserslist Completed in 175ms
653 timing idealTree:node_modules/baseline-browser-mapping Completed in 0ms
654 timing idealTree:node_modules/caniuse-lite Completed in 0ms
655 timing idealTree:node_modules/commander Completed in 0ms
656 timing idealTree:node_modules/content-type Completed in 0ms
657 timing idealTree:node_modules/convert-source-map Completed in 0ms
658 silly placeDep ROOT object-assign@4.1.1 OK for: cors@2.8.5 want: ^4
659 silly placeDep ROOT vary@1.1.2 OK for: cors@2.8.5 want: ^1
660 timing idealTree:node_modules/cors Completed in 19ms
661 silly placeDep ROOT env-paths@2.2.1 OK for: cosmiconfig@9.0.0 want: ^2.2.1
662 silly placeDep ROOT import-fresh@3.3.1 OK for: cosmiconfig@9.0.0 want: ^3.3.0
663 silly fetch manifest parent-module@^1.0.0
664 silly fetch manifest resolve-from@^4.0.0
665 silly placeDep ROOT js-yaml@4.1.1 OK for: cosmiconfig@9.0.0 want: ^4.1.0
666 silly fetch manifest argparse@^2.0.1
667 silly placeDep ROOT parse-json@5.2.0 OK for: cosmiconfig@9.0.0 want: ^5.2.0
668 silly fetch manifest error-ex@^1.3.1
669 silly fetch manifest lines-and-columns@^1.1.6
670 silly fetch manifest json-parse-even-better-errors@^2.3.0
671 http fetch GET 200 https://registry.npmjs.org/argparse 372ms (cache revalidated)
672 http fetch GET 200 https://registry.npmjs.org/resolve-from 384ms (cache revalidated)
673 http fetch GET 200 https://registry.npmjs.org/parent-module 405ms (cache revalidated)
674 http fetch GET 200 https://registry.npmjs.org/json-parse-even-better-errors 411ms (cache miss)
675 http fetch GET 200 https://registry.npmjs.org/lines-and-columns 424ms (cache miss)
676 http fetch GET 200 https://registry.npmjs.org/error-ex 446ms (cache miss)
677 timing idealTree:node_modules/cosmiconfig Completed in 487ms
678 silly placeDep ROOT path-key@3.1.1 OK for: cross-spawn@7.0.6 want: ^3.1.0
679 silly placeDep ROOT shebang-command@2.0.0 OK for: cross-spawn@7.0.6 want: ^2.0.0
680 silly fetch manifest shebang-regex@^3.0.0
681 silly placeDep node_modules/cross-spawn which@2.0.2 OK for: cross-spawn@7.0.6 want: ^2.0.1
682 silly fetch manifest isexe@^2.0.0
683 http fetch GET 200 https://registry.npmjs.org/shebang-regex 127ms (cache revalidated)
684 timing idealTree:node_modules/cross-spawn Completed in 186ms
685 silly placeDep ROOT ms@2.1.3 OK for: debug@4.4.3 want: ^2.1.3
686 timing idealTree:node_modules/debug Completed in 15ms
687 timing idealTree:node_modules/dedent Completed in 1ms
688 timing idealTree:node_modules/deepmerge Completed in 0ms
689 timing idealTree:node_modules/diff Completed in 0ms
690 timing idealTree:node_modules/dotenv Completed in 0ms
691 silly placeDep ROOT @ecies/ciphers@0.2.5 OK for: eciesjs@0.4.16 want: ^0.2.4
692 silly placeDep ROOT @noble/ciphers@1.3.0 OK for: @ecies/ciphers@0.2.5 want: ^1.0.0
693 silly placeDep ROOT @noble/curves@1.9.7 OK for: eciesjs@0.4.16 want: ^1.9.7
694 silly fetch manifest @noble/hashes@1.8.0
695 silly placeDep ROOT @noble/hashes@1.8.0 OK for: eciesjs@0.4.16 want: ^1.8.0
696 timing idealTree:node_modules/eciesjs Completed in 43ms
697 timing idealTree:node_modules/@ecies/ciphers Completed in 1ms
698 timing idealTree:node_modules/@noble/ciphers Completed in 0ms
699 timing idealTree:node_modules/@noble/curves Completed in 0ms
700 timing idealTree:node_modules/@noble/hashes Completed in 0ms
701 timing idealTree:node_modules/electron-to-chromium Completed in 0ms
702 timing idealTree:node_modules/env-paths Completed in 0ms
703 timing idealTree:node_modules/eventsource Completed in 0ms
704 timing idealTree:node_modules/eventsource-parser Completed in 0ms
705 silly placeDep ROOT @sindresorhus/merge-streams@4.0.0 OK for: execa@9.6.1 want: ^4.0.0
706 silly placeDep ROOT figures@6.1.0 OK for: execa@9.6.1 want: ^6.1.0
707 silly placeDep ROOT get-stream@9.0.1 OK for: execa@9.6.1 want: ^9.0.0
708 silly fetch manifest @sec-ant/readable-stream@^0.4.1
709 silly placeDep ROOT human-signals@8.0.1 OK for: execa@9.6.1 want: ^8.0.1
710 silly placeDep ROOT is-plain-obj@4.1.0 OK for: execa@9.6.1 want: ^4.1.0
711 silly placeDep ROOT is-stream@4.0.1 OK for: execa@9.6.1 want: ^4.0.1
712 silly placeDep ROOT npm-run-path@6.0.0 OK for: execa@9.6.1 want: ^6.0.0
713 silly fetch manifest path-key@^4.0.0
714 silly fetch manifest unicorn-magic@^0.3.0
715 silly placeDep ROOT pretty-ms@9.3.0 OK for: execa@9.6.1 want: ^9.2.0
716 silly fetch manifest parse-ms@^4.0.0
717 silly placeDep ROOT signal-exit@4.1.0 OK for: execa@9.6.1 want: ^4.1.0
718 silly placeDep ROOT strip-final-newline@4.0.0 OK for: execa@9.6.1 want: ^4.0.0
719 silly placeDep ROOT yoctocolors@2.1.2 OK for: execa@9.6.1 want: ^2.1.1
720 http fetch GET 200 https://registry.npmjs.org/unicorn-magic 125ms (cache miss)
721 http fetch GET 200 https://registry.npmjs.org/parse-ms 157ms (cache miss)
722 http fetch GET 200 https://registry.npmjs.org/@sec-ant%2freadable-stream 421ms (cache miss)
723 timing idealTree:node_modules/execa Completed in 456ms
724 timing idealTree:node_modules/@sindresorhus/merge-streams Completed in 0ms
725 silly placeDep ROOT accepts@2.0.0 OK for: express@5.2.1 want: ^2.0.0
726 silly fetch manifest negotiator@^1.0.0
727 silly placeDep ROOT body-parser@2.2.1 OK for: express@5.2.1 want: ^2.2.1
728 silly fetch manifest bytes@^3.1.2
729 silly fetch manifest iconv-lite@^0.7.0
730 silly placeDep ROOT content-disposition@1.0.1 OK for: express@5.2.1 want: ^1.0.0
731 silly placeDep ROOT cookie@0.7.2 OK for: express@5.2.1 want: ^0.7.1
732 silly placeDep ROOT cookie-signature@1.2.2 OK for: express@5.2.1 want: ^1.2.1
733 silly placeDep ROOT depd@2.0.0 OK for: express@5.2.1 want: ^2.0.0
734 silly placeDep ROOT encodeurl@2.0.0 OK for: express@5.2.1 want: ^2.0.0
735 silly placeDep ROOT escape-html@1.0.3 OK for: express@5.2.1 want: ^1.0.3
736 silly placeDep ROOT etag@1.8.1 OK for: express@5.2.1 want: ^1.8.1
737 silly placeDep ROOT finalhandler@2.1.1 OK for: express@5.2.1 want: ^2.1.0
738 silly placeDep ROOT fresh@2.0.0 OK for: express@5.2.1 want: ^2.0.0
739 silly placeDep ROOT http-errors@2.0.1 OK for: express@5.2.1 want: ^2.0.0
740 silly fetch manifest inherits@~2.0.4
741 silly fetch manifest setprototypeof@~1.2.0
742 silly fetch manifest statuses@~2.0.2
743 silly fetch manifest toidentifier@~1.0.1
744 silly placeDep ROOT merge-descriptors@2.0.0 OK for: express@5.2.1 want: ^2.0.0
745 silly placeDep ROOT mime-types@3.0.2 OK for: express@5.2.1 want: ^3.0.0
746 silly fetch manifest mime-db@^1.54.0
747 silly placeDep ROOT on-finished@2.4.1 OK for: express@5.2.1 want: ^2.4.1
748 silly fetch manifest ee-first@1.1.1
749 silly placeDep ROOT once@1.4.0 OK for: express@5.2.1 want: ^1.4.0
750 silly fetch manifest wrappy@1
751 silly placeDep ROOT parseurl@1.3.3 OK for: express@5.2.1 want: ^1.3.3
752 silly placeDep ROOT proxy-addr@2.0.7 OK for: express@5.2.1 want: ^2.0.7
753 silly fetch manifest forwarded@0.2.0
754 silly fetch manifest ipaddr.js@1.9.1
755 silly placeDep ROOT qs@6.14.0 OK for: express@5.2.1 want: ^6.14.0
756 silly fetch manifest side-channel@^1.1.0
757 silly placeDep ROOT range-parser@1.2.1 OK for: express@5.2.1 want: ^1.2.1
758 silly placeDep ROOT router@2.2.0 OK for: express@5.2.1 want: ^2.2.0
759 silly fetch manifest is-promise@^4.0.0
760 silly fetch manifest path-to-regexp@^8.0.0
761 silly placeDep ROOT send@1.2.0 OK for: express@5.2.1 want: ^1.1.0
762 silly placeDep ROOT serve-static@2.2.0 OK for: express@5.2.1 want: ^2.2.0
763 silly placeDep ROOT statuses@2.0.2 OK for: express@5.2.1 want: ^2.0.1
764 silly placeDep ROOT type-is@2.0.1 OK for: express@5.2.1 want: ^2.0.1
765 silly fetch manifest media-typer@^1.1.0
766 http fetch GET 200 https://registry.npmjs.org/mime-db 377ms (cache hit)
767 http fetch GET 200 https://registry.npmjs.org/inherits 456ms (cache miss)
768 http fetch GET 200 https://registry.npmjs.org/wrappy 428ms (cache miss)
769 http fetch GET 200 https://registry.npmjs.org/ee-first 436ms (cache miss)
770 http fetch GET 200 https://registry.npmjs.org/toidentifier 455ms (cache miss)
771 http fetch GET 200 https://registry.npmjs.org/setprototypeof 463ms (cache miss)
772 http fetch GET 200 https://registry.npmjs.org/media-typer 391ms (cache miss)
773 http fetch GET 200 https://registry.npmjs.org/forwarded 436ms (cache miss)
774 http fetch GET 200 https://registry.npmjs.org/is-promise 425ms (cache miss)
775 http fetch GET 200 https://registry.npmjs.org/negotiator 540ms (cache miss)
776 http fetch GET 200 https://registry.npmjs.org/ipaddr.js 460ms (cache miss)
777 http fetch GET 200 https://registry.npmjs.org/side-channel 471ms (cache revalidated)
778 timing idealTree:node_modules/express Completed in 632ms
779 silly placeDep ROOT negotiator@1.0.0 OK for: accepts@2.0.0 want: ^1.0.0
780 timing idealTree:node_modules/accepts Completed in 9ms
781 silly placeDep ROOT bytes@3.1.2 OK for: body-parser@2.2.1 want: ^3.1.2
782 silly placeDep ROOT iconv-lite@0.7.0 OK for: body-parser@2.2.1 want: ^0.7.0
783 silly fetch manifest safer-buffer@>= 2.1.2 < 3.0.0
784 http fetch GET 200 https://registry.npmjs.org/safer-buffer 125ms (cache miss)
785 timing idealTree:node_modules/body-parser Completed in 154ms
786 timing idealTree:node_modules/bytes Completed in 0ms
787 timing idealTree:node_modules/content-disposition Completed in 0ms
788 timing idealTree:node_modules/cookie Completed in 1ms
789 timing idealTree:node_modules/cookie-signature Completed in 0ms
790 timing idealTree:node_modules/depd Completed in 0ms
791 timing idealTree:node_modules/encodeurl Completed in 0ms
792 timing idealTree:node_modules/escape-html Completed in 0ms
793 timing idealTree:node_modules/etag Completed in 0ms
794 timing idealTree:node_modules/express-rate-limit Completed in 0ms
795 timing idealTree:node_modules/fast-deep-equal Completed in 0ms
796 silly placeDep ROOT @nodelib/fs.stat@2.0.5 OK for: fast-glob@3.3.3 want: ^2.0.2
797 silly placeDep ROOT @nodelib/fs.walk@1.2.8 OK for: fast-glob@3.3.3 want: ^1.2.3
798 silly fetch manifest fastq@^1.6.0
799 silly fetch manifest @nodelib/fs.scandir@2.1.5
800 silly placeDep ROOT glob-parent@5.1.2 OK for: fast-glob@3.3.3 want: ^5.1.2
801 silly fetch manifest is-glob@^4.0.1
802 silly placeDep ROOT merge2@1.4.1 OK for: fast-glob@3.3.3 want: ^1.3.0
803 silly placeDep ROOT micromatch@4.0.8 OK for: fast-glob@3.3.3 want: ^4.0.8
804 silly fetch manifest braces@^3.0.3
805 silly fetch manifest picomatch@^2.3.1
806 http fetch GET 200 https://registry.npmjs.org/fastq 158ms (cache revalidated)
807 http fetch GET 200 https://registry.npmjs.org/is-glob 164ms (cache revalidated)
808 http fetch GET 200 https://registry.npmjs.org/braces 173ms (cache revalidated)
809 http fetch GET 200 https://registry.npmjs.org/@nodelib%2ffs.scandir 748ms (cache revalidated)
810 timing idealTree:node_modules/fast-glob Completed in 776ms
811 timing idealTree:node_modules/@nodelib/fs.stat Completed in 0ms
812 silly placeDep ROOT @nodelib/fs.scandir@2.1.5 OK for: @nodelib/fs.walk@1.2.8 want: 2.1.5
813 silly fetch manifest run-parallel@^1.1.9
814 silly placeDep ROOT fastq@1.19.1 OK for: @nodelib/fs.walk@1.2.8 want: ^1.6.0
815 silly fetch manifest reusify@^1.0.4
816 http fetch GET 200 https://registry.npmjs.org/run-parallel 165ms (cache revalidated)
817 http fetch GET 200 https://registry.npmjs.org/reusify 166ms (cache revalidated)
818 timing idealTree:node_modules/@nodelib/fs.walk Completed in 188ms
819 silly placeDep ROOT run-parallel@1.2.0 OK for: @nodelib/fs.scandir@2.1.5 want: ^1.1.9
820 silly fetch manifest queue-microtask@^1.2.2
821 http fetch GET 200 https://registry.npmjs.org/queue-microtask 139ms (cache revalidated)
822 timing idealTree:node_modules/@nodelib/fs.scandir Completed in 155ms
823 timing idealTree:node_modules/fast-uri Completed in 0ms
824 silly placeDep ROOT reusify@1.1.0 OK for: fastq@1.19.1 want: ^1.0.4
825 timing idealTree:node_modules/fastq Completed in 11ms
826 timing idealTree:node_modules/fdir Completed in 1ms
827 silly placeDep ROOT is-unicode-supported@2.1.0 OK for: figures@6.1.0 want: ^2.0.0
828 timing idealTree:node_modules/figures Completed in 8ms
829 timing idealTree:node_modules/finalhandler Completed in 0ms
830 timing idealTree:node_modules/fresh Completed in 0ms
831 silly placeDep ROOT graceful-fs@4.2.11 OK for: fs-extra@11.3.2 want: ^4.2.0
832 silly placeDep ROOT jsonfile@6.2.0 OK for: fs-extra@11.3.2 want: ^6.0.1
833 silly placeDep ROOT universalify@2.0.1 OK for: fs-extra@11.3.2 want: ^2.0.0
834 timing idealTree:node_modules/fs-extra Completed in 28ms
835 timing idealTree:node_modules/fuzzysort Completed in 0ms
836 timing idealTree:node_modules/fzf Completed in 0ms
837 timing idealTree:node_modules/gensync Completed in 0ms
838 silly placeDep ROOT @sec-ant/readable-stream@0.4.1 OK for: get-stream@9.0.1 want: ^0.4.1
839 timing idealTree:node_modules/get-stream Completed in 9ms
840 timing idealTree:node_modules/@sec-ant/readable-stream Completed in 0ms
841 silly placeDep ROOT is-glob@4.0.3 OK for: glob-parent@5.1.2 want: ^4.0.1
842 silly fetch manifest is-extglob@^2.1.1
843 http fetch GET 200 https://registry.npmjs.org/is-extglob 210ms (cache revalidated)
844 timing idealTree:node_modules/glob-parent Completed in 220ms
845 timing idealTree:node_modules/graceful-fs Completed in 0ms
846 silly placeDep ROOT inherits@2.0.4 OK for: http-errors@2.0.1 want: ~2.0.4
847 silly placeDep ROOT setprototypeof@1.2.0 OK for: http-errors@2.0.1 want: ~1.2.0
848 silly placeDep ROOT toidentifier@1.0.1 OK for: http-errors@2.0.1 want: ~1.0.1
849 timing idealTree:node_modules/http-errors Completed in 15ms
850 silly placeDep ROOT agent-base@7.1.4 OK for: https-proxy-agent@7.0.6 want: ^7.1.2
851 timing idealTree:node_modules/https-proxy-agent Completed in 6ms
852 timing idealTree:node_modules/agent-base Completed in 0ms
853 timing idealTree:node_modules/human-signals Completed in 0ms
854 silly placeDep ROOT safer-buffer@2.1.2 OK for: iconv-lite@0.7.0 want: >= 2.1.2 < 3.0.0
855 timing idealTree:node_modules/iconv-lite Completed in 8ms
856 timing idealTree:node_modules/ignore Completed in 0ms
857 silly placeDep ROOT parent-module@1.0.1 OK for: import-fresh@3.3.1 want: ^1.0.0
858 silly fetch manifest callsites@^3.0.0
859 silly placeDep ROOT resolve-from@4.0.0 OK for: import-fresh@3.3.1 want: ^4.0.0
860 http fetch GET 200 https://registry.npmjs.org/callsites 107ms (cache revalidated)
861 timing idealTree:node_modules/import-fresh Completed in 129ms
862 timing idealTree:node_modules/inherits Completed in 0ms
863 silly placeDep ROOT is-extglob@2.1.1 OK for: is-glob@4.0.3 want: ^2.1.1
864 timing idealTree:node_modules/is-glob Completed in 6ms
865 timing idealTree:node_modules/is-extglob Completed in 0ms
866 timing idealTree:node_modules/is-plain-obj Completed in 0ms
867 timing idealTree:node_modules/is-stream Completed in 0ms
868 timing idealTree:node_modules/is-unicode-supported Completed in 0ms
869 timing idealTree:node_modules/jose Completed in 0ms
870 timing idealTree:node_modules/js-tokens Completed in 0ms
871 silly placeDep ROOT argparse@2.0.1 OK for: js-yaml@4.1.1 want: ^2.0.1
872 timing idealTree:node_modules/js-yaml Completed in 5ms
873 timing idealTree:node_modules/argparse Completed in 0ms
874 timing idealTree:node_modules/jsesc Completed in 0ms
875 timing idealTree:node_modules/json-schema-traverse Completed in 0ms
876 timing idealTree:node_modules/json5 Completed in 0ms
877 timing idealTree:node_modules/jsonfile Completed in 0ms
878 timing idealTree:node_modules/kleur Completed in 0ms
879 silly placeDep ROOT yallist@3.1.1 OK for: lru-cache@5.1.1 want: ^3.0.2
880 timing idealTree:node_modules/lru-cache Completed in 7ms
881 timing idealTree:node_modules/merge-descriptors Completed in 0ms
882 timing idealTree:node_modules/merge2 Completed in 0ms
883 silly placeDep ROOT braces@3.0.3 OK for: micromatch@4.0.8 want: ^3.0.3
884 silly fetch manifest fill-range@^7.1.1
885 silly placeDep node_modules/micromatch picomatch@2.3.1 OK for: micromatch@4.0.8 want: ^2.3.1
886 http fetch GET 200 https://registry.npmjs.org/fill-range 106ms (cache revalidated)
887 timing idealTree:node_modules/micromatch Completed in 119ms
888 silly placeDep ROOT fill-range@7.1.1 OK for: braces@3.0.3 want: ^7.1.1
889 silly fetch manifest to-regex-range@^5.0.1
890 http fetch GET 200 https://registry.npmjs.org/to-regex-range 93ms (cache revalidated)
891 timing idealTree:node_modules/braces Completed in 105ms
892 silly placeDep ROOT to-regex-range@5.0.1 OK for: fill-range@7.1.1 want: ^5.0.1
893 silly fetch manifest is-number@^7.0.0
894 http fetch GET 200 https://registry.npmjs.org/is-number 95ms (cache revalidated)
895 timing idealTree:node_modules/fill-range Completed in 112ms
896 silly placeDep ROOT mime-db@1.54.0 OK for: mime-types@3.0.2 want: ^1.54.0
897 timing idealTree:node_modules/mime-types Completed in 8ms
898 timing idealTree:node_modules/mime-db Completed in 0ms
899 timing idealTree:node_modules/ms Completed in 0ms
900 silly fetch manifest @types/node@>=18
901 http fetch GET 200 https://registry.npmjs.org/@types%2fnode 266ms (cache revalidated)
902 silly placeDep ROOT @inquirer/confirm@5.1.21 OK for: msw@2.12.4 want: ^5.0.0
903 silly fetch manifest @inquirer/core@^10.3.2
904 silly fetch manifest @inquirer/type@^3.0.10
905 silly placeDep ROOT @mswjs/interceptors@0.40.0 OK for: msw@2.12.4 want: ^0.40.0
906 silly fetch manifest @open-draft/logger@^0.3.0
907 silly fetch manifest @open-draft/until@^2.0.0
908 silly placeDep ROOT @open-draft/deferred-promise@2.2.0 OK for: msw@2.12.4 want: ^2.2.0
909 silly placeDep ROOT @types/statuses@2.0.6 OK for: msw@2.12.4 want: ^2.0.6
910 silly placeDep node_modules/msw cookie@1.1.1 OK for: msw@2.12.4 want: ^1.0.2
911 silly placeDep ROOT graphql@16.12.0 OK for: msw@2.12.4 want: ^16.12.0
912 silly placeDep ROOT headers-polyfill@4.0.3 OK for: msw@2.12.4 want: ^4.0.2
913 silly placeDep ROOT is-node-process@1.2.0 OK for: msw@2.12.4 want: ^1.2.0
914 silly placeDep ROOT outvariant@1.4.3 OK for: msw@2.12.4 want: ^1.4.3
915 silly placeDep ROOT path-to-regexp@6.3.0 OK for: msw@2.12.4 want: ^6.3.0
916 silly placeDep ROOT rettime@0.7.0 OK for: msw@2.12.4 want: ^0.7.0
917 silly placeDep ROOT strict-event-emitter@0.5.1 OK for: msw@2.12.4 want: ^0.5.1
918 silly placeDep ROOT tough-cookie@6.0.0 OK for: msw@2.12.4 want: ^6.0.0
919 silly fetch manifest tldts@^7.0.5
920 silly placeDep ROOT type-fest@5.3.0 OK for: msw@2.12.4 want: ^5.2.0
921 silly fetch manifest tagged-tag@^1.0.0
922 silly placeDep ROOT until-async@3.0.2 OK for: msw@2.12.4 want: ^3.0.2
923 silly placeDep ROOT yargs@17.7.2 OK for: msw@2.12.4 want: ^17.7.2
924 silly fetch manifest y18n@^5.0.5
925 silly fetch manifest cliui@^8.0.1
926 silly fetch manifest escalade@^3.1.1
927 silly fetch manifest string-width@^4.2.3
928 silly fetch manifest yargs-parser@^21.1.1
929 silly fetch manifest get-caller-file@^2.0.5
930 silly fetch manifest require-directory@^2.1.1
931 http fetch GET 200 https://registry.npmjs.org/y18n 543ms (cache miss)
932 http fetch GET 200 https://registry.npmjs.org/cliui 548ms (cache miss)
933 http fetch GET 200 https://registry.npmjs.org/get-caller-file 523ms (cache miss)
934 http fetch GET 200 https://registry.npmjs.org/@inquirer%2ftype 691ms (cache miss)
935 http fetch GET 200 https://registry.npmjs.org/require-directory 527ms (cache miss)
936 http fetch GET 200 https://registry.npmjs.org/@open-draft%2flogger 686ms (cache miss)
937 http fetch GET 200 https://registry.npmjs.org/@inquirer%2fcore 753ms (cache miss)
938 http fetch GET 200 https://registry.npmjs.org/yargs-parser 601ms (cache miss)
939 http fetch GET 200 https://registry.npmjs.org/tagged-tag 846ms (cache miss)
940 http fetch GET 200 https://registry.npmjs.org/@open-draft%2funtil 963ms (cache miss)
941 http fetch GET 200 https://registry.npmjs.org/tldts 1151ms (cache miss)
942 timing idealTree:node_modules/msw Completed in 1792ms
943 silly placeDep ROOT @inquirer/core@10.3.2 OK for: @inquirer/confirm@5.1.21 want: ^10.3.2
944 silly fetch manifest cli-width@^4.1.0
945 silly fetch manifest wrap-ansi@^6.2.0
946 silly fetch manifest mute-stream@^2.0.0
947 silly fetch manifest @inquirer/ansi@^1.0.2
948 silly fetch manifest yoctocolors-cjs@^2.1.3
949 silly fetch manifest @inquirer/figures@^1.0.15
950 silly placeDep ROOT @inquirer/type@3.0.10 OK for: @inquirer/confirm@5.1.21 want: ^3.0.10
951 http fetch GET 200 https://registry.npmjs.org/yoctocolors-cjs 190ms (cache miss)
952 http fetch GET 200 https://registry.npmjs.org/@inquirer%2ffigures 225ms (cache miss)
953 http fetch GET 200 https://registry.npmjs.org/wrap-ansi 241ms (cache miss)
954 http fetch GET 200 https://registry.npmjs.org/mute-stream 253ms (cache miss)
955 http fetch GET 200 https://registry.npmjs.org/@inquirer%2fansi 259ms (cache miss)
956 http fetch GET 200 https://registry.npmjs.org/cli-width 273ms (cache miss)
957 timing idealTree:node_modules/@inquirer/confirm Completed in 302ms
958 silly placeDep ROOT @inquirer/ansi@1.0.2 OK for: @inquirer/core@10.3.2 want: ^1.0.2
959 silly placeDep ROOT @inquirer/figures@1.0.15 OK for: @inquirer/core@10.3.2 want: ^1.0.15
960 silly placeDep ROOT cli-width@4.1.0 OK for: @inquirer/core@10.3.2 want: ^4.1.0
961 silly placeDep ROOT mute-stream@2.0.0 OK for: @inquirer/core@10.3.2 want: ^2.0.0
962 silly placeDep ROOT wrap-ansi@6.2.0 OK for: @inquirer/core@10.3.2 want: ^6.2.0
963 silly fetch manifest strip-ansi@^6.0.0
964 silly fetch manifest ansi-styles@^4.0.0
965 silly fetch manifest string-width@^4.1.0
966 silly placeDep ROOT yoctocolors-cjs@2.1.3 OK for: @inquirer/core@10.3.2 want: ^2.1.3
967 http fetch GET 200 https://registry.npmjs.org/ansi-styles 139ms (cache revalidated)
968 timing idealTree:node_modules/@inquirer/core Completed in 192ms
969 timing idealTree:node_modules/@inquirer/ansi Completed in 0ms
970 timing idealTree:node_modules/@inquirer/figures Completed in 0ms
971 timing idealTree:node_modules/@inquirer/type Completed in 0ms
972 silly placeDep ROOT @open-draft/logger@0.3.0 OK for: @mswjs/interceptors@0.40.0 want: ^0.3.0
973 silly placeDep ROOT @open-draft/until@2.1.0 OK for: @mswjs/interceptors@0.40.0 want: ^2.0.0
974 timing idealTree:node_modules/@mswjs/interceptors Completed in 22ms
975 timing idealTree:node_modules/@open-draft/deferred-promise Completed in 0ms
976 timing idealTree:node_modules/@open-draft/logger Completed in 0ms
977 timing idealTree:node_modules/@open-draft/until Completed in 0ms
978 timing idealTree:node_modules/@types/statuses Completed in 0ms
979 timing idealTree:node_modules/cli-width Completed in 0ms
980 timing idealTree:node_modules/graphql Completed in 0ms
981 timing idealTree:node_modules/headers-polyfill Completed in 0ms
982 timing idealTree:node_modules/is-node-process Completed in 2ms
983 timing idealTree:node_modules/mute-stream Completed in 1ms
984 timing idealTree:node_modules/negotiator Completed in 0ms
985 silly placeDep ROOT data-uri-to-buffer@4.0.1 OK for: node-fetch@3.3.2 want: ^4.0.0
986 silly placeDep ROOT fetch-blob@3.2.0 OK for: node-fetch@3.3.2 want: ^3.1.4
987 silly fetch manifest node-domexception@^1.0.0
988 silly fetch manifest web-streams-polyfill@^3.0.3
989 silly placeDep ROOT formdata-polyfill@4.0.10 OK for: node-fetch@3.3.2 want: ^4.0.10
990 http fetch GET 200 https://registry.npmjs.org/node-domexception 182ms (cache miss)
991 http fetch GET 200 https://registry.npmjs.org/web-streams-polyfill 185ms (cache miss)
992 timing idealTree:node_modules/node-fetch Completed in 223ms
993 timing idealTree:node_modules/data-uri-to-buffer Completed in 0ms
994 silly placeDep ROOT node-domexception@1.0.0 OK for: fetch-blob@3.2.0 want: ^1.0.0
995 silly placeDep ROOT web-streams-polyfill@3.3.3 OK for: fetch-blob@3.2.0 want: ^3.0.3
996 timing idealTree:node_modules/fetch-blob Completed in 16ms
997 timing idealTree:node_modules/formdata-polyfill Completed in 0ms
998 timing idealTree:node_modules/node-domexception Completed in 0ms
999 timing idealTree:node_modules/node-releases Completed in 0ms
1000 silly placeDep node_modules/npm-run-path path-key@4.0.0 OK for: npm-run-path@6.0.0 want: ^4.0.0
1001 silly placeDep ROOT unicorn-magic@0.3.0 OK for: npm-run-path@6.0.0 want: ^0.3.0
1002 timing idealTree:node_modules/npm-run-path Completed in 12ms
1003 timing idealTree:node_modules/object-assign Completed in 0ms
1004 timing idealTree:node_modules/object-treeify Completed in 0ms
1005 silly placeDep ROOT ee-first@1.1.1 OK for: on-finished@2.4.1 want: 1.1.1
1006 timing idealTree:node_modules/on-finished Completed in 4ms
1007 timing idealTree:node_modules/ee-first Completed in 0ms
1008 silly placeDep ROOT wrappy@1.0.2 OK for: once@1.4.0 want: 1
1009 timing idealTree:node_modules/once Completed in 5ms
1010 silly placeDep ROOT chalk@5.6.2 OK for: ora@8.2.0 want: ^5.3.0
1011 silly placeDep ROOT cli-cursor@5.0.0 OK for: ora@8.2.0 want: ^5.0.0
1012 silly fetch manifest restore-cursor@^5.0.0
1013 silly placeDep ROOT cli-spinners@2.9.2 OK for: ora@8.2.0 want: ^2.9.2
1014 silly placeDep ROOT is-interactive@2.0.0 OK for: ora@8.2.0 want: ^2.0.0
1015 silly placeDep ROOT log-symbols@6.0.0 OK for: ora@8.2.0 want: ^6.0.0
1016 silly fetch manifest is-unicode-supported@^1.3.0
1017 silly placeDep ROOT stdin-discarder@0.2.2 OK for: ora@8.2.0 want: ^0.2.2
1018 silly placeDep ROOT string-width@7.2.0 OK for: ora@8.2.0 want: ^7.2.0
1019 silly fetch manifest emoji-regex@^10.3.0
1020 silly fetch manifest get-east-asian-width@^1.0.0
1021 silly placeDep ROOT strip-ansi@7.1.2 OK for: ora@8.2.0 want: ^7.1.0
1022 silly fetch manifest ansi-regex@^6.0.1
1023 http fetch GET 200 https://registry.npmjs.org/emoji-regex 181ms (cache revalidated)
1024 http fetch GET 200 https://registry.npmjs.org/get-east-asian-width 189ms (cache miss)
1025 http fetch GET 200 https://registry.npmjs.org/restore-cursor 234ms (cache miss)
1026 http fetch GET 200 https://registry.npmjs.org/ansi-regex 207ms (cache miss)
1027 timing idealTree:node_modules/ora Completed in 282ms
1028 timing idealTree:node_modules/chalk Completed in 0ms
1029 silly placeDep ROOT restore-cursor@5.1.0 OK for: cli-cursor@5.0.0 want: ^5.0.0
1030 silly fetch manifest onetime@^7.0.0
1031 timing idealTree:node_modules/cli-cursor Completed in 18ms
1032 timing idealTree:node_modules/cli-spinners Completed in 0ms
1033 timing idealTree:node_modules/is-interactive Completed in 0ms
1034 silly placeDep node_modules/log-symbols is-unicode-supported@1.3.0 OK for: log-symbols@6.0.0 want: ^1.3.0
1035 timing idealTree:node_modules/log-symbols Completed in 8ms
1036 timing idealTree:node_modules/outvariant Completed in 0ms
1037 timing idealTree:node_modules/package-manager-detector Completed in 0ms
1038 silly placeDep ROOT callsites@3.1.0 OK for: parent-module@1.0.1 want: ^3.0.0
1039 timing idealTree:node_modules/parent-module Completed in 6ms
1040 timing idealTree:node_modules/callsites Completed in 0ms
1041 silly placeDep ROOT error-ex@1.3.4 OK for: parse-json@5.2.0 want: ^1.3.1
1042 silly fetch manifest is-arrayish@^0.2.1
1043 silly placeDep ROOT json-parse-even-better-errors@2.3.1 OK for: parse-json@5.2.0 want: ^2.3.0
1044 silly placeDep ROOT lines-and-columns@1.2.4 OK for: parse-json@5.2.0 want: ^1.1.6
1045 http fetch GET 200 https://registry.npmjs.org/is-arrayish 84ms (cache miss)
1046 timing idealTree:node_modules/parse-json Completed in 106ms
1047 silly placeDep ROOT is-arrayish@0.2.1 OK for: error-ex@1.3.4 want: ^0.2.1
1048 timing idealTree:node_modules/error-ex Completed in 15ms
1049 timing idealTree:node_modules/is-arrayish Completed in 0ms
1050 timing idealTree:node_modules/json-parse-even-better-errors Completed in 0ms
1051 timing idealTree:node_modules/lines-and-columns Completed in 0ms
1052 timing idealTree:node_modules/parseurl Completed in 0ms
1053 timing idealTree:node_modules/path-key Completed in 0ms
1054 timing idealTree:node_modules/path-to-regexp Completed in 0ms
1055 timing idealTree:node_modules/picocolors Completed in 0ms
1056 timing idealTree:node_modules/picomatch Completed in 0ms
1057 timing idealTree:node_modules/pkce-challenge Completed in 0ms
1058 silly placeDep ROOT nanoid@3.3.11 OK for: postcss@8.5.6 want: ^3.3.11
1059 silly placeDep ROOT source-map-js@1.2.1 OK for: postcss@8.5.6 want: ^1.2.1
1060 timing idealTree:node_modules/postcss Completed in 19ms
1061 timing idealTree:node_modules/nanoid Completed in 0ms
1062 silly placeDep ROOT parse-ms@4.0.0 OK for: pretty-ms@9.3.0 want: ^4.0.0
1063 timing idealTree:node_modules/pretty-ms Completed in 7ms
1064 timing idealTree:node_modules/parse-ms Completed in 0ms
1065 silly placeDep node_modules/prompts kleur@3.0.3 OK for: prompts@2.4.2 want: ^3.0.3
1066 silly placeDep ROOT sisteransi@1.0.5 OK for: prompts@2.4.2 want: ^1.0.5
1067 timing idealTree:node_modules/prompts Completed in 11ms
1068 silly placeDep ROOT forwarded@0.2.0 OK for: proxy-addr@2.0.7 want: 0.2.0
1069 silly placeDep ROOT ipaddr.js@1.9.1 OK for: proxy-addr@2.0.7 want: 1.9.1
1070 timing idealTree:node_modules/proxy-addr Completed in 10ms
1071 timing idealTree:node_modules/forwarded Completed in 0ms
1072 timing idealTree:node_modules/ipaddr.js Completed in 0ms
1073 silly placeDep ROOT side-channel@1.1.0 OK for: qs@6.14.0 want: ^1.1.0
1074 silly fetch manifest es-errors@^1.3.0
1075 silly fetch manifest object-inspect@^1.13.3
1076 silly fetch manifest side-channel-list@^1.0.0
1077 silly fetch manifest side-channel-map@^1.0.1
1078 silly fetch manifest side-channel-weakmap@^1.0.2
1079 http fetch GET 200 https://registry.npmjs.org/side-channel-map 138ms (cache revalidated)
1080 http fetch GET 200 https://registry.npmjs.org/side-channel-weakmap 185ms (cache revalidated)
1081 http fetch GET 200 https://registry.npmjs.org/es-errors 215ms (cache revalidated)
1082 http fetch GET 200 https://registry.npmjs.org/object-inspect 226ms (cache revalidated)
1083 http fetch GET 200 https://registry.npmjs.org/side-channel-list 229ms (cache revalidated)
1084 timing idealTree:node_modules/qs Completed in 252ms
1085 timing idealTree:node_modules/range-parser Completed in 0ms
1086 silly placeDep ROOT unpipe@1.0.0 OK for: raw-body@3.0.2 want: ~1.0.0
1087 timing idealTree:node_modules/raw-body Completed in 5ms
1088 silly placeDep ROOT ast-types@0.16.1 OK for: recast@0.23.11 want: ^0.16.1
1089 silly placeDep ROOT esprima@4.0.1 OK for: recast@0.23.11 want: ~4.0.0
1090 silly placeDep ROOT source-map@0.6.1 OK for: recast@0.23.11 want: ~0.6.1
1091 silly placeDep ROOT tiny-invariant@1.3.3 OK for: recast@0.23.11 want: ^1.3.3
1092 silly placeDep ROOT tslib@2.8.1 OK for: recast@0.23.11 want: ^2.0.1
1093 timing idealTree:node_modules/recast Completed in 23ms
1094 timing idealTree:node_modules/ast-types Completed in 0ms
1095 timing idealTree:node_modules/esprima Completed in 0ms
1096 timing idealTree:node_modules/require-from-string Completed in 0ms
1097 timing idealTree:node_modules/resolve-from Completed in 1ms
1098 silly placeDep ROOT onetime@7.0.0 OK for: restore-cursor@5.1.0 want: ^7.0.0
1099 silly fetch manifest mimic-function@^5.0.0
1100 http fetch GET 200 https://registry.npmjs.org/mimic-function 93ms (cache miss)
1101 timing idealTree:node_modules/restore-cursor Completed in 100ms
1102 silly placeDep ROOT mimic-function@5.0.1 OK for: onetime@7.0.0 want: ^5.0.0
1103 timing idealTree:node_modules/onetime Completed in 6ms
1104 timing idealTree:node_modules/mimic-function Completed in 0ms
1105 timing idealTree:node_modules/rettime Completed in 0ms
1106 timing idealTree:node_modules/reusify Completed in 0ms
1107 silly placeDep ROOT is-promise@4.0.0 OK for: router@2.2.0 want: ^4.0.0
1108 silly placeDep node_modules/router path-to-regexp@8.3.0 OK for: router@2.2.0 want: ^8.0.0
1109 timing idealTree:node_modules/router Completed in 11ms
1110 timing idealTree:node_modules/is-promise Completed in 0ms
1111 silly placeDep ROOT queue-microtask@1.2.3 OK for: run-parallel@1.2.0 want: ^1.2.2
1112 timing idealTree:node_modules/run-parallel Completed in 4ms
1113 timing idealTree:node_modules/queue-microtask Completed in 1ms
1114 timing idealTree:node_modules/safer-buffer Completed in 0ms
1115 timing idealTree:node_modules/semver Completed in 0ms
1116 timing idealTree:node_modules/send Completed in 0ms
1117 timing idealTree:node_modules/serve-static Completed in 0ms
1118 timing idealTree:node_modules/setprototypeof Completed in 0ms
1119 silly placeDep ROOT shebang-regex@3.0.0 OK for: shebang-command@2.0.0 want: ^3.0.0
1120 timing idealTree:node_modules/shebang-command Completed in 4ms
1121 timing idealTree:node_modules/shebang-regex Completed in 0ms
1122 silly placeDep ROOT es-errors@1.3.0 OK for: side-channel@1.1.0 want: ^1.3.0
1123 silly placeDep ROOT object-inspect@1.13.4 OK for: side-channel@1.1.0 want: ^1.13.3
1124 silly placeDep ROOT side-channel-list@1.0.0 OK for: side-channel@1.1.0 want: ^1.0.0
1125 silly placeDep ROOT side-channel-map@1.0.1 OK for: side-channel@1.1.0 want: ^1.0.1
1126 silly fetch manifest call-bound@^1.0.2
1127 silly fetch manifest get-intrinsic@^1.2.5
1128 silly placeDep ROOT side-channel-weakmap@1.0.2 OK for: side-channel@1.1.0 want: ^1.0.2
1129 http fetch GET 200 https://registry.npmjs.org/call-bound 113ms (cache revalidated)
1130 http fetch GET 200 https://registry.npmjs.org/get-intrinsic 125ms (cache revalidated)
1131 timing idealTree:node_modules/side-channel Completed in 158ms
1132 timing idealTree:node_modules/es-errors Completed in 0ms
1133 timing idealTree:node_modules/object-inspect Completed in 0ms
1134 timing idealTree:node_modules/side-channel-list Completed in 0ms
1135 silly placeDep ROOT call-bound@1.0.4 OK for: side-channel-map@1.0.1 want: ^1.0.2
1136 silly fetch manifest call-bind-apply-helpers@^1.0.2
1137 silly fetch manifest get-intrinsic@^1.3.0
1138 silly placeDep ROOT get-intrinsic@1.3.0 OK for: side-channel-map@1.0.1 want: ^1.2.5
1139 silly fetch manifest gopd@^1.2.0
1140 silly fetch manifest hasown@^2.0.2
1141 silly fetch manifest get-proto@^1.0.1
1142 silly fetch manifest has-symbols@^1.1.0
1143 silly fetch manifest function-bind@^1.1.2
1144 silly fetch manifest es-object-atoms@^1.1.1
1145 silly fetch manifest math-intrinsics@^1.1.0
1146 silly fetch manifest es-define-property@^1.0.1
1147 http fetch GET 200 https://registry.npmjs.org/call-bind-apply-helpers 301ms (cache revalidated)
1148 http fetch GET 200 https://registry.npmjs.org/math-intrinsics 262ms (cache revalidated)
1149 http fetch GET 200 https://registry.npmjs.org/es-object-atoms 267ms (cache revalidated)
1150 http fetch GET 200 https://registry.npmjs.org/has-symbols 281ms (cache revalidated)
1151 http fetch GET 200 https://registry.npmjs.org/gopd 292ms (cache revalidated)
1152 http fetch GET 200 https://registry.npmjs.org/hasown 302ms (cache revalidated)
1153 http fetch GET 200 https://registry.npmjs.org/get-proto 308ms (cache revalidated)
1154 http fetch GET 200 https://registry.npmjs.org/es-define-property 297ms (cache revalidated)
1155 http fetch GET 200 https://registry.npmjs.org/function-bind 314ms (cache revalidated)
1156 timing idealTree:node_modules/side-channel-map Completed in 377ms
1157 silly placeDep ROOT call-bind-apply-helpers@1.0.2 OK for: call-bound@1.0.4 want: ^1.0.2
1158 timing idealTree:node_modules/call-bound Completed in 11ms
1159 silly placeDep ROOT function-bind@1.1.2 OK for: call-bind-apply-helpers@1.0.2 want: ^1.1.2
1160 timing idealTree:node_modules/call-bind-apply-helpers Completed in 13ms
1161 timing idealTree:node_modules/function-bind Completed in 0ms
1162 silly placeDep ROOT es-define-property@1.0.1 OK for: get-intrinsic@1.3.0 want: ^1.0.1
1163 silly placeDep ROOT es-object-atoms@1.1.1 OK for: get-intrinsic@1.3.0 want: ^1.1.1
1164 silly placeDep ROOT get-proto@1.0.1 OK for: get-intrinsic@1.3.0 want: ^1.0.1
1165 silly fetch manifest dunder-proto@^1.0.1
1166 silly placeDep ROOT gopd@1.2.0 OK for: get-intrinsic@1.3.0 want: ^1.2.0
1167 silly placeDep ROOT has-symbols@1.1.0 OK for: get-intrinsic@1.3.0 want: ^1.1.0
1168 silly placeDep ROOT hasown@2.0.2 OK for: get-intrinsic@1.3.0 want: ^2.0.2
1169 silly placeDep ROOT math-intrinsics@1.1.0 OK for: get-intrinsic@1.3.0 want: ^1.1.0
1170 http fetch GET 200 https://registry.npmjs.org/dunder-proto 141ms (cache revalidated)
1171 timing idealTree:node_modules/get-intrinsic Completed in 166ms
1172 timing idealTree:node_modules/es-define-property Completed in 0ms
1173 timing idealTree:node_modules/es-object-atoms Completed in 0ms
1174 silly placeDep ROOT dunder-proto@1.0.1 OK for: get-proto@1.0.1 want: ^1.0.1
1175 timing idealTree:node_modules/get-proto Completed in 15ms
1176 timing idealTree:node_modules/dunder-proto Completed in 0ms
1177 timing idealTree:node_modules/gopd Completed in 0ms
1178 timing idealTree:node_modules/has-symbols Completed in 0ms
1179 timing idealTree:node_modules/hasown Completed in 0ms
1180 timing idealTree:node_modules/math-intrinsics Completed in 0ms
1181 timing idealTree:node_modules/side-channel-weakmap Completed in 0ms
1182 timing idealTree:node_modules/signal-exit Completed in 0ms
1183 timing idealTree:node_modules/sisteransi Completed in 0ms
1184 timing idealTree:node_modules/source-map Completed in 0ms
1185 timing idealTree:node_modules/source-map-js Completed in 1ms
1186 timing idealTree:node_modules/statuses Completed in 0ms
1187 timing idealTree:node_modules/stdin-discarder Completed in 0ms
1188 timing idealTree:node_modules/strict-event-emitter Completed in 0ms
1189 silly placeDep ROOT emoji-regex@10.6.0 OK for: string-width@7.2.0 want: ^10.3.0
1190 silly placeDep ROOT get-east-asian-width@1.4.0 OK for: string-width@7.2.0 want: ^1.0.0
1191 timing idealTree:node_modules/string-width Completed in 12ms
1192 timing idealTree:node_modules/emoji-regex Completed in 0ms
1193 timing idealTree:node_modules/get-east-asian-width Completed in 0ms
1194 silly placeDep ROOT get-own-enumerable-keys@1.0.0 OK for: stringify-object@5.0.0 want: ^1.0.0
1195 silly placeDep ROOT is-obj@3.0.0 OK for: stringify-object@5.0.0 want: ^3.0.0
1196 silly placeDep ROOT is-regexp@3.1.0 OK for: stringify-object@5.0.0 want: ^3.1.0
1197 timing idealTree:node_modules/stringify-object Completed in 23ms
1198 timing idealTree:node_modules/get-own-enumerable-keys Completed in 0ms
1199 timing idealTree:node_modules/is-obj Completed in 0ms
1200 timing idealTree:node_modules/is-regexp Completed in 0ms
1201 silly placeDep ROOT ansi-regex@6.2.2 OK for: strip-ansi@7.1.2 want: ^6.0.1
1202 timing idealTree:node_modules/strip-ansi Completed in 7ms
1203 timing idealTree:node_modules/ansi-regex Completed in 1ms
1204 timing idealTree:node_modules/strip-final-newline Completed in 0ms
1205 timing idealTree:node_modules/tiny-invariant Completed in 0ms
1206 timing idealTree:node_modules/tinyexec Completed in 0ms
1207 silly placeDep ROOT is-number@7.0.0 OK for: to-regex-range@5.0.1 want: ^7.0.0
1208 timing idealTree:node_modules/to-regex-range Completed in 6ms
1209 timing idealTree:node_modules/is-number Completed in 0ms
1210 timing idealTree:node_modules/toidentifier Completed in 0ms
1211 silly placeDep ROOT tldts@7.0.19 OK for: tough-cookie@6.0.0 want: ^7.0.5
1212 silly fetch manifest tldts-core@^7.0.19
1213 http fetch GET 200 https://registry.npmjs.org/tldts-core 653ms (cache miss)
1214 timing idealTree:node_modules/tough-cookie Completed in 692ms
1215 silly placeDep ROOT tldts-core@7.0.19 OK for: tldts@7.0.19 want: ^7.0.19
1216 timing idealTree:node_modules/tldts Completed in 8ms
1217 timing idealTree:node_modules/tldts-core Completed in 0ms
1218 silly placeDep ROOT @ts-morph/common@0.27.0 OK for: ts-morph@26.0.0 want: ~0.27.0
1219 silly fetch manifest minimatch@^10.0.1
1220 silly fetch manifest path-browserify@^1.0.1
1221 silly placeDep ROOT code-block-writer@13.0.3 OK for: ts-morph@26.0.0 want: ^13.0.3
1222 http fetch GET 200 https://registry.npmjs.org/minimatch 110ms (cache revalidated)
1223 http fetch GET 200 https://registry.npmjs.org/path-browserify 122ms (cache miss)
1224 timing idealTree:node_modules/ts-morph Completed in 146ms
1225 silly placeDep ROOT minimatch@10.1.1 OK for: @ts-morph/common@0.27.0 want: ^10.0.1
1226 silly fetch manifest @isaacs/brace-expansion@^5.0.0
1227 silly placeDep ROOT path-browserify@1.0.1 OK for: @ts-morph/common@0.27.0 want: ^1.0.1
1228 http fetch GET 200 https://registry.npmjs.org/@isaacs%2fbrace-expansion 101ms (cache miss)
1229 timing idealTree:node_modules/@ts-morph/common Completed in 115ms
1230 timing idealTree:node_modules/code-block-writer Completed in 0ms
1231 silly placeDep ROOT @isaacs/brace-expansion@5.0.0 OK for: minimatch@10.1.1 want: ^5.0.0
1232 silly fetch manifest @isaacs/balanced-match@^4.0.1
1233 http fetch GET 200 https://registry.npmjs.org/@isaacs%2fbalanced-match 1426ms (cache miss)
1234 timing idealTree:node_modules/minimatch Completed in 1445ms
1235 silly placeDep ROOT @isaacs/balanced-match@4.0.1 OK for: @isaacs/brace-expansion@5.0.0 want: ^4.0.1
1236 timing idealTree:node_modules/@isaacs/brace-expansion Completed in 26ms
1237 timing idealTree:node_modules/@isaacs/balanced-match Completed in 0ms
1238 timing idealTree:node_modules/path-browserify Completed in 0ms
1239 silly placeDep ROOT minimist@1.2.8 OK for: tsconfig-paths@4.2.0 want: ^1.2.6
1240 silly placeDep ROOT strip-bom@3.0.0 OK for: tsconfig-paths@4.2.0 want: ^3.0.0
1241 timing idealTree:node_modules/tsconfig-paths Completed in 40ms
1242 timing idealTree:node_modules/minimist Completed in 0ms
1243 timing idealTree:node_modules/strip-bom Completed in 0ms
1244 timing idealTree:node_modules/tslib Completed in 2ms
1245 silly placeDep ROOT tagged-tag@1.0.0 OK for: type-fest@5.3.0 want: ^1.0.0
1246 timing idealTree:node_modules/type-fest Completed in 19ms
1247 timing idealTree:node_modules/tagged-tag Completed in 0ms
1248 silly placeDep ROOT media-typer@1.1.0 OK for: type-is@2.0.1 want: ^1.1.0
1249 timing idealTree:node_modules/type-is Completed in 6ms
1250 timing idealTree:node_modules/media-typer Completed in 0ms
1251 timing idealTree:node_modules/unicorn-magic Completed in 0ms
1252 timing idealTree:node_modules/universalify Completed in 0ms
1253 timing idealTree:node_modules/unpipe Completed in 0ms
1254 timing idealTree:node_modules/until-async Completed in 0ms
1255 silly placeDep ROOT escalade@3.2.0 OK for: update-browserslist-db@1.2.2 want: ^3.2.0
1256 timing idealTree:node_modules/update-browserslist-db Completed in 8ms
1257 timing idealTree:node_modules/escalade Completed in 1ms
1258 timing idealTree:node_modules/vary Completed in 0ms
1259 timing idealTree:node_modules/web-streams-polyfill Completed in 0ms
1260 silly placeDep ROOT isexe@3.1.1 OK for: which@4.0.0 want: ^3.1.1
1261 timing idealTree:node_modules/which Completed in 11ms
1262 timing idealTree:node_modules/isexe Completed in 0ms
1263 silly placeDep ROOT ansi-styles@4.3.0 OK for: wrap-ansi@6.2.0 want: ^4.0.0
1264 silly fetch manifest color-convert@^2.0.1
1265 silly placeDep node_modules/wrap-ansi string-width@4.2.3 OK for: wrap-ansi@6.2.0 want: ^4.1.0
1266 silly fetch manifest strip-ansi@^6.0.1
1267 silly fetch manifest emoji-regex@^8.0.0
1268 silly fetch manifest is-fullwidth-code-point@^3.0.0
1269 silly placeDep node_modules/wrap-ansi strip-ansi@6.0.1 OK for: wrap-ansi@6.2.0 want: ^6.0.0
1270 silly fetch manifest ansi-regex@^5.0.1
1271 http fetch GET 200 https://registry.npmjs.org/color-convert 211ms (cache revalidated)
1272 http fetch GET 200 https://registry.npmjs.org/is-fullwidth-code-point 225ms (cache miss)
1273 timing idealTree:node_modules/wrap-ansi Completed in 263ms
1274 silly placeDep ROOT color-convert@2.0.1 OK for: ansi-styles@4.3.0 want: ^2.0.1
1275 silly fetch manifest color-name@~1.1.4
1276 http fetch GET 200 https://registry.npmjs.org/color-name 126ms (cache revalidated)
1277 timing idealTree:node_modules/ansi-styles Completed in 139ms
1278 silly placeDep ROOT color-name@1.1.4 OK for: color-convert@2.0.1 want: ~1.1.4
1279 timing idealTree:node_modules/color-convert Completed in 10ms
1280 timing idealTree:node_modules/color-name Completed in 0ms
1281 timing idealTree:node_modules/wrappy Completed in 0ms
1282 timing idealTree:node_modules/yallist Completed in 0ms
1283 silly placeDep ROOT cliui@8.0.1 OK for: yargs@17.7.2 want: ^8.0.1
1284 silly fetch manifest wrap-ansi@^7.0.0
1285 silly fetch manifest string-width@^4.2.0
1286 silly placeDep ROOT get-caller-file@2.0.5 OK for: yargs@17.7.2 want: ^2.0.5
1287 silly placeDep ROOT require-directory@2.1.1 OK for: yargs@17.7.2 want: ^2.1.1
1288 silly placeDep node_modules/yargs string-width@4.2.3 OK for: yargs@17.7.2 want: ^4.2.3
1289 silly placeDep ROOT y18n@5.0.8 OK for: yargs@17.7.2 want: ^5.0.5
1290 silly placeDep ROOT yargs-parser@21.1.1 OK for: yargs@17.7.2 want: ^21.1.1
1291 timing idealTree:node_modules/yargs Completed in 53ms
1292 silly placeDep node_modules/cliui string-width@4.2.3 OK for: cliui@8.0.1 want: ^4.2.0
1293 silly placeDep node_modules/cliui strip-ansi@6.0.1 OK for: cliui@8.0.1 want: ^6.0.1
1294 silly placeDep node_modules/cliui wrap-ansi@7.0.0 OK for: cliui@8.0.1 want: ^7.0.0
1295 timing idealTree:node_modules/cliui Completed in 27ms
1296 timing idealTree:node_modules/get-caller-file Completed in 0ms
1297 timing idealTree:node_modules/require-directory Completed in 0ms
1298 timing idealTree:node_modules/y18n Completed in 0ms
1299 timing idealTree:node_modules/yargs-parser Completed in 0ms
1300 timing idealTree:node_modules/yoctocolors Completed in 0ms
1301 timing idealTree:node_modules/yoctocolors-cjs Completed in 0ms
1302 timing idealTree:node_modules/zod Completed in 0ms
1303 timing idealTree:node_modules/zod-to-json-schema Completed in 0ms
1304 timing idealTree:node_modules/@dotenvx/dotenvx/node_modules/commander Completed in 0ms
1305 silly placeDep node_modules/@dotenvx/dotenvx get-stream@6.0.1 OK for: execa@5.1.1 want: ^6.0.0
1306 silly placeDep node_modules/@dotenvx/dotenvx human-signals@2.1.0 OK for: execa@5.1.1 want: ^2.1.0
1307 silly placeDep node_modules/@dotenvx/dotenvx is-stream@2.0.1 OK for: execa@5.1.1 want: ^2.0.0
1308 silly placeDep ROOT merge-stream@2.0.0 OK for: execa@5.1.1 want: ^2.0.0
1309 silly placeDep node_modules/@dotenvx/dotenvx npm-run-path@4.0.1 OK for: execa@5.1.1 want: ^4.0.1
1310 silly placeDep node_modules/@dotenvx/dotenvx onetime@5.1.2 OK for: execa@5.1.1 want: ^5.1.2
1311 silly fetch manifest mimic-fn@^2.1.0
1312 silly placeDep node_modules/@dotenvx/dotenvx signal-exit@3.0.7 OK for: execa@5.1.1 want: ^3.0.3
1313 silly placeDep node_modules/@dotenvx/dotenvx strip-final-newline@2.0.0 OK for: execa@5.1.1 want: ^2.0.0
1314 http fetch GET 200 https://registry.npmjs.org/mimic-fn 126ms (cache miss)
1315 timing idealTree:node_modules/@dotenvx/dotenvx/node_modules/execa Completed in 175ms
1316 timing idealTree:node_modules/merge-stream Completed in 0ms
1317 timing idealTree:node_modules/@dotenvx/dotenvx/node_modules/get-stream Completed in 1ms
1318 timing idealTree:node_modules/@dotenvx/dotenvx/node_modules/human-signals Completed in 0ms
1319 timing idealTree:node_modules/@dotenvx/dotenvx/node_modules/is-stream Completed in 0ms
1320 timing idealTree:node_modules/@dotenvx/dotenvx/node_modules/npm-run-path Completed in 0ms
1321 silly placeDep ROOT mimic-fn@2.1.0 OK for: onetime@5.1.2 want: ^2.1.0
1322 timing idealTree:node_modules/@dotenvx/dotenvx/node_modules/onetime Completed in 9ms
1323 timing idealTree:node_modules/mimic-fn Completed in 0ms
1324 timing idealTree:node_modules/@dotenvx/dotenvx/node_modules/signal-exit Completed in 0ms
1325 timing idealTree:node_modules/@dotenvx/dotenvx/node_modules/strip-final-newline Completed in 0ms
1326 silly placeDep node_modules/cliui emoji-regex@8.0.0 OK for: string-width@4.2.3 want: ^8.0.0
1327 silly placeDep ROOT is-fullwidth-code-point@3.0.0 OK for: string-width@4.2.3 want: ^3.0.0
1328 timing idealTree:node_modules/cliui/node_modules/string-width Completed in 20ms
1329 timing idealTree:node_modules/is-fullwidth-code-point Completed in 1ms
1330 timing idealTree:node_modules/cliui/node_modules/emoji-regex Completed in 0ms
1331 silly placeDep node_modules/cliui ansi-regex@5.0.1 OK for: strip-ansi@6.0.1 want: ^5.0.1
1332 timing idealTree:node_modules/cliui/node_modules/strip-ansi Completed in 8ms
1333 timing idealTree:node_modules/cliui/node_modules/ansi-regex Completed in 0ms
1334 timing idealTree:node_modules/cliui/node_modules/wrap-ansi Completed in 1ms
1335 silly placeDep node_modules/cross-spawn isexe@2.0.0 OK for: which@2.0.2 want: ^2.0.0
1336 timing idealTree:node_modules/cross-spawn/node_modules/which Completed in 9ms
1337 timing idealTree:node_modules/cross-spawn/node_modules/isexe Completed in 1ms
1338 timing idealTree:node_modules/log-symbols/node_modules/is-unicode-supported Completed in 0ms
1339 timing idealTree:node_modules/micromatch/node_modules/picomatch Completed in 0ms
1340 timing idealTree:node_modules/msw/node_modules/cookie Completed in 0ms
1341 timing idealTree:node_modules/npm-run-path/node_modules/path-key Completed in 1ms
1342 timing idealTree:node_modules/prompts/node_modules/kleur Completed in 0ms
1343 timing idealTree:node_modules/router/node_modules/path-to-regexp Completed in 0ms
1344 silly placeDep node_modules/wrap-ansi emoji-regex@8.0.0 OK for: string-width@4.2.3 want: ^8.0.0
1345 timing idealTree:node_modules/wrap-ansi/node_modules/string-width Completed in 6ms
1346 timing idealTree:node_modules/wrap-ansi/node_modules/emoji-regex Completed in 0ms
1347 silly placeDep node_modules/wrap-ansi ansi-regex@5.0.1 OK for: strip-ansi@6.0.1 want: ^5.0.1
1348 timing idealTree:node_modules/wrap-ansi/node_modules/strip-ansi Completed in 6ms
1349 timing idealTree:node_modules/wrap-ansi/node_modules/ansi-regex Completed in 0ms
1350 silly placeDep node_modules/yargs emoji-regex@8.0.0 OK for: string-width@4.2.3 want: ^8.0.0
1351 silly placeDep node_modules/yargs strip-ansi@6.0.1 OK for: string-width@4.2.3 want: ^6.0.1
1352 timing idealTree:node_modules/yargs/node_modules/string-width Completed in 14ms
1353 timing idealTree:node_modules/yargs/node_modules/emoji-regex Completed in 0ms
1354 silly placeDep node_modules/yargs ansi-regex@5.0.1 OK for: strip-ansi@6.0.1 want: ^5.0.1
1355 timing idealTree:node_modules/yargs/node_modules/strip-ansi Completed in 7ms
1356 timing idealTree:node_modules/yargs/node_modules/ansi-regex Completed in 0ms
1357 timing idealTree:buildDeps Completed in 30586ms
1358 timing idealTree:fixDepFlags Completed in 26ms
1359 timing idealTree Completed in 30713ms
1360 timing reify:loadTrees Completed in 30715ms
1361 timing reify:diffTrees Completed in 20ms
1362 silly reify moves {}
1363 timing reify:retireShallow Completed in 4ms
1364 timing reify:createSparse Completed in 229ms
1365 timing reify:loadBundles Completed in 0ms
1366 silly audit bulk request {
1366 silly audit   shadcn: [ '3.5.1' ],
1366 silly audit   '@antfu/ni': [ '25.0.0' ],
1366 silly audit   '@babel/core': [ '7.28.5' ],
1366 silly audit   '@babel/parser': [ '7.28.5' ],
1366 silly audit   '@babel/plugin-transform-typescript': [ '7.28.5' ],
1366 silly audit   '@babel/preset-typescript': [ '7.28.5' ],
1366 silly audit   '@dotenvx/dotenvx': [ '1.51.1' ],
1366 silly audit   '@modelcontextprotocol/sdk': [ '1.24.3' ],
1366 silly audit   browserslist: [ '4.28.1' ],
1366 silly audit   commander: [ '14.0.2', '11.1.0' ],
1366 silly audit   cosmiconfig: [ '9.0.0' ],
1366 silly audit   dedent: [ '1.7.0' ],
1366 silly audit   deepmerge: [ '4.3.1' ],
1366 silly audit   diff: [ '8.0.2' ],
1366 silly audit   execa: [ '9.6.1', '5.1.1' ],
1366 silly audit   'fast-glob': [ '3.3.3' ],
1366 silly audit   'fs-extra': [ '11.3.2' ],
1366 silly audit   fuzzysort: [ '3.1.0' ],
1366 silly audit   'https-proxy-agent': [ '7.0.6' ],
1366 silly audit   kleur: [ '4.1.5', '3.0.3' ],
1366 silly audit   msw: [ '2.12.4' ],
1366 silly audit   'node-fetch': [ '3.3.2' ],
1366 silly audit   ora: [ '8.2.0' ],
1366 silly audit   postcss: [ '8.5.6' ],
1366 silly audit   prompts: [ '2.4.2' ],
1366 silly audit   recast: [ '0.23.11' ],
1366 silly audit   'stringify-object': [ '5.0.0' ],
1366 silly audit   'ts-morph': [ '26.0.0' ],
1366 silly audit   'tsconfig-paths': [ '4.2.0' ],
1366 silly audit   zod: [ '3.25.76' ],
1366 silly audit   'zod-to-json-schema': [ '3.25.0' ],
1366 silly audit   ansis: [ '4.2.0' ],
1366 silly audit   fzf: [ '0.5.2' ],
1366 silly audit   'package-manager-detector': [ '1.6.0' ],
1366 silly audit   tinyexec: [ '1.0.2' ],
1366 silly audit   '@babel/code-frame': [ '7.27.1' ],
1366 silly audit   '@babel/generator': [ '7.28.5' ],
1366 silly audit   '@babel/helper-compilation-targets': [ '7.27.2' ],
1366 silly audit   '@babel/helper-module-transforms': [ '7.28.3' ],
1366 silly audit   '@babel/helpers': [ '7.28.4' ],
1366 silly audit   '@babel/template': [ '7.27.2' ],
1366 silly audit   '@babel/traverse': [ '7.28.5' ],
1366 silly audit   '@babel/types': [ '7.28.5' ],
1366 silly audit   '@jridgewell/remapping': [ '2.3.5' ],
1366 silly audit   'convert-source-map': [ '2.0.0' ],
1366 silly audit   debug: [ '4.4.3' ],
1366 silly audit   gensync: [ '1.0.0-beta.2' ],
1366 silly audit   json5: [ '2.2.3' ],
1366 silly audit   semver: [ '6.3.1' ],
1366 silly audit   '@babel/helper-validator-identifier': [ '7.28.5' ],
1366 silly audit   'js-tokens': [ '4.0.0' ],
1366 silly audit   picocolors: [ '1.1.1' ],
1366 silly audit   '@jridgewell/gen-mapping': [ '0.3.13' ],
1366 silly audit   '@jridgewell/trace-mapping': [ '0.3.31' ],
1366 silly audit   jsesc: [ '3.1.0' ],
1366 silly audit   '@babel/compat-data': [ '7.28.5' ],
1366 silly audit   '@babel/helper-validator-option': [ '7.27.1' ],
1366 silly audit   'lru-cache': [ '5.1.1' ],
1366 silly audit   '@babel/helper-module-imports': [ '7.27.1' ],
1366 silly audit   '@babel/helper-annotate-as-pure': [ '7.27.3' ],
1366 silly audit   '@babel/helper-create-class-features-plugin': [ '7.28.5' ],
1366 silly audit   '@babel/helper-plugin-utils': [ '7.27.1' ],
1366 silly audit   '@babel/helper-skip-transparent-expression-wrappers': [ '7.27.1' ],
1366 silly audit   '@babel/plugin-syntax-typescript': [ '7.27.1' ],
1366 silly audit   '@babel/helper-member-expression-to-functions': [ '7.28.5' ],
1366 silly audit   '@babel/helper-optimise-call-expression': [ '7.27.1' ],
1366 silly audit   '@babel/helper-replace-supers': [ '7.27.1' ],
1366 silly audit   '@babel/plugin-syntax-jsx': [ '7.27.1' ],
1366 silly audit   '@babel/plugin-transform-modules-commonjs': [ '7.27.1' ],
1366 silly audit   '@babel/helper-globals': [ '7.28.0' ],
1366 silly audit   '@babel/helper-string-parser': [ '7.27.1' ],
1366 silly audit   dotenv: [ '17.2.3' ],
1366 silly audit   eciesjs: [ '0.4.16' ],
1366 silly audit   fdir: [ '6.5.0' ],
1366 silly audit   ignore: [ '5.3.2' ],
1366 silly audit   'object-treeify': [ '1.1.33' ],
1366 silly audit   picomatch: [ '4.0.3', '2.3.1' ],
1366 silly audit   which: [ '4.0.0', '2.0.2' ],
1366 silly audit   '@jridgewell/sourcemap-codec': [ '1.5.5' ],
1366 silly audit   '@jridgewell/resolve-uri': [ '3.1.2' ],
1366 silly audit   ajv: [ '8.17.1' ],
1366 silly audit   'ajv-formats': [ '3.0.1' ],
1366 silly audit   'content-type': [ '1.0.5' ],
1366 silly audit   cors: [ '2.8.5' ],
1366 silly audit   'cross-spawn': [ '7.0.6' ],
1366 silly audit   eventsource: [ '3.0.7' ],
1366 silly audit   'eventsource-parser': [ '3.0.6' ],
1366 silly audit   express: [ '5.2.1' ],
1366 silly audit   'express-rate-limit': [ '7.5.1' ],
1366 silly audit   jose: [ '6.1.3' ],
1366 silly audit   'pkce-challenge': [ '5.0.1' ],
1366 silly audit   'raw-body': [ '3.0.2' ],
1366 silly audit   'fast-deep-equal': [ '3.1.3' ],
1366 silly audit   'fast-uri': [ '3.1.0' ],
1366 silly audit   'json-schema-traverse': [ '1.0.0' ],
1366 silly audit   'require-from-string': [ '2.0.2' ],
1366 silly audit   'baseline-browser-mapping': [ '2.9.3' ],
1366 silly audit   'caniuse-lite': [ '1.0.30001759' ],
1366 silly audit   'electron-to-chromium': [ '1.5.266' ],
1366 silly audit   'node-releases': [ '2.0.27' ],
1366 silly audit   'update-browserslist-db': [ '1.2.2' ],
1366 silly audit   'object-assign': [ '4.1.1' ],
1366 silly audit   vary: [ '1.1.2' ],
1366 silly audit   'env-paths': [ '2.2.1' ],
1366 silly audit   'import-fresh': [ '3.3.1' ],
1366 silly audit   'js-yaml': [ '4.1.1' ],
1366 silly audit   'parse-json': [ '5.2.0' ],
1366 silly audit   'path-key': [ '3.1.1', '4.0.0' ],
1366 silly audit   'shebang-command': [ '2.0.0' ],
1366 silly audit   ms: [ '2.1.3' ],
1366 silly audit   '@ecies/ciphers': [ '0.2.5' ],
1366 silly audit   '@noble/ciphers': [ '1.3.0' ],
1366 silly audit   '@noble/curves': [ '1.9.7' ],
1366 silly audit   '@noble/hashes': [ '1.8.0' ],
1366 silly audit   '@sindresorhus/merge-streams': [ '4.0.0' ],
1366 silly audit   figures: [ '6.1.0' ],
1366 silly audit   'get-stream': [ '9.0.1', '6.0.1' ],
1366 silly audit   'human-signals': [ '8.0.1', '2.1.0' ],
1366 silly audit   'is-plain-obj': [ '4.1.0' ],
1366 silly audit   'is-stream': [ '4.0.1', '2.0.1' ],
1366 silly audit   'npm-run-path': [ '6.0.0', '4.0.1' ],
1366 silly audit   'pretty-ms': [ '9.3.0' ],
1366 silly audit   'signal-exit': [ '4.1.0', '3.0.7' ],
1366 silly audit   'strip-final-newline': [ '4.0.0', '2.0.0' ],
1366 silly audit   yoctocolors: [ '2.1.2' ],
1366 silly audit   accepts: [ '2.0.0' ],
1366 silly audit   'body-parser': [ '2.2.1' ],
1366 silly audit   'content-disposition': [ '1.0.1' ],
1366 silly audit   cookie: [ '0.7.2', '1.1.1' ],
1366 silly audit   'cookie-signature': [ '1.2.2' ],
1366 silly audit   depd: [ '2.0.0' ],
1366 silly audit   encodeurl: [ '2.0.0' ],
1366 silly audit   'escape-html': [ '1.0.3' ],
1366 silly audit   etag: [ '1.8.1' ],
1366 silly audit   finalhandler: [ '2.1.1' ],
1366 silly audit   fresh: [ '2.0.0' ],
1366 silly audit   'http-errors': [ '2.0.1' ],
1366 silly audit   'merge-descriptors': [ '2.0.0' ],
1366 silly audit   'mime-types': [ '3.0.2' ],
1366 silly audit   'on-finished': [ '2.4.1' ],
1366 silly audit   once: [ '1.4.0' ],
1366 silly audit   parseurl: [ '1.3.3' ],
1366 silly audit   'proxy-addr': [ '2.0.7' ],
1366 silly audit   qs: [ '6.14.0' ],
1366 silly audit   'range-parser': [ '1.2.1' ],
1366 silly audit   router: [ '2.2.0' ],
1366 silly audit   send: [ '1.2.0' ],
1366 silly audit   'serve-static': [ '2.2.0' ],
1366 silly audit   statuses: [ '2.0.2' ],
1366 silly audit   'type-is': [ '2.0.1' ],
1366 silly audit   negotiator: [ '1.0.0' ],
1366 silly audit   bytes: [ '3.1.2' ],
1366 silly audit   'iconv-lite': [ '0.7.0' ],
1366 silly audit   '@nodelib/fs.stat': [ '2.0.5' ],
1366 silly audit   '@nodelib/fs.walk': [ '1.2.8' ],
1366 silly audit   'glob-parent': [ '5.1.2' ],
1366 silly audit   merge2: [ '1.4.1' ],
1366 silly audit   micromatch: [ '4.0.8' ],
1366 silly audit   '@nodelib/fs.scandir': [ '2.1.5' ],
1366 silly audit   fastq: [ '1.19.1' ],
1366 silly audit   'run-parallel': [ '1.2.0' ],
1366 silly audit   reusify: [ '1.1.0' ],
1366 silly audit   'is-unicode-supported': [ '2.1.0', '1.3.0' ],
1366 silly audit   'graceful-fs': [ '4.2.11' ],
1366 silly audit   jsonfile: [ '6.2.0' ],
1366 silly audit   universalify: [ '2.0.1' ],
1366 silly audit   '@sec-ant/readable-stream': [ '0.4.1' ],
1366 silly audit   'is-glob': [ '4.0.3' ],
1366 silly audit   inherits: [ '2.0.4' ],
1366 silly audit   setprototypeof: [ '1.2.0' ],
1366 silly audit   toidentifier: [ '1.0.1' ],
1366 silly audit   'agent-base': [ '7.1.4' ],
1366 silly audit   'safer-buffer': [ '2.1.2' ],
1366 silly audit   'parent-module': [ '1.0.1' ],
1366 silly audit   'resolve-from': [ '4.0.0' ],
1366 silly audit   'is-extglob': [ '2.1.1' ],
1366 silly audit   argparse: [ '2.0.1' ],
1366 silly audit   yallist: [ '3.1.1' ],
1366 silly audit   braces: [ '3.0.3' ],
1366 silly audit   'fill-range': [ '7.1.1' ],
1366 silly audit   'to-regex-range': [ '5.0.1' ],
1366 silly audit   'mime-db': [ '1.54.0' ],
1366 silly audit   '@inquirer/confirm': [ '5.1.21' ],
1366 silly audit   '@mswjs/interceptors': [ '0.40.0' ],
1366 silly audit   '@open-draft/deferred-promise': [ '2.2.0' ],
1366 silly audit   '@types/statuses': [ '2.0.6' ],
1366 silly audit   graphql: [ '16.12.0' ],
1366 silly audit   'headers-polyfill': [ '4.0.3' ],
1366 silly audit   'is-node-process': [ '1.2.0' ],
1366 silly audit   outvariant: [ '1.4.3' ],
1366 silly audit   'path-to-regexp': [ '6.3.0', '8.3.0' ],
1366 silly audit   rettime: [ '0.7.0' ],
1366 silly audit   'strict-event-emitter': [ '0.5.1' ],
1366 silly audit   'tough-cookie': [ '6.0.0' ],
1366 silly audit   'type-fest': [ '5.3.0' ],
1366 silly audit   'until-async': [ '3.0.2' ],
1366 silly audit   yargs: [ '17.7.2' ],
1366 silly audit   '@inquirer/core': [ '10.3.2' ],
1366 silly audit   '@inquirer/type': [ '3.0.10' ],
1366 silly audit   '@inquirer/ansi': [ '1.0.2' ],
1366 silly audit   '@inquirer/figures': [ '1.0.15' ],
1366 silly audit   'cli-width': [ '4.1.0' ],
1366 silly audit   'mute-stream': [ '2.0.0' ],
1366 silly audit   'wrap-ansi': [ '6.2.0', '7.0.0' ],
1366 silly audit   'yoctocolors-cjs': [ '2.1.3' ],
1366 silly audit   '@open-draft/logger': [ '0.3.0' ],
1366 silly audit   '@open-draft/until': [ '2.1.0' ],
1366 silly audit   'data-uri-to-buffer': [ '4.0.1' ],
1366 silly audit   'fetch-blob': [ '3.2.0' ],
1366 silly audit   'formdata-polyfill': [ '4.0.10' ],
1366 silly audit   'node-domexception': [ '1.0.0' ],
1366 silly audit   'web-streams-polyfill': [ '3.3.3' ],
1366 silly audit   'unicorn-magic': [ '0.3.0' ],
1366 silly audit   'ee-first': [ '1.1.1' ],
1366 silly audit   wrappy: [ '1.0.2' ],
1366 silly audit   chalk: [ '5.6.2' ],
1366 silly audit   'cli-cursor': [ '5.0.0' ],
1366 silly audit   'cli-spinners': [ '2.9.2' ],
1366 silly audit   'is-interactive': [ '2.0.0' ],
1366 silly audit   'log-symbols': [ '6.0.0' ],
1366 silly audit   'stdin-discarder': [ '0.2.2' ],
1366 silly audit   'string-width': [ '7.2.0', '4.2.3' ],
1366 silly audit   'strip-ansi': [ '7.1.2', '6.0.1' ],
1366 silly audit   'restore-cursor': [ '5.1.0' ],
1366 silly audit   callsites: [ '3.1.0' ],
1366 silly audit   'error-ex': [ '1.3.4' ],
1366 silly audit   'json-parse-even-better-errors': [ '2.3.1' ],
1366 silly audit   'lines-and-columns': [ '1.2.4' ],
1366 silly audit   'is-arrayish': [ '0.2.1' ],
1366 silly audit   nanoid: [ '3.3.11' ],
1366 silly audit   'source-map-js': [ '1.2.1' ],
1366 silly audit   'parse-ms': [ '4.0.0' ],
1366 silly audit   sisteransi: [ '1.0.5' ],
1366 silly audit   forwarded: [ '0.2.0' ],
1366 silly audit   'ipaddr.js': [ '1.9.1' ],
1366 silly audit   'side-channel': [ '1.1.0' ],
1366 silly audit   unpipe: [ '1.0.0' ],
1366 silly audit   'ast-types': [ '0.16.1' ],
1366 silly audit   esprima: [ '4.0.1' ],
1366 silly audit   'source-map': [ '0.6.1' ],
1366 silly audit   'tiny-invariant': [ '1.3.3' ],
1366 silly audit   tslib: [ '2.8.1' ],
1366 silly audit   onetime: [ '7.0.0', '5.1.2' ],
1366 silly audit   'mimic-function': [ '5.0.1' ],
1366 silly audit   'is-promise': [ '4.0.0' ],
1366 silly audit   'queue-microtask': [ '1.2.3' ],
1366 silly audit   'shebang-regex': [ '3.0.0' ],
1366 silly audit   'es-errors': [ '1.3.0' ],
1366 silly audit   'object-inspect': [ '1.13.4' ],
1366 silly audit   'side-channel-list': [ '1.0.0' ],
1366 silly audit   'side-channel-map': [ '1.0.1' ],
1366 silly audit   'side-channel-weakmap': [ '1.0.2' ],
1366 silly audit   'call-bound': [ '1.0.4' ],
1366 silly audit   'get-intrinsic': [ '1.3.0' ],
1366 silly audit   'call-bind-apply-helpers': [ '1.0.2' ],
1366 silly audit   'function-bind': [ '1.1.2' ],
1366 silly audit   'es-define-property': [ '1.0.1' ],
1366 silly audit   'es-object-atoms': [ '1.1.1' ],
1366 silly audit   'get-proto': [ '1.0.1' ],
1366 silly audit   gopd: [ '1.2.0' ],
1366 silly audit   'has-symbols': [ '1.1.0' ],
1366 silly audit   hasown: [ '2.0.2' ],
1366 silly audit   'math-intrinsics': [ '1.1.0' ],
1366 silly audit   'dunder-proto': [ '1.0.1' ],
1366 silly audit   'emoji-regex': [ '10.6.0', '8.0.0' ],
1366 silly audit   'get-east-asian-width': [ '1.4.0' ],
1366 silly audit   'get-own-enumerable-keys': [ '1.0.0' ],
1366 silly audit   'is-obj': [ '3.0.0' ],
1366 silly audit   'is-regexp': [ '3.1.0' ],
1366 silly audit   'ansi-regex': [ '6.2.2', '5.0.1' ],
1366 silly audit   'is-number': [ '7.0.0' ],
1366 silly audit   tldts: [ '7.0.19' ],
1366 silly audit   'tldts-core': [ '7.0.19' ],
1366 silly audit   '@ts-morph/common': [ '0.27.0' ],
1366 silly audit   'code-block-writer': [ '13.0.3' ],
1366 silly audit   minimatch: [ '10.1.1' ],
1366 silly audit   'path-browserify': [ '1.0.1' ],
1366 silly audit   '@isaacs/brace-expansion': [ '5.0.0' ],
1366 silly audit   '@isaacs/balanced-match': [ '4.0.1' ],
1366 silly audit   minimist: [ '1.2.8' ],
1366 silly audit   'strip-bom': [ '3.0.0' ],
1366 silly audit   'tagged-tag': [ '1.0.0' ],
1366 silly audit   'media-typer': [ '1.1.0' ],
1366 silly audit   escalade: [ '3.2.0' ],
1366 silly audit   isexe: [ '3.1.1', '2.0.0' ],
1366 silly audit   'ansi-styles': [ '4.3.0' ],
1366 silly audit   'color-convert': [ '2.0.1' ],
1366 silly audit   'color-name': [ '1.1.4' ],
1366 silly audit   cliui: [ '8.0.1' ],
1366 silly audit   'get-caller-file': [ '2.0.5' ],
1366 silly audit   'require-directory': [ '2.1.1' ],
1366 silly audit   y18n: [ '5.0.8' ],
1366 silly audit   'yargs-parser': [ '21.1.1' ],
1366 silly audit   'merge-stream': [ '2.0.0' ],
1366 silly audit   'mimic-fn': [ '2.1.0' ],
1366 silly audit   'is-fullwidth-code-point': [ '3.0.0' ]
1366 silly audit }
1367 silly tarball no local data for is-obj@https://registry.npmjs.org/is-obj/-/is-obj-3.0.0.tgz. Extracting by manifest.
1368 silly tarball no local data for get-east-asian-width@https://registry.npmjs.org/get-east-asian-width/-/get-east-asian-width-1.4.0.tgz. Extracting by manifest.
1369 silly tarball no local data for is-fullwidth-code-point@https://registry.npmjs.org/is-fullwidth-code-point/-/is-fullwidth-code-point-3.0.0.tgz. Extracting by manifest.
1370 silly tarball no local data for mimic-fn@https://registry.npmjs.org/mimic-fn/-/mimic-fn-2.1.0.tgz. Extracting by manifest.
1371 silly tarball no local data for merge-stream@https://registry.npmjs.org/merge-stream/-/merge-stream-2.0.0.tgz. Extracting by manifest.
1372 silly tarball no local data for yargs-parser@https://registry.npmjs.org/yargs-parser/-/yargs-parser-21.1.1.tgz. Extracting by manifest.
1373 silly tarball no local data for y18n@https://registry.npmjs.org/y18n/-/y18n-5.0.8.tgz. Extracting by manifest.
1374 silly tarball no local data for require-directory@https://registry.npmjs.org/require-directory/-/require-directory-2.1.1.tgz. Extracting by manifest.
1375 silly tarball no local data for get-caller-file@https://registry.npmjs.org/get-caller-file/-/get-caller-file-2.0.5.tgz. Extracting by manifest.
1376 silly tarball no local data for cliui@https://registry.npmjs.org/cliui/-/cliui-8.0.1.tgz. Extracting by manifest.
1377 silly tarball no local data for isexe@https://registry.npmjs.org/isexe/-/isexe-3.1.1.tgz. Extracting by manifest.
1378 silly tarball no local data for media-typer@https://registry.npmjs.org/media-typer/-/media-typer-1.1.0.tgz. Extracting by manifest.
1379 silly tarball no local data for @isaacs/balanced-match@https://registry.npmjs.org/@isaacs/balanced-match/-/balanced-match-4.0.1.tgz. Extracting by manifest.
1380 silly tarball no local data for @isaacs/brace-expansion@https://registry.npmjs.org/@isaacs/brace-expansion/-/brace-expansion-5.0.0.tgz. Extracting by manifest.
1381 silly tarball no local data for path-browserify@https://registry.npmjs.org/path-browserify/-/path-browserify-1.0.1.tgz. Extracting by manifest.
1382 silly tarball no local data for minimatch@https://registry.npmjs.org/minimatch/-/minimatch-10.1.1.tgz. Extracting by manifest.
1383 silly tarball no local data for code-block-writer@https://registry.npmjs.org/code-block-writer/-/code-block-writer-13.0.3.tgz. Extracting by manifest.
1384 silly tarball no local data for @ts-morph/common@https://registry.npmjs.org/@ts-morph/common/-/common-0.27.0.tgz. Extracting by manifest.
1385 silly tarball no local data for tagged-tag@https://registry.npmjs.org/tagged-tag/-/tagged-tag-1.0.0.tgz. Extracting by manifest.
1386 silly tarball no local data for tldts-core@https://registry.npmjs.org/tldts-core/-/tldts-core-7.0.19.tgz. Extracting by manifest.
1387 silly tarball no local data for tldts@https://registry.npmjs.org/tldts/-/tldts-7.0.19.tgz. Extracting by manifest.
1388 silly tarball no local data for is-regexp@https://registry.npmjs.org/is-regexp/-/is-regexp-3.1.0.tgz. Extracting by manifest.
1389 silly tarball no local data for ansi-regex@https://registry.npmjs.org/ansi-regex/-/ansi-regex-6.2.2.tgz. Extracting by manifest.
1390 silly tarball no local data for yoctocolors-cjs@https://registry.npmjs.org/yoctocolors-cjs/-/yoctocolors-cjs-2.1.3.tgz. Extracting by manifest.
1391 silly tarball no local data for wrap-ansi@https://registry.npmjs.org/wrap-ansi/-/wrap-ansi-6.2.0.tgz. Extracting by manifest.
1392 silly tarball no local data for mute-stream@https://registry.npmjs.org/mute-stream/-/mute-stream-2.0.0.tgz. Extracting by manifest.
1393 silly tarball no local data for cli-width@https://registry.npmjs.org/cli-width/-/cli-width-4.1.0.tgz. Extracting by manifest.
1394 silly tarball no local data for @inquirer/figures@https://registry.npmjs.org/@inquirer/figures/-/figures-1.0.15.tgz. Extracting by manifest.
1395 silly tarball no local data for @inquirer/ansi@https://registry.npmjs.org/@inquirer/ansi/-/ansi-1.0.2.tgz. Extracting by manifest.
1396 silly tarball no local data for @inquirer/type@https://registry.npmjs.org/@inquirer/type/-/type-3.0.10.tgz. Extracting by manifest.
1397 silly tarball no local data for @inquirer/core@https://registry.npmjs.org/@inquirer/core/-/core-10.3.2.tgz. Extracting by manifest.
1398 silly tarball no local data for until-async@https://registry.npmjs.org/until-async/-/until-async-3.0.2.tgz. Extracting by manifest.
1399 silly tarball no local data for tough-cookie@https://registry.npmjs.org/tough-cookie/-/tough-cookie-6.0.0.tgz. Extracting by manifest.
1400 silly tarball no local data for strict-event-emitter@https://registry.npmjs.org/strict-event-emitter/-/strict-event-emitter-0.5.1.tgz. Extracting by manifest.
1401 silly tarball no local data for type-fest@https://registry.npmjs.org/type-fest/-/type-fest-5.3.0.tgz. Extracting by manifest.
1402 silly tarball no local data for yargs@https://registry.npmjs.org/yargs/-/yargs-17.7.2.tgz. Extracting by manifest.
1403 silly tarball no local data for rettime@https://registry.npmjs.org/rettime/-/rettime-0.7.0.tgz. Extracting by manifest.
1404 silly tarball no local data for path-to-regexp@https://registry.npmjs.org/path-to-regexp/-/path-to-regexp-6.3.0.tgz. Extracting by manifest.
1405 silly tarball no local data for outvariant@https://registry.npmjs.org/outvariant/-/outvariant-1.4.3.tgz. Extracting by manifest.
1406 silly tarball no local data for is-node-process@https://registry.npmjs.org/is-node-process/-/is-node-process-1.2.0.tgz. Extracting by manifest.
1407 silly tarball no local data for headers-polyfill@https://registry.npmjs.org/headers-polyfill/-/headers-polyfill-4.0.3.tgz. Extracting by manifest.
1408 silly tarball no local data for graphql@https://registry.npmjs.org/graphql/-/graphql-16.12.0.tgz. Extracting by manifest.
1409 silly tarball no local data for @open-draft/deferred-promise@https://registry.npmjs.org/@open-draft/deferred-promise/-/deferred-promise-2.2.0.tgz. Extracting by manifest.
1410 silly tarball no local data for @mswjs/interceptors@https://registry.npmjs.org/@mswjs/interceptors/-/interceptors-0.40.0.tgz. Extracting by manifest.
1411 silly tarball no local data for @types/statuses@https://registry.npmjs.org/@types/statuses/-/statuses-2.0.6.tgz. Extracting by manifest.
1412 silly tarball no local data for @inquirer/confirm@https://registry.npmjs.org/@inquirer/confirm/-/confirm-5.1.21.tgz. Extracting by manifest.
1413 silly tarball no local data for mime-db@https://registry.npmjs.org/mime-db/-/mime-db-1.54.0.tgz. Extracting by manifest.
1414 silly tarball no local data for safer-buffer@https://registry.npmjs.org/safer-buffer/-/safer-buffer-2.1.2.tgz. Extracting by manifest.
1415 silly tarball no local data for toidentifier@https://registry.npmjs.org/toidentifier/-/toidentifier-1.0.1.tgz. Extracting by manifest.
1416 silly tarball no local data for setprototypeof@https://registry.npmjs.org/setprototypeof/-/setprototypeof-1.2.0.tgz. Extracting by manifest.
1417 silly tarball no local data for agent-base@https://registry.npmjs.org/agent-base/-/agent-base-7.1.4.tgz. Extracting by manifest.
1418 silly tarball no local data for inherits@https://registry.npmjs.org/inherits/-/inherits-2.0.4.tgz. Extracting by manifest.
1419 silly tarball no local data for @sec-ant/readable-stream@https://registry.npmjs.org/@sec-ant/readable-stream/-/readable-stream-0.4.1.tgz. Extracting by manifest.
1420 silly tarball no local data for universalify@https://registry.npmjs.org/universalify/-/universalify-2.0.1.tgz. Extracting by manifest.
1421 silly tarball no local data for jsonfile@https://registry.npmjs.org/jsonfile/-/jsonfile-6.2.0.tgz. Extracting by manifest.
1422 silly tarball no local data for is-unicode-supported@https://registry.npmjs.org/is-unicode-supported/-/is-unicode-supported-2.1.0.tgz. Extracting by manifest.
1423 silly tarball no local data for bytes@https://registry.npmjs.org/bytes/-/bytes-3.1.2.tgz. Extracting by manifest.
1424 silly tarball no local data for iconv-lite@https://registry.npmjs.org/iconv-lite/-/iconv-lite-0.7.0.tgz. Extracting by manifest.
1425 silly tarball no local data for negotiator@https://registry.npmjs.org/negotiator/-/negotiator-1.0.0.tgz. Extracting by manifest.
1426 silly tarball no local data for cors@https://registry.npmjs.org/cors/-/cors-2.8.5.tgz. Extracting by manifest.
1427 silly tarball no local data for eciesjs@https://registry.npmjs.org/eciesjs/-/eciesjs-0.4.16.tgz. Extracting by manifest.
1428 silly tarball no local data for dotenv@https://registry.npmjs.org/dotenv/-/dotenv-17.2.3.tgz. Extracting by manifest.
1429 silly tarball no local data for ajv@https://registry.npmjs.org/ajv/-/ajv-8.17.1.tgz. Extracting by manifest.
1430 silly tarball no local data for emoji-regex@https://registry.npmjs.org/emoji-regex/-/emoji-regex-10.6.0.tgz. Extracting by manifest.
1431 silly tarball no local data for is-promise@https://registry.npmjs.org/is-promise/-/is-promise-4.0.0.tgz. Extracting by manifest.
1432 silly tarball no local data for mimic-function@https://registry.npmjs.org/mimic-function/-/mimic-function-5.0.1.tgz. Extracting by manifest.
1433 silly tarball no local data for onetime@https://registry.npmjs.org/onetime/-/onetime-7.0.0.tgz. Extracting by manifest.
1434 silly tarball no local data for tiny-invariant@https://registry.npmjs.org/tiny-invariant/-/tiny-invariant-1.3.3.tgz. Extracting by manifest.
1435 silly tarball no local data for source-map@https://registry.npmjs.org/source-map/-/source-map-0.6.1.tgz. Extracting by manifest.
1436 silly tarball no local data for esprima@https://registry.npmjs.org/esprima/-/esprima-4.0.1.tgz. Extracting by manifest.
1437 silly tarball no local data for ast-types@https://registry.npmjs.org/ast-types/-/ast-types-0.16.1.tgz. Extracting by manifest.
1438 silly tarball no local data for ipaddr.js@https://registry.npmjs.org/ipaddr.js/-/ipaddr.js-1.9.1.tgz. Extracting by manifest.
1439 silly tarball no local data for forwarded@https://registry.npmjs.org/forwarded/-/forwarded-0.2.0.tgz. Extracting by manifest.
1440 silly tarball no local data for parse-ms@https://registry.npmjs.org/parse-ms/-/parse-ms-4.0.0.tgz. Extracting by manifest.
1441 silly tarball no local data for sisteransi@https://registry.npmjs.org/sisteransi/-/sisteransi-1.0.5.tgz. Extracting by manifest.
1442 silly tarball no local data for is-arrayish@https://registry.npmjs.org/is-arrayish/-/is-arrayish-0.2.1.tgz. Extracting by manifest.
1443 silly tarball no local data for lines-and-columns@https://registry.npmjs.org/lines-and-columns/-/lines-and-columns-1.2.4.tgz. Extracting by manifest.
1444 silly tarball no local data for get-own-enumerable-keys@https://registry.npmjs.org/get-own-enumerable-keys/-/get-own-enumerable-keys-1.0.0.tgz. Extracting by manifest.
1445 silly tarball no local data for unpipe@https://registry.npmjs.org/unpipe/-/unpipe-1.0.0.tgz. Extracting by manifest.
1446 silly tarball no local data for json-parse-even-better-errors@https://registry.npmjs.org/json-parse-even-better-errors/-/json-parse-even-better-errors-2.3.1.tgz. Extracting by manifest.
1447 silly tarball no local data for restore-cursor@https://registry.npmjs.org/restore-cursor/-/restore-cursor-5.1.0.tgz. Extracting by manifest.
1448 silly tarball no local data for error-ex@https://registry.npmjs.org/error-ex/-/error-ex-1.3.4.tgz. Extracting by manifest.
1449 silly tarball no local data for strip-ansi@https://registry.npmjs.org/strip-ansi/-/strip-ansi-7.1.2.tgz. Extracting by manifest.
1450 silly tarball no local data for string-width@https://registry.npmjs.org/string-width/-/string-width-7.2.0.tgz. Extracting by manifest.
1451 silly tarball no local data for stdin-discarder@https://registry.npmjs.org/stdin-discarder/-/stdin-discarder-0.2.2.tgz. Extracting by manifest.
1452 silly tarball no local data for is-interactive@https://registry.npmjs.org/is-interactive/-/is-interactive-2.0.0.tgz. Extracting by manifest.
1453 silly tarball no local data for cli-spinners@https://registry.npmjs.org/cli-spinners/-/cli-spinners-2.9.2.tgz. Extracting by manifest.
1454 silly tarball no local data for log-symbols@https://registry.npmjs.org/log-symbols/-/log-symbols-6.0.0.tgz. Extracting by manifest.
1455 silly tarball no local data for cli-cursor@https://registry.npmjs.org/cli-cursor/-/cli-cursor-5.0.0.tgz. Extracting by manifest.
1456 silly tarball no local data for wrappy@https://registry.npmjs.org/wrappy/-/wrappy-1.0.2.tgz. Extracting by manifest.
1457 silly tarball no local data for ee-first@https://registry.npmjs.org/ee-first/-/ee-first-1.1.1.tgz. Extracting by manifest.
1458 silly tarball no local data for unicorn-magic@https://registry.npmjs.org/unicorn-magic/-/unicorn-magic-0.3.0.tgz. Extracting by manifest.
1459 silly tarball no local data for chalk@https://registry.npmjs.org/chalk/-/chalk-5.6.2.tgz. Extracting by manifest.
1460 silly tarball no local data for web-streams-polyfill@https://registry.npmjs.org/web-streams-polyfill/-/web-streams-polyfill-3.3.3.tgz. Extracting by manifest.
1461 silly tarball no local data for node-domexception@https://registry.npmjs.org/node-domexception/-/node-domexception-1.0.0.tgz. Extracting by manifest.
1462 silly tarball no local data for formdata-polyfill@https://registry.npmjs.org/formdata-polyfill/-/formdata-polyfill-4.0.10.tgz. Extracting by manifest.
1463 silly tarball no local data for onetime@https://registry.npmjs.org/onetime/-/onetime-5.1.2.tgz. Extracting by manifest.
1464 silly tarball no local data for npm-run-path@https://registry.npmjs.org/npm-run-path/-/npm-run-path-4.0.1.tgz. Extracting by manifest.
1465 silly tarball no local data for is-stream@https://registry.npmjs.org/is-stream/-/is-stream-2.0.1.tgz. Extracting by manifest.
1466 silly tarball no local data for human-signals@https://registry.npmjs.org/human-signals/-/human-signals-2.1.0.tgz. Extracting by manifest.
1467 silly tarball no local data for get-stream@https://registry.npmjs.org/get-stream/-/get-stream-6.0.1.tgz. Extracting by manifest.
1468 silly tarball no local data for execa@https://registry.npmjs.org/execa/-/execa-5.1.1.tgz. Extracting by manifest.
1469 silly tarball no local data for commander@https://registry.npmjs.org/commander/-/commander-11.1.0.tgz. Extracting by manifest.
1470 silly tarball no local data for fetch-blob@https://registry.npmjs.org/fetch-blob/-/fetch-blob-3.2.0.tgz. Extracting by manifest.
1471 silly tarball no local data for data-uri-to-buffer@https://registry.npmjs.org/data-uri-to-buffer/-/data-uri-to-buffer-4.0.1.tgz. Extracting by manifest.
1472 silly tarball no local data for @open-draft/until@https://registry.npmjs.org/@open-draft/until/-/until-2.1.0.tgz. Extracting by manifest.
1473 silly tarball no local data for @open-draft/logger@https://registry.npmjs.org/@open-draft/logger/-/logger-0.3.0.tgz. Extracting by manifest.
1474 silly tarball no local data for type-is@https://registry.npmjs.org/type-is/-/type-is-2.0.1.tgz. Extracting by manifest.
1475 silly tarball no local data for statuses@https://registry.npmjs.org/statuses/-/statuses-2.0.2.tgz. Extracting by manifest.
1476 silly tarball no local data for serve-static@https://registry.npmjs.org/serve-static/-/serve-static-2.2.0.tgz. Extracting by manifest.
1477 silly tarball no local data for send@https://registry.npmjs.org/send/-/send-1.2.0.tgz. Extracting by manifest.
1478 silly tarball no local data for range-parser@https://registry.npmjs.org/range-parser/-/range-parser-1.2.1.tgz. Extracting by manifest.
1479 silly tarball no local data for router@https://registry.npmjs.org/router/-/router-2.2.0.tgz. Extracting by manifest.
1480 silly tarball no local data for qs@https://registry.npmjs.org/qs/-/qs-6.14.0.tgz. Extracting by manifest.
1481 silly tarball no local data for proxy-addr@https://registry.npmjs.org/proxy-addr/-/proxy-addr-2.0.7.tgz. Extracting by manifest.
1482 silly tarball no local data for parseurl@https://registry.npmjs.org/parseurl/-/parseurl-1.3.3.tgz. Extracting by manifest.
1483 silly tarball no local data for once@https://registry.npmjs.org/once/-/once-1.4.0.tgz. Extracting by manifest.
1484 silly tarball no local data for on-finished@https://registry.npmjs.org/on-finished/-/on-finished-2.4.1.tgz. Extracting by manifest.
1485 silly tarball no local data for mime-types@https://registry.npmjs.org/mime-types/-/mime-types-3.0.2.tgz. Extracting by manifest.
1486 silly tarball no local data for merge-descriptors@https://registry.npmjs.org/merge-descriptors/-/merge-descriptors-2.0.0.tgz. Extracting by manifest.
1487 silly tarball no local data for http-errors@https://registry.npmjs.org/http-errors/-/http-errors-2.0.1.tgz. Extracting by manifest.
1488 silly tarball no local data for fresh@https://registry.npmjs.org/fresh/-/fresh-2.0.0.tgz. Extracting by manifest.
1489 silly tarball no local data for finalhandler@https://registry.npmjs.org/finalhandler/-/finalhandler-2.1.1.tgz. Extracting by manifest.
1490 silly tarball no local data for etag@https://registry.npmjs.org/etag/-/etag-1.8.1.tgz. Extracting by manifest.
1491 silly tarball no local data for escape-html@https://registry.npmjs.org/escape-html/-/escape-html-1.0.3.tgz. Extracting by manifest.
1492 silly tarball no local data for encodeurl@https://registry.npmjs.org/encodeurl/-/encodeurl-2.0.0.tgz. Extracting by manifest.
1493 silly tarball no local data for cookie-signature@https://registry.npmjs.org/cookie-signature/-/cookie-signature-1.2.2.tgz. Extracting by manifest.
1494 silly tarball no local data for cookie@https://registry.npmjs.org/cookie/-/cookie-0.7.2.tgz. Extracting by manifest.
1495 silly tarball no local data for content-disposition@https://registry.npmjs.org/content-disposition/-/content-disposition-1.0.1.tgz. Extracting by manifest.
1496 silly tarball no local data for body-parser@https://registry.npmjs.org/body-parser/-/body-parser-2.2.1.tgz. Extracting by manifest.
1497 silly tarball no local data for accepts@https://registry.npmjs.org/accepts/-/accepts-2.0.0.tgz. Extracting by manifest.
1498 silly tarball no local data for yoctocolors@https://registry.npmjs.org/yoctocolors/-/yoctocolors-2.1.2.tgz. Extracting by manifest.
1499 silly tarball no local data for strip-final-newline@https://registry.npmjs.org/strip-final-newline/-/strip-final-newline-4.0.0.tgz. Extracting by manifest.
1500 silly tarball no local data for signal-exit@https://registry.npmjs.org/signal-exit/-/signal-exit-4.1.0.tgz. Extracting by manifest.
1501 silly tarball no local data for pretty-ms@https://registry.npmjs.org/pretty-ms/-/pretty-ms-9.3.0.tgz. Extracting by manifest.
1502 silly tarball no local data for npm-run-path@https://registry.npmjs.org/npm-run-path/-/npm-run-path-6.0.0.tgz. Extracting by manifest.
1503 silly tarball no local data for is-stream@https://registry.npmjs.org/is-stream/-/is-stream-4.0.1.tgz. Extracting by manifest.
1504 silly tarball no local data for is-plain-obj@https://registry.npmjs.org/is-plain-obj/-/is-plain-obj-4.1.0.tgz. Extracting by manifest.
1505 silly tarball no local data for human-signals@https://registry.npmjs.org/human-signals/-/human-signals-8.0.1.tgz. Extracting by manifest.
1506 silly tarball no local data for get-stream@https://registry.npmjs.org/get-stream/-/get-stream-9.0.1.tgz. Extracting by manifest.
1507 silly tarball no local data for figures@https://registry.npmjs.org/figures/-/figures-6.1.0.tgz. Extracting by manifest.
1508 silly tarball no local data for @sindresorhus/merge-streams@https://registry.npmjs.org/@sindresorhus/merge-streams/-/merge-streams-4.0.0.tgz. Extracting by manifest.
1509 silly tarball no local data for @noble/hashes@https://registry.npmjs.org/@noble/hashes/-/hashes-1.8.0.tgz. Extracting by manifest.
1510 silly tarball no local data for @noble/curves@https://registry.npmjs.org/@noble/curves/-/curves-1.9.7.tgz. Extracting by manifest.
1511 silly tarball no local data for @noble/ciphers@https://registry.npmjs.org/@noble/ciphers/-/ciphers-1.3.0.tgz. Extracting by manifest.
1512 silly tarball no local data for @ecies/ciphers@https://registry.npmjs.org/@ecies/ciphers/-/ciphers-0.2.5.tgz. Extracting by manifest.
1513 silly tarball no local data for parse-json@https://registry.npmjs.org/parse-json/-/parse-json-5.2.0.tgz. Extracting by manifest.
1514 silly tarball no local data for depd@https://registry.npmjs.org/depd/-/depd-2.0.0.tgz. Extracting by manifest.
1515 silly tarball no local data for env-paths@https://registry.npmjs.org/env-paths/-/env-paths-2.2.1.tgz. Extracting by manifest.
1516 silly tarball no local data for vary@https://registry.npmjs.org/vary/-/vary-1.1.2.tgz. Extracting by manifest.
1517 silly tarball no local data for json-schema-traverse@https://registry.npmjs.org/json-schema-traverse/-/json-schema-traverse-1.0.0.tgz. Extracting by manifest.
1518 silly tarball no local data for fast-uri@https://registry.npmjs.org/fast-uri/-/fast-uri-3.1.0.tgz. Extracting by manifest.
1519 silly tarball no local data for require-from-string@https://registry.npmjs.org/require-from-string/-/require-from-string-2.0.2.tgz. Extracting by manifest.
1520 silly tarball no local data for raw-body@https://registry.npmjs.org/raw-body/-/raw-body-3.0.2.tgz. Extracting by manifest.
1521 silly tarball no local data for pkce-challenge@https://registry.npmjs.org/pkce-challenge/-/pkce-challenge-5.0.1.tgz. Extracting by manifest.
1522 silly tarball no local data for jose@https://registry.npmjs.org/jose/-/jose-6.1.3.tgz. Extracting by manifest.
1523 silly tarball no local data for express-rate-limit@https://registry.npmjs.org/express-rate-limit/-/express-rate-limit-7.5.1.tgz. Extracting by manifest.
1524 silly tarball no local data for express@https://registry.npmjs.org/express/-/express-5.2.1.tgz. Extracting by manifest.
1525 silly tarball no local data for eventsource-parser@https://registry.npmjs.org/eventsource-parser/-/eventsource-parser-3.0.6.tgz. Extracting by manifest.
1526 silly tarball no local data for eventsource@https://registry.npmjs.org/eventsource/-/eventsource-3.0.7.tgz. Extracting by manifest.
1527 silly tarball no local data for content-type@https://registry.npmjs.org/content-type/-/content-type-1.0.5.tgz. Extracting by manifest.
1528 silly tarball no local data for ajv-formats@https://registry.npmjs.org/ajv-formats/-/ajv-formats-3.0.1.tgz. Extracting by manifest.
1529 silly tarball no local data for which@https://registry.npmjs.org/which/-/which-4.0.0.tgz. Extracting by manifest.
1530 silly tarball no local data for object-treeify@https://registry.npmjs.org/object-treeify/-/object-treeify-1.1.33.tgz. Extracting by manifest.
1531 silly tarball no local data for @babel/plugin-transform-modules-commonjs@https://registry.npmjs.org/@babel/plugin-transform-modules-commonjs/-/plugin-transform-modules-commonjs-7.27.1.tgz. Extracting by manifest.
1532 silly tarball no local data for @babel/plugin-syntax-jsx@https://registry.npmjs.org/@babel/plugin-syntax-jsx/-/plugin-syntax-jsx-7.27.1.tgz. Extracting by manifest.
1533 silly tarball no local data for @babel/helper-replace-supers@https://registry.npmjs.org/@babel/helper-replace-supers/-/helper-replace-supers-7.27.1.tgz. Extracting by manifest.
1534 silly tarball no local data for @babel/helper-optimise-call-expression@https://registry.npmjs.org/@babel/helper-optimise-call-expression/-/helper-optimise-call-expression-7.27.1.tgz. Extracting by manifest.
1535 silly tarball no local data for @babel/helper-member-expression-to-functions@https://registry.npmjs.org/@babel/helper-member-expression-to-functions/-/helper-member-expression-to-functions-7.28.5.tgz. Extracting by manifest.
1536 silly tarball no local data for @babel/plugin-syntax-typescript@https://registry.npmjs.org/@babel/plugin-syntax-typescript/-/plugin-syntax-typescript-7.27.1.tgz. Extracting by manifest.
1537 silly tarball no local data for @babel/helper-skip-transparent-expression-wrappers@https://registry.npmjs.org/@babel/helper-skip-transparent-expression-wrappers/-/helper-skip-transparent-expression-wrappers-7.27.1.tgz. Extracting by manifest.
1538 silly tarball no local data for @babel/helper-plugin-utils@https://registry.npmjs.org/@babel/helper-plugin-utils/-/helper-plugin-utils-7.27.1.tgz. Extracting by manifest.
1539 silly tarball no local data for @babel/helper-create-class-features-plugin@https://registry.npmjs.org/@babel/helper-create-class-features-plugin/-/helper-create-class-features-plugin-7.28.5.tgz. Extracting by manifest.
1540 silly tarball no local data for @babel/helper-annotate-as-pure@https://registry.npmjs.org/@babel/helper-annotate-as-pure/-/helper-annotate-as-pure-7.27.3.tgz. Extracting by manifest.
1541 silly tarball no local data for tinyexec@https://registry.npmjs.org/tinyexec/-/tinyexec-1.0.2.tgz. Extracting by manifest.
1542 silly tarball no local data for package-manager-detector@https://registry.npmjs.org/package-manager-detector/-/package-manager-detector-1.6.0.tgz. Extracting by manifest.
1543 silly tarball no local data for fzf@https://registry.npmjs.org/fzf/-/fzf-0.5.2.tgz. Extracting by manifest.
1544 silly tarball no local data for ansis@https://registry.npmjs.org/ansis/-/ansis-4.2.0.tgz. Extracting by manifest.
1545 silly tarball no local data for zod-to-json-schema@https://registry.npmjs.org/zod-to-json-schema/-/zod-to-json-schema-3.25.0.tgz. Extracting by manifest.
1546 silly tarball no local data for zod@https://registry.npmjs.org/zod/-/zod-3.25.76.tgz. Extracting by manifest.
1547 silly tarball no local data for tsconfig-paths@https://registry.npmjs.org/tsconfig-paths/-/tsconfig-paths-4.2.0.tgz. Extracting by manifest.
1548 silly tarball no local data for ts-morph@https://registry.npmjs.org/ts-morph/-/ts-morph-26.0.0.tgz. Extracting by manifest.
1549 silly tarball no local data for stringify-object@https://registry.npmjs.org/stringify-object/-/stringify-object-5.0.0.tgz. Extracting by manifest.
1550 silly tarball no local data for recast@https://registry.npmjs.org/recast/-/recast-0.23.11.tgz. Extracting by manifest.
1551 silly tarball no local data for prompts@https://registry.npmjs.org/prompts/-/prompts-2.4.2.tgz. Extracting by manifest.
1552 silly tarball no local data for ora@https://registry.npmjs.org/ora/-/ora-8.2.0.tgz. Extracting by manifest.
1553 silly tarball no local data for node-fetch@https://registry.npmjs.org/node-fetch/-/node-fetch-3.3.2.tgz. Extracting by manifest.
1554 silly tarball no local data for msw@https://registry.npmjs.org/msw/-/msw-2.12.4.tgz. Extracting by manifest.
1555 silly tarball no local data for kleur@https://registry.npmjs.org/kleur/-/kleur-4.1.5.tgz. Extracting by manifest.
1556 silly tarball no local data for https-proxy-agent@https://registry.npmjs.org/https-proxy-agent/-/https-proxy-agent-7.0.6.tgz. Extracting by manifest.
1557 silly tarball no local data for fuzzysort@https://registry.npmjs.org/fuzzysort/-/fuzzysort-3.1.0.tgz. Extracting by manifest.
1558 silly tarball no local data for fs-extra@https://registry.npmjs.org/fs-extra/-/fs-extra-11.3.2.tgz. Extracting by manifest.
1559 silly tarball no local data for fast-glob@https://registry.npmjs.org/fast-glob/-/fast-glob-3.3.3.tgz. Extracting by manifest.
1560 silly tarball no local data for execa@https://registry.npmjs.org/execa/-/execa-9.6.1.tgz. Extracting by manifest.
1561 silly tarball no local data for diff@https://registry.npmjs.org/diff/-/diff-8.0.2.tgz. Extracting by manifest.
1562 silly tarball no local data for deepmerge@https://registry.npmjs.org/deepmerge/-/deepmerge-4.3.1.tgz. Extracting by manifest.
1563 silly tarball no local data for dedent@https://registry.npmjs.org/dedent/-/dedent-1.7.0.tgz. Extracting by manifest.
1564 silly tarball no local data for cosmiconfig@https://registry.npmjs.org/cosmiconfig/-/cosmiconfig-9.0.0.tgz. Extracting by manifest.
1565 silly tarball no local data for commander@https://registry.npmjs.org/commander/-/commander-14.0.2.tgz. Extracting by manifest.
1566 silly tarball no local data for @modelcontextprotocol/sdk@https://registry.npmjs.org/@modelcontextprotocol/sdk/-/sdk-1.24.3.tgz. Extracting by manifest.
1567 silly tarball no local data for @dotenvx/dotenvx@https://registry.npmjs.org/@dotenvx/dotenvx/-/dotenvx-1.51.1.tgz. Extracting by manifest.
1568 silly tarball no local data for @babel/plugin-transform-typescript@https://registry.npmjs.org/@babel/plugin-transform-typescript/-/plugin-transform-typescript-7.28.5.tgz. Extracting by manifest.
1569 silly tarball no local data for @babel/preset-typescript@https://registry.npmjs.org/@babel/preset-typescript/-/preset-typescript-7.28.5.tgz. Extracting by manifest.
1570 silly tarball no local data for @antfu/ni@https://registry.npmjs.org/@antfu/ni/-/ni-25.0.0.tgz. Extracting by manifest.
1571 silly tarball no local data for shadcn@https://registry.npmjs.org/shadcn/-/shadcn-3.5.1.tgz. Extracting by manifest.
1572 silly tarball no local data for ansi-regex@https://registry.npmjs.org/ansi-regex/-/ansi-regex-5.0.1.tgz. Extracting by manifest.
1573 silly tarball no local data for wrap-ansi@https://registry.npmjs.org/wrap-ansi/-/wrap-ansi-7.0.0.tgz. Extracting by manifest.
1574 silly tarball no local data for emoji-regex@https://registry.npmjs.org/emoji-regex/-/emoji-regex-8.0.0.tgz. Extracting by manifest.
1575 silly tarball no local data for is-unicode-supported@https://registry.npmjs.org/is-unicode-supported/-/is-unicode-supported-1.3.0.tgz. Extracting by manifest.
1576 silly tarball no local data for ansi-regex@https://registry.npmjs.org/ansi-regex/-/ansi-regex-5.0.1.tgz. Extracting by manifest.
1577 silly tarball no local data for emoji-regex@https://registry.npmjs.org/emoji-regex/-/emoji-regex-8.0.0.tgz. Extracting by manifest.
1578 silly tarball no local data for strip-ansi@https://registry.npmjs.org/strip-ansi/-/strip-ansi-6.0.1.tgz. Extracting by manifest.
1579 silly tarball no local data for strip-ansi@https://registry.npmjs.org/strip-ansi/-/strip-ansi-6.0.1.tgz. Extracting by manifest.
1580 silly tarball no local data for strip-ansi@https://registry.npmjs.org/strip-ansi/-/strip-ansi-6.0.1.tgz. Extracting by manifest.
1581 silly tarball no local data for emoji-regex@https://registry.npmjs.org/emoji-regex/-/emoji-regex-8.0.0.tgz. Extracting by manifest.
1582 silly tarball no local data for ansi-regex@https://registry.npmjs.org/ansi-regex/-/ansi-regex-5.0.1.tgz. Extracting by manifest.
1583 silly tarball no local data for string-width@https://registry.npmjs.org/string-width/-/string-width-4.2.3.tgz. Extracting by manifest.
1584 silly tarball no local data for string-width@https://registry.npmjs.org/string-width/-/string-width-4.2.3.tgz. Extracting by manifest.
1585 silly tarball no local data for string-width@https://registry.npmjs.org/string-width/-/string-width-4.2.3.tgz. Extracting by manifest.
1586 silly tarball no local data for path-to-regexp@https://registry.npmjs.org/path-to-regexp/-/path-to-regexp-8.3.0.tgz. Extracting by manifest.
1587 silly tarball no local data for path-key@https://registry.npmjs.org/path-key/-/path-key-4.0.0.tgz. Extracting by manifest.
1588 silly tarball no local data for kleur@https://registry.npmjs.org/kleur/-/kleur-3.0.3.tgz. Extracting by manifest.
1589 silly tarball no local data for cookie@https://registry.npmjs.org/cookie/-/cookie-1.1.1.tgz. Extracting by manifest.
1590 silly tarball no local data for strip-final-newline@https://registry.npmjs.org/strip-final-newline/-/strip-final-newline-2.0.0.tgz. Extracting by manifest.
1591 silly tarball no local data for signal-exit@https://registry.npmjs.org/signal-exit/-/signal-exit-3.0.7.tgz. Extracting by manifest.
1592 http fetch POST 200 https://registry.npmjs.org/-/npm/v1/security/advisories/bulk 3146ms
1593 timing auditReport:getReport Completed in 3182ms
1594 silly audit report {}
1595 timing auditReport:init Completed in 0ms
1596 timing reify:audit Completed in 3188ms
1597 timing reifyNode:node_modules/color-name Completed in 10260ms
1598 timing reifyNode:node_modules/strip-bom Completed in 10309ms
1599 timing reifyNode:node_modules/is-number Completed in 10316ms
1600 timing reifyNode:node_modules/parent-module Completed in 10445ms
1601 timing reifyNode:node_modules/is-extglob Completed in 10446ms
1602 timing reifyNode:node_modules/resolve-from Completed in 10448ms
1603 timing reifyNode:node_modules/run-parallel Completed in 10446ms
1604 timing reifyNode:node_modules/merge2 Completed in 10447ms
1605 timing reifyNode:node_modules/ms Completed in 10902ms
1606 timing reifyNode:node_modules/shebang-command Completed in 10903ms
1607 timing reifyNode:node_modules/object-assign Completed in 10919ms
1608 timing reifyNode:node_modules/import-fresh Completed in 11366ms
1609 timing reifyNode:node_modules/fill-range Completed in 11399ms
1610 timing reifyNode:node_modules/to-regex-range Completed in 11439ms
1611 timing reifyNode:node_modules/is-glob Completed in 11440ms
1612 timing reifyNode:node_modules/glob-parent Completed in 11437ms
1613 timing reifyNode:node_modules/queue-microtask Completed in 12021ms
1614 timing reifyNode:node_modules/callsites Completed in 12018ms
1615 timing reifyNode:node_modules/shebang-regex Completed in 12042ms
1616 timing reifyNode:node_modules/path-key Completed in 12181ms
1617 timing reifyNode:node_modules/ansi-styles Completed in 12399ms
1618 timing reifyNode:node_modules/lru-cache Completed in 12354ms
1619 timing reifyNode:node_modules/convert-source-map Completed in 12370ms
1620 timing reifyNode:node_modules/yallist Completed in 12466ms
1621 timing reifyNode:node_modules/js-tokens Completed in 12686ms
1622 timing reifyNode:node_modules/graceful-fs Completed in 12789ms
1623 timing reifyNode:node_modules/picocolors Completed in 13349ms
1624 timing reifyNode:node_modules/@babel/helper-string-parser Completed in 13455ms
1625 timing reifyNode:node_modules/micromatch Completed in 13478ms
1626 timing reifyNode:node_modules/cross-spawn/node_modules/which Completed in 13502ms
1627 timing reifyNode:node_modules/@babel/code-frame Completed in 13608ms
1628 timing reifyNode:node_modules/update-browserslist-db Completed in 13751ms
1629 timing reifyNode:node_modules/color-convert Completed in 13859ms
1630 http fetch GET 200 https://registry.npmjs.org/is-fullwidth-code-point/-/is-fullwidth-code-point-3.0.0.tgz 13124ms (cache miss)
1631 timing reifyNode:node_modules/is-fullwidth-code-point Completed in 14244ms
1632 http fetch GET 200 https://registry.npmjs.org/mimic-fn/-/mimic-fn-2.1.0.tgz 13124ms (cache miss)
1633 timing reifyNode:node_modules/mimic-fn Completed in 14248ms
1634 http fetch GET 200 https://registry.npmjs.org/merge-stream/-/merge-stream-2.0.0.tgz 13119ms (cache miss)
1635 timing reifyNode:node_modules/merge-stream Completed in 14249ms
1636 http fetch GET 200 https://registry.npmjs.org/cliui/-/cliui-8.0.1.tgz 13070ms (cache miss)
1637 http fetch GET 200 https://registry.npmjs.org/path-browserify/-/path-browserify-1.0.1.tgz 13001ms (cache miss)
1638 http fetch GET 200 https://registry.npmjs.org/media-typer/-/media-typer-1.1.0.tgz 13052ms (cache miss)
1639 timing reifyNode:node_modules/media-typer Completed in 14248ms
1640 http fetch GET 200 https://registry.npmjs.org/@isaacs/brace-expansion/-/brace-expansion-5.0.0.tgz 13033ms (cache miss)
1641 timing reifyNode:node_modules/@babel/helper-globals Completed in 14190ms
1642 timing reifyNode:node_modules/debug Completed in 14199ms
1643 http fetch GET 200 https://registry.npmjs.org/tagged-tag/-/tagged-tag-1.0.0.tgz 13000ms (cache miss)
1644 timing reifyNode:node_modules/tagged-tag Completed in 14276ms
1645 http fetch GET 200 https://registry.npmjs.org/is-regexp/-/is-regexp-3.1.0.tgz 12981ms (cache miss)
1646 timing reifyNode:node_modules/is-regexp Completed in 14278ms
1647 http fetch GET 200 https://registry.npmjs.org/ansi-regex/-/ansi-regex-6.2.2.tgz 12975ms (cache miss)
1648 timing reifyNode:node_modules/ansi-regex Completed in 14281ms
1649 http fetch GET 200 https://registry.npmjs.org/mute-stream/-/mute-stream-2.0.0.tgz 13111ms (cache miss)
1650 timing reifyNode:node_modules/mute-stream Completed in 14443ms
1651 http fetch GET 200 https://registry.npmjs.org/cli-width/-/cli-width-4.1.0.tgz 13084ms (cache miss)
1652 timing reifyNode:node_modules/cli-width Completed in 14453ms
1653 http fetch GET 200 https://registry.npmjs.org/is-obj/-/is-obj-3.0.0.tgz 13519ms (cache miss)
1654 timing reifyNode:node_modules/is-obj Completed in 14479ms
1655 http fetch GET 200 https://registry.npmjs.org/get-east-asian-width/-/get-east-asian-width-1.4.0.tgz 13505ms (cache miss)
1656 timing reifyNode:node_modules/get-east-asian-width Completed in 14484ms
1657 http fetch GET 200 https://registry.npmjs.org/y18n/-/y18n-5.0.8.tgz 13488ms (cache miss)
1658 http fetch GET 200 https://registry.npmjs.org/require-directory/-/require-directory-2.1.1.tgz 13490ms (cache miss)
1659 timing reifyNode:node_modules/require-directory Completed in 14645ms
1660 http fetch GET 200 https://registry.npmjs.org/until-async/-/until-async-3.0.2.tgz 13236ms (cache miss)
1661 http fetch GET 200 https://registry.npmjs.org/@inquirer/figures/-/figures-1.0.15.tgz 13251ms (cache miss)
1662 http fetch GET 200 https://registry.npmjs.org/@inquirer/ansi/-/ansi-1.0.2.tgz 13254ms (cache miss)
1663 http fetch GET 200 https://registry.npmjs.org/@inquirer/type/-/type-3.0.10.tgz 13250ms (cache miss)
1664 http fetch GET 200 https://registry.npmjs.org/yoctocolors-cjs/-/yoctocolors-cjs-2.1.3.tgz 13384ms (cache miss)
1665 timing reifyNode:node_modules/yoctocolors-cjs Completed in 14702ms
1666 http fetch GET 200 https://registry.npmjs.org/wrap-ansi/-/wrap-ansi-6.2.0.tgz 13440ms (cache miss)
1667 timing reifyNode:node_modules/wrap-ansi Completed in 14769ms
1668 http fetch GET 200 https://registry.npmjs.org/is-node-process/-/is-node-process-1.2.0.tgz 13354ms (cache miss)
1669 timing reifyNode:node_modules/is-node-process Completed in 14763ms
1670 timing reifyNode:node_modules/hasown Completed in 14848ms
1671 timing reifyNode:node_modules/cross-spawn/node_modules/isexe Completed in 14789ms
1672 timing reifyNode:node_modules/until-async Completed in 14942ms
1673 timing reifyNode:node_modules/cross-spawn Completed in 14976ms
1674 http fetch GET 200 https://registry.npmjs.org/get-caller-file/-/get-caller-file-2.0.5.tgz 13897ms (cache miss)
1675 timing reifyNode:node_modules/get-caller-file Completed in 15064ms
1676 timing reifyNode:node_modules/gensync Completed in 15061ms
1677 timing reifyNode:node_modules/semver Completed in 15075ms
1678 http fetch GET 200 https://registry.npmjs.org/@open-draft/deferred-promise/-/deferred-promise-2.2.0.tgz 13735ms (cache miss)
1679 http fetch GET 200 https://registry.npmjs.org/outvariant/-/outvariant-1.4.3.tgz 13801ms (cache miss)
1680 timing reifyNode:node_modules/outvariant Completed in 15211ms
1681 http fetch GET 200 https://registry.npmjs.org/toidentifier/-/toidentifier-1.0.1.tgz 13684ms (cache miss)
1682 timing reifyNode:node_modules/toidentifier Completed in 15217ms
1683 http fetch GET 200 https://registry.npmjs.org/inherits/-/inherits-2.0.4.tgz 13624ms (cache miss)
1684 timing reifyNode:node_modules/inherits Completed in 15220ms
1685 http fetch GET 200 https://registry.npmjs.org/setprototypeof/-/setprototypeof-1.2.0.tgz 13672ms (cache miss)
1686 timing reifyNode:node_modules/setprototypeof Completed in 15222ms
1687 http fetch GET 200 https://registry.npmjs.org/jsonfile/-/jsonfile-6.2.0.tgz 13620ms (cache miss)
1688 timing reifyNode:node_modules/jsonfile Completed in 15265ms
1689 http fetch GET 200 https://registry.npmjs.org/universalify/-/universalify-2.0.1.tgz 13634ms (cache miss)
1690 timing reifyNode:node_modules/universalify Completed in 15269ms
1691 http fetch GET 200 https://registry.npmjs.org/@types/statuses/-/statuses-2.0.6.tgz 13840ms (cache miss)
1692 timing reifyNode:node_modules/@types/statuses Completed in 15289ms
1693 http fetch GET 200 https://registry.npmjs.org/@inquirer/confirm/-/confirm-5.1.21.tgz 13837ms (cache miss)
1694 http fetch GET 200 https://registry.npmjs.org/emoji-regex/-/emoji-regex-10.6.0.tgz 13589ms (cache miss)
1695 timing reifyNode:node_modules/emoji-regex Completed in 15348ms
1696 timing reifyNode:node_modules/cliui Completed in 15408ms
1697 timing reifyNode:node_modules/node-releases Completed in 15387ms
1698 timing reifyNode:node_modules/@open-draft/deferred-promise Completed in 15418ms
1699 timing reifyNode:node_modules/ignore Completed in 15385ms
1700 timing reifyNode:node_modules/escalade Completed in 15464ms
1701 timing reifyNode:node_modules/@jridgewell/resolve-uri Completed in 15397ms
1702 http fetch GET 200 https://registry.npmjs.org/strict-event-emitter/-/strict-event-emitter-0.5.1.tgz 14046ms (cache miss)
1703 http fetch GET 200 https://registry.npmjs.org/is-unicode-supported/-/is-unicode-supported-2.1.0.tgz 13769ms (cache miss)
1704 timing reifyNode:node_modules/is-unicode-supported Completed in 15421ms
1705 http fetch GET 200 https://registry.npmjs.org/safer-buffer/-/safer-buffer-2.1.2.tgz 13932ms (cache miss)
1706 timing reifyNode:node_modules/safer-buffer Completed in 15433ms
1707 timing reifyNode:node_modules/@babel/helper-validator-option Completed in 15398ms
1708 timing reifyNode:node_modules/jsesc Completed in 15399ms
1709 http fetch GET 200 https://registry.npmjs.org/error-ex/-/error-ex-1.3.4.tgz 13637ms (cache miss)
1710 timing reifyNode:node_modules/error-ex Completed in 15498ms
1711 http fetch GET 200 https://registry.npmjs.org/strip-ansi/-/strip-ansi-7.1.2.tgz 13640ms (cache miss)
1712 timing reifyNode:node_modules/strip-ansi Completed in 15504ms
1713 http fetch GET 200 https://registry.npmjs.org/string-width/-/string-width-7.2.0.tgz 13645ms (cache miss)
1714 timing reifyNode:node_modules/string-width Completed in 15513ms
1715 http fetch GET 200 https://registry.npmjs.org/lines-and-columns/-/lines-and-columns-1.2.4.tgz 13679ms (cache miss)
1716 timing reifyNode:node_modules/lines-and-columns Completed in 15519ms
1717 http fetch GET 200 https://registry.npmjs.org/rettime/-/rettime-0.7.0.tgz 14143ms (cache miss)
1718 http fetch GET 200 https://registry.npmjs.org/bytes/-/bytes-3.1.2.tgz 13865ms (cache miss)
1719 timing reifyNode:node_modules/bytes Completed in 15527ms
1720 http fetch GET 200 https://registry.npmjs.org/negotiator/-/negotiator-1.0.0.tgz 13864ms (cache miss)
1721 http fetch GET 200 https://registry.npmjs.org/cors/-/cors-2.8.5.tgz 13862ms (cache miss)
1722 timing reifyNode:node_modules/cors Completed in 15518ms
1723 timing reifyNode:node_modules/call-bound Completed in 15601ms
1724 timing reifyNode:node_modules/y18n Completed in 15649ms
1725 timing reifyNode:node_modules/strict-event-emitter Completed in 15620ms
1726 http fetch GET 200 https://registry.npmjs.org/ipaddr.js/-/ipaddr.js-1.9.1.tgz 13884ms (cache miss)
1727 http fetch GET 200 https://registry.npmjs.org/forwarded/-/forwarded-0.2.0.tgz 13883ms (cache miss)
1728 timing reifyNode:node_modules/forwarded Completed in 15702ms
1729 http fetch GET 200 https://registry.npmjs.org/parse-ms/-/parse-ms-4.0.0.tgz 13888ms (cache miss)
1730 timing reifyNode:node_modules/parse-ms Completed in 15707ms
1731 http fetch GET 200 https://registry.npmjs.org/sisteransi/-/sisteransi-1.0.5.tgz 13886ms (cache miss)
1732 timing reifyNode:node_modules/sisteransi Completed in 15710ms
1733 http fetch GET 200 https://registry.npmjs.org/is-arrayish/-/is-arrayish-0.2.1.tgz 13885ms (cache miss)
1734 timing reifyNode:node_modules/is-arrayish Completed in 15709ms
1735 http fetch GET 200 https://registry.npmjs.org/is-promise/-/is-promise-4.0.0.tgz 13931ms (cache miss)
1736 timing reifyNode:node_modules/is-promise Completed in 15716ms
1737 http fetch GET 200 https://registry.npmjs.org/mimic-function/-/mimic-function-5.0.1.tgz 13923ms (cache miss)
1738 timing reifyNode:node_modules/mimic-function Completed in 15717ms
1739 http fetch GET 200 https://registry.npmjs.org/onetime/-/onetime-7.0.0.tgz 13920ms (cache miss)
1740 timing reifyNode:node_modules/onetime Completed in 15719ms
1741 http fetch GET 200 https://registry.npmjs.org/tiny-invariant/-/tiny-invariant-1.3.3.tgz 13918ms (cache miss)
1742 http fetch GET 200 https://registry.npmjs.org/@sec-ant/readable-stream/-/readable-stream-0.4.1.tgz 14082ms (cache miss)
1743 http fetch GET 200 https://registry.npmjs.org/get-own-enumerable-keys/-/get-own-enumerable-keys-1.0.0.tgz 13889ms (cache miss)
1744 timing reifyNode:node_modules/get-own-enumerable-keys Completed in 15746ms
1745 http fetch GET 200 https://registry.npmjs.org/unpipe/-/unpipe-1.0.0.tgz 13886ms (cache miss)
1746 timing reifyNode:node_modules/unpipe Completed in 15738ms
1747 http fetch GET 200 https://registry.npmjs.org/restore-cursor/-/restore-cursor-5.1.0.tgz 13879ms (cache miss)
1748 timing reifyNode:node_modules/restore-cursor Completed in 15735ms
1749 timing reifyNode:node_modules/@babel/helper-validator-identifier Completed in 15681ms
1750 http fetch GET 200 https://registry.npmjs.org/statuses/-/statuses-2.0.2.tgz 13801ms (cache miss)
1751 timing reifyNode:node_modules/statuses Completed in 15733ms
1752 http fetch GET 200 https://registry.npmjs.org/@open-draft/until/-/until-2.1.0.tgz 13812ms (cache miss)
1753 timing reifyNode:node_modules/@open-draft/until Completed in 15773ms
1754 http fetch GET 200 https://registry.npmjs.org/type-is/-/type-is-2.0.1.tgz 13821ms (cache miss)
1755 timing reifyNode:node_modules/type-is Completed in 15751ms
1756 http fetch GET 200 https://registry.npmjs.org/@open-draft/logger/-/logger-0.3.0.tgz 13838ms (cache miss)
1757 timing reifyNode:node_modules/@open-draft/logger Completed in 15794ms
1758 http fetch GET 200 https://registry.npmjs.org/mime-types/-/mime-types-3.0.2.tgz 13798ms (cache miss)
1759 timing reifyNode:node_modules/mime-types Completed in 15771ms
1760 http fetch GET 200 https://registry.npmjs.org/send/-/send-1.2.0.tgz 13837ms (cache miss)
1761 timing reifyNode:node_modules/send Completed in 15779ms
1762 http fetch GET 200 https://registry.npmjs.org/proxy-addr/-/proxy-addr-2.0.7.tgz 13832ms (cache miss)
1763 timing reifyNode:node_modules/proxy-addr Completed in 15783ms
1764 http fetch GET 200 https://registry.npmjs.org/serve-static/-/serve-static-2.2.0.tgz 13861ms (cache miss)
1765 timing reifyNode:node_modules/serve-static Completed in 15800ms
1766 http fetch GET 200 https://registry.npmjs.org/range-parser/-/range-parser-1.2.1.tgz 13867ms (cache miss)
1767 timing reifyNode:node_modules/range-parser Completed in 15807ms
1768 timing reifyNode:node_modules/side-channel-weakmap Completed in 15930ms
1769 http fetch GET 200 https://registry.npmjs.org/agent-base/-/agent-base-7.1.4.tgz 14335ms (cache miss)
1770 http fetch GET 200 https://registry.npmjs.org/log-symbols/-/log-symbols-6.0.0.tgz 14054ms (cache miss)
1771 timing reifyNode:node_modules/log-symbols Completed in 15947ms
1772 http fetch GET 200 https://registry.npmjs.org/cli-cursor/-/cli-cursor-5.0.0.tgz 14057ms (cache miss)
1773 timing reifyNode:node_modules/cli-cursor Completed in 15951ms
1774 http fetch GET 200 https://registry.npmjs.org/cli-spinners/-/cli-spinners-2.9.2.tgz 14072ms (cache miss)
1775 timing reifyNode:node_modules/cli-spinners Completed in 15959ms
1776 http fetch GET 200 https://registry.npmjs.org/is-interactive/-/is-interactive-2.0.0.tgz 14085ms (cache miss)
1777 timing reifyNode:node_modules/is-interactive Completed in 15975ms
1778 http fetch GET 200 https://registry.npmjs.org/stdin-discarder/-/stdin-discarder-0.2.2.tgz 14095ms (cache miss)
1779 timing reifyNode:node_modules/stdin-discarder Completed in 15977ms
1780 http fetch GET 200 https://registry.npmjs.org/wrappy/-/wrappy-1.0.2.tgz 14091ms (cache miss)
1781 timing reifyNode:node_modules/wrappy Completed in 15985ms
1782 http fetch GET 200 https://registry.npmjs.org/ee-first/-/ee-first-1.1.1.tgz 14093ms (cache miss)
1783 timing reifyNode:node_modules/ee-first Completed in 15991ms
1784 timing reifyNode:node_modules/@inquirer/ansi Completed in 16006ms
1785 timing reifyNode:node_modules/ipaddr.js Completed in 16026ms
1786 http fetch GET 200 https://registry.npmjs.org/unicorn-magic/-/unicorn-magic-0.3.0.tgz 14125ms (cache miss)
1787 timing reifyNode:node_modules/unicorn-magic Completed in 16025ms
1788 timing reifyNode:node_modules/fast-deep-equal Completed in 15998ms
1789 timing reifyNode:node_modules/fdir Completed in 15998ms
1790 http fetch GET 200 https://registry.npmjs.org/node-domexception/-/node-domexception-1.0.0.tgz 14189ms (cache miss)
1791 http fetch GET 200 https://registry.npmjs.org/onetime/-/onetime-5.1.2.tgz 14185ms (cache miss)
1792 timing reifyNode:node_modules/@dotenvx/dotenvx/node_modules/onetime Completed in 16039ms
1793 http fetch GET 200 https://registry.npmjs.org/npm-run-path/-/npm-run-path-4.0.1.tgz 14186ms (cache miss)
1794 timing reifyNode:node_modules/@dotenvx/dotenvx/node_modules/npm-run-path Completed in 16043ms
1795 http fetch GET 200 https://registry.npmjs.org/execa/-/execa-5.1.1.tgz 14179ms (cache miss)
1796 http fetch GET 200 https://registry.npmjs.org/get-stream/-/get-stream-6.0.1.tgz 14185ms (cache miss)
1797 timing reifyNode:node_modules/@dotenvx/dotenvx/node_modules/get-stream Completed in 16047ms
1798 http fetch GET 200 https://registry.npmjs.org/on-finished/-/on-finished-2.4.1.tgz 14134ms (cache miss)
1799 timing reifyNode:node_modules/on-finished Completed in 16099ms
1800 timing reifyNode:node_modules/braces Completed in 16118ms
1801 timing reifyNode:node_modules/rettime Completed in 16130ms
1802 http fetch GET 200 https://registry.npmjs.org/vary/-/vary-1.1.2.tgz 14037ms (cache miss)
1803 timing reifyNode:node_modules/vary Completed in 16154ms
1804 http fetch GET 200 https://registry.npmjs.org/require-from-string/-/require-from-string-2.0.2.tgz 14027ms (cache miss)
1805 timing reifyNode:node_modules/require-from-string Completed in 16154ms
1806 http fetch GET 200 https://registry.npmjs.org/content-type/-/content-type-1.0.5.tgz 13965ms (cache miss)
1807 timing reifyNode:node_modules/content-type Completed in 16153ms
1808 http fetch GET 200 https://registry.npmjs.org/eventsource-parser/-/eventsource-parser-3.0.6.tgz 13975ms (cache miss)
1809 timing reifyNode:node_modules/es-define-property Completed in 16253ms
1810 http fetch GET 200 https://registry.npmjs.org/once/-/once-1.4.0.tgz 14254ms (cache miss)
1811 timing reifyNode:node_modules/once Completed in 16216ms
1812 http fetch GET 200 https://registry.npmjs.org/etag/-/etag-1.8.1.tgz 14250ms (cache miss)
1813 timing reifyNode:node_modules/etag Completed in 16231ms
1814 timing reifyNode:node_modules/side-channel-list Completed in 16290ms
1815 http fetch GET 200 https://registry.npmjs.org/escape-html/-/escape-html-1.0.3.tgz 14311ms (cache miss)
1816 timing reifyNode:node_modules/escape-html Completed in 16298ms
1817 http fetch GET 200 https://registry.npmjs.org/encodeurl/-/encodeurl-2.0.0.tgz 14313ms (cache miss)
1818 timing reifyNode:node_modules/encodeurl Completed in 16303ms
1819 http fetch GET 200 https://registry.npmjs.org/content-disposition/-/content-disposition-1.0.1.tgz 14314ms (cache miss)
1820 timing reifyNode:node_modules/content-disposition Completed in 16309ms
1821 http fetch GET 200 https://registry.npmjs.org/cookie-signature/-/cookie-signature-1.2.2.tgz 14322ms (cache miss)
1822 timing reifyNode:node_modules/cookie-signature Completed in 16313ms
1823 http fetch GET 200 https://registry.npmjs.org/accepts/-/accepts-2.0.0.tgz 14313ms (cache miss)
1824 timing reifyNode:node_modules/accepts Completed in 16315ms
1825 http fetch GET 200 https://registry.npmjs.org/http-errors/-/http-errors-2.0.1.tgz 14348ms (cache miss)
1826 timing reifyNode:node_modules/http-errors Completed in 16323ms
1827 http fetch GET 200 https://registry.npmjs.org/fresh/-/fresh-2.0.0.tgz 14348ms (cache miss)
1828 timing reifyNode:node_modules/fresh Completed in 16326ms
1829 http fetch GET 200 https://registry.npmjs.org/finalhandler/-/finalhandler-2.1.1.tgz 14354ms (cache miss)
1830 timing reifyNode:node_modules/finalhandler Completed in 16336ms
1831 http fetch GET 200 https://registry.npmjs.org/merge-descriptors/-/merge-descriptors-2.0.0.tgz 14369ms (cache miss)
1832 timing reifyNode:node_modules/merge-descriptors Completed in 16339ms
1833 http fetch GET 200 https://registry.npmjs.org/is-plain-obj/-/is-plain-obj-4.1.0.tgz 14267ms (cache miss)
1834 timing reifyNode:node_modules/is-plain-obj Completed in 16339ms
1835 http fetch GET 200 https://registry.npmjs.org/npm-run-path/-/npm-run-path-6.0.0.tgz 14281ms (cache miss)
1836 timing reifyNode:node_modules/npm-run-path Completed in 16344ms
1837 http fetch GET 200 https://registry.npmjs.org/is-stream/-/is-stream-4.0.1.tgz 14281ms (cache miss)
1838 timing reifyNode:node_modules/is-stream Completed in 16346ms
1839 http fetch GET 200 https://registry.npmjs.org/strip-final-newline/-/strip-final-newline-4.0.0.tgz 14330ms (cache miss)
1840 timing reifyNode:node_modules/strip-final-newline Completed in 16350ms
1841 http fetch GET 200 https://registry.npmjs.org/yoctocolors/-/yoctocolors-2.1.2.tgz 14347ms (cache miss)
1842 timing reifyNode:node_modules/yoctocolors Completed in 16352ms
1843 http fetch GET 200 https://registry.npmjs.org/formdata-polyfill/-/formdata-polyfill-4.0.10.tgz 14515ms (cache miss)
1844 http fetch GET 200 https://registry.npmjs.org/is-stream/-/is-stream-2.0.1.tgz 14509ms (cache miss)
1845 timing reifyNode:node_modules/@dotenvx/dotenvx/node_modules/is-stream Completed in 16364ms
1846 http fetch GET 200 https://registry.npmjs.org/get-stream/-/get-stream-9.0.1.tgz 14314ms (cache miss)
1847 http fetch GET 200 https://registry.npmjs.org/figures/-/figures-6.1.0.tgz 14313ms (cache miss)
1848 timing reifyNode:node_modules/figures Completed in 16393ms
1849 http fetch GET 200 https://registry.npmjs.org/@sindresorhus/merge-streams/-/merge-streams-4.0.0.tgz 14312ms (cache miss)
1850 timing reifyNode:node_modules/@sindresorhus/merge-streams Completed in 16394ms
1851 http fetch GET 200 https://registry.npmjs.org/env-paths/-/env-paths-2.2.1.tgz 14295ms (cache miss)
1852 timing reifyNode:node_modules/env-paths Completed in 16396ms
1853 http fetch GET 200 https://registry.npmjs.org/depd/-/depd-2.0.0.tgz 14300ms (cache miss)
1854 timing reifyNode:node_modules/depd Completed in 16405ms
1855 http fetch GET 200 https://registry.npmjs.org/parse-json/-/parse-json-5.2.0.tgz 14306ms (cache miss)
1856 timing reifyNode:node_modules/parse-json Completed in 16402ms
1857 http fetch GET 200 https://registry.npmjs.org/json-parse-even-better-errors/-/json-parse-even-better-errors-2.3.1.tgz 14598ms (cache miss)
1858 timing reifyNode:node_modules/json-parse-even-better-errors Completed in 16449ms
1859 http fetch GET 200 https://registry.npmjs.org/human-signals/-/human-signals-2.1.0.tgz 14540ms (cache miss)
1860 http fetch GET 200 https://registry.npmjs.org/stringify-object/-/stringify-object-5.0.0.tgz 13874ms (cache miss)
1861 timing reifyNode:node_modules/stringify-object Completed in 16408ms
1862 http fetch GET 200 https://registry.npmjs.org/kleur/-/kleur-4.1.5.tgz 13859ms (cache miss)
1863 http fetch GET 200 https://registry.npmjs.org/ora/-/ora-8.2.0.tgz 13892ms (cache miss)
1864 timing reifyNode:node_modules/ora Completed in 16433ms
1865 http fetch GET 200 https://registry.npmjs.org/parseurl/-/parseurl-1.3.3.tgz 14536ms (cache miss)
1866 timing reifyNode:node_modules/parseurl Completed in 16486ms
1867 timing reifyNode:node_modules/negotiator Completed in 16511ms
1868 timing reifyNode:node_modules/@inquirer/confirm Completed in 16536ms
1869 timing reifyNode:node_modules/browserslist Completed in 16497ms
1870 timing reifyNode:node_modules/gopd Completed in 16591ms
1871 http fetch GET 200 https://registry.npmjs.org/which/-/which-4.0.0.tgz 14341ms (cache miss)
1872 timing reifyNode:node_modules/which Completed in 16535ms
1873 http fetch GET 200 https://registry.npmjs.org/@babel/plugin-syntax-jsx/-/plugin-syntax-jsx-7.27.1.tgz 14263ms (cache miss)
1874 timing reifyNode:node_modules/@babel/plugin-syntax-jsx Completed in 16537ms
1875 http fetch GET 200 https://registry.npmjs.org/@babel/helper-skip-transparent-expression-wrappers/-/helper-skip-transparent-expression-wrappers-7.27.1.tgz 14245ms (cache miss)
1876 timing reifyNode:node_modules/@babel/helper-skip-transparent-expression-wrappers Completed in 16539ms
1877 http fetch GET 200 https://registry.npmjs.org/@babel/helper-optimise-call-expression/-/helper-optimise-call-expression-7.27.1.tgz 14264ms (cache miss)
1878 timing reifyNode:node_modules/@babel/helper-optimise-call-expression Completed in 16544ms
1879 http fetch GET 200 https://registry.npmjs.org/@babel/plugin-syntax-typescript/-/plugin-syntax-typescript-7.27.1.tgz 14258ms (cache miss)
1880 timing reifyNode:node_modules/@babel/plugin-syntax-typescript Completed in 16546ms
1881 http fetch GET 200 https://registry.npmjs.org/@babel/helper-member-expression-to-functions/-/helper-member-expression-to-functions-7.28.5.tgz 14263ms (cache miss)
1882 timing reifyNode:node_modules/@babel/helper-member-expression-to-functions Completed in 16548ms
1883 timing reifyNode:node_modules/side-channel-map Completed in 16627ms
1884 timing reifyNode:node_modules/side-channel Completed in 16634ms
1885 http fetch GET 200 https://registry.npmjs.org/ansis/-/ansis-4.2.0.tgz 14080ms (cache miss)
1886 timing reifyNode:node_modules/ansis Completed in 16596ms
1887 http fetch GET 200 https://registry.npmjs.org/cookie/-/cookie-0.7.2.tgz 14630ms (cache miss)
1888 timing reifyNode:node_modules/cookie Completed in 16622ms
1889 http fetch GET 200 https://registry.npmjs.org/package-manager-detector/-/package-manager-detector-1.6.0.tgz 14117ms (cache miss)
1890 http fetch GET 200 https://registry.npmjs.org/@ecies/ciphers/-/ciphers-0.2.5.tgz 14530ms (cache miss)
1891 http fetch GET 200 https://registry.npmjs.org/@babel/helper-plugin-utils/-/helper-plugin-utils-7.27.1.tgz 14320ms (cache miss)
1892 timing reifyNode:node_modules/@babel/helper-plugin-utils Completed in 16615ms
1893 http fetch GET 200 https://registry.npmjs.org/tinyexec/-/tinyexec-1.0.2.tgz 14132ms (cache miss)
1894 timing reifyNode:node_modules/tinyexec Completed in 16611ms
1895 http fetch GET 200 https://registry.npmjs.org/@babel/helper-annotate-as-pure/-/helper-annotate-as-pure-7.27.3.tgz 14298ms (cache miss)
1896 timing reifyNode:node_modules/@babel/helper-annotate-as-pure Completed in 16629ms
1897 http fetch GET 200 https://registry.npmjs.org/human-signals/-/human-signals-8.0.1.tgz 14572ms (cache miss)
1898 http fetch GET 200 https://registry.npmjs.org/@isaacs/balanced-match/-/balanced-match-4.0.1.tgz 15502ms (cache miss)
1899 timing reifyNode:node_modules/formdata-polyfill Completed in 16724ms
1900 http fetch GET 200 https://registry.npmjs.org/fetch-blob/-/fetch-blob-3.2.0.tgz 14803ms (cache miss)
1901 timing reifyNode:node_modules/fetch-blob Completed in 16741ms
1902 http fetch GET 200 https://registry.npmjs.org/data-uri-to-buffer/-/data-uri-to-buffer-4.0.1.tgz 14855ms (cache miss)
1903 timing reifyNode:node_modules/data-uri-to-buffer Completed in 16797ms
1904 http fetch GET 200 https://registry.npmjs.org/pkce-challenge/-/pkce-challenge-5.0.1.tgz 14647ms (cache miss)
1905 http fetch GET 200 https://registry.npmjs.org/raw-body/-/raw-body-3.0.2.tgz 14665ms (cache miss)
1906 timing reifyNode:node_modules/raw-body Completed in 16795ms
1907 http fetch GET 200 https://registry.npmjs.org/deepmerge/-/deepmerge-4.3.1.tgz 14206ms (cache miss)
1908 http fetch GET 200 https://registry.npmjs.org/emoji-regex/-/emoji-regex-8.0.0.tgz 14176ms (cache miss)
1909 http fetch GET 200 https://registry.npmjs.org/dedent/-/dedent-1.7.0.tgz 14229ms (cache miss)
1910 timing reifyNode:node_modules/dunder-proto Completed in 16913ms
1911 timing reifyNode:node_modules/agent-base Completed in 16891ms
1912 http fetch GET 200 https://registry.npmjs.org/ansi-regex/-/ansi-regex-5.0.1.tgz 14222ms (cache miss)
1913 timing reifyNode:node_modules/cliui/node_modules/ansi-regex Completed in 16940ms
1914 http fetch GET 200 https://registry.npmjs.org/@babel/helper-replace-supers/-/helper-replace-supers-7.27.1.tgz 14600ms (cache miss)
1915 timing reifyNode:node_modules/@babel/helper-replace-supers Completed in 16872ms
1916 http fetch GET 200 https://registry.npmjs.org/is-unicode-supported/-/is-unicode-supported-1.3.0.tgz 14221ms (cache miss)
1917 timing reifyNode:node_modules/log-symbols/node_modules/is-unicode-supported Completed in 16929ms
1918 timing reifyNode:node_modules/@inquirer/figures Completed in 17002ms
1919 http fetch GET 200 https://registry.npmjs.org/pretty-ms/-/pretty-ms-9.3.0.tgz 14936ms (cache miss)
1920 timing reifyNode:node_modules/pretty-ms Completed in 16978ms
1921 timing reifyNode:node_modules/get-intrinsic Completed in 17035ms
1922 http fetch GET 200 https://registry.npmjs.org/path-key/-/path-key-4.0.0.tgz 14280ms (cache miss)
1923 timing reifyNode:node_modules/npm-run-path/node_modules/path-key Completed in 17004ms
1924 http fetch GET 200 https://registry.npmjs.org/kleur/-/kleur-3.0.3.tgz 14278ms (cache miss)
1925 timing reifyNode:node_modules/prompts/node_modules/kleur Completed in 16986ms
1926 http fetch GET 200 https://registry.npmjs.org/strip-final-newline/-/strip-final-newline-2.0.0.tgz 14277ms (cache miss)
1927 timing reifyNode:node_modules/@dotenvx/dotenvx/node_modules/strip-final-newline Completed in 16986ms
1928 http fetch GET 200 https://registry.npmjs.org/path-to-regexp/-/path-to-regexp-8.3.0.tgz 14294ms (cache miss)
1929 timing reifyNode:node_modules/picomatch Completed in 17004ms
1930 http fetch GET 200 https://registry.npmjs.org/string-width/-/string-width-4.2.3.tgz 14319ms (cache miss)
1931 timing reifyNode:node_modules/cliui/node_modules/string-width Completed in 17076ms
1932 timing reifyNode:node_modules/kleur Completed in 17004ms
1933 http fetch GET 200 https://registry.npmjs.org/json-schema-traverse/-/json-schema-traverse-1.0.0.tgz 14913ms (cache miss)
1934 timing reifyNode:node_modules/argparse Completed in 17059ms
1935 http fetch GET 200 https://registry.npmjs.org/fuzzysort/-/fuzzysort-3.1.0.tgz 14459ms (cache miss)
1936 timing reifyNode:node_modules/fuzzysort Completed in 17025ms
1937 http fetch GET 200 https://registry.npmjs.org/wrap-ansi/-/wrap-ansi-7.0.0.tgz 14403ms (cache miss)
1938 timing reifyNode:node_modules/cliui/node_modules/wrap-ansi Completed in 17122ms
1939 timing reifyNode:node_modules/function-bind Completed in 17125ms
1940 timing reifyNode:node_modules/es-object-atoms Completed in 17130ms
1941 timing reifyNode:node_modules/pkce-challenge Completed in 17076ms
1942 http fetch GET 200 https://registry.npmjs.org/body-parser/-/body-parser-2.2.1.tgz 15090ms (cache miss)
1943 http fetch GET 200 https://registry.npmjs.org/strip-ansi/-/strip-ansi-6.0.1.tgz 14410ms (cache miss)
1944 timing reifyNode:node_modules/cliui/node_modules/strip-ansi Completed in 17152ms
1945 http fetch GET 200 https://registry.npmjs.org/@babel/preset-typescript/-/preset-typescript-7.28.5.tgz 14452ms (cache miss)
1946 timing reifyNode:node_modules/@babel/preset-typescript Completed in 17066ms
1947 http fetch GET 200 https://registry.npmjs.org/object-treeify/-/object-treeify-1.1.33.tgz 14890ms (cache miss)
1948 timing reifyNode:node_modules/object-treeify Completed in 17087ms
1949 timing reifyNode:node_modules/router/node_modules/path-to-regexp Completed in 17107ms
1950 http fetch GET 200 https://registry.npmjs.org/signal-exit/-/signal-exit-3.0.7.tgz 14403ms (cache miss)
1951 timing reifyNode:node_modules/@dotenvx/dotenvx/node_modules/signal-exit Completed in 17114ms
1952 http fetch GET 200 https://registry.npmjs.org/cookie/-/cookie-1.1.1.tgz 14413ms (cache miss)
1953 timing reifyNode:node_modules/@babel/helper-module-imports Completed in 17136ms
1954 timing reifyNode:node_modules/cliui/node_modules/emoji-regex Completed in 17230ms
1955 timing reifyNode:node_modules/micromatch/node_modules/picomatch Completed in 17180ms
1956 timing reifyNode:node_modules/get-proto Completed in 17224ms
1957 http fetch GET 200 https://registry.npmjs.org/@babel/plugin-transform-modules-commonjs/-/plugin-transform-modules-commonjs-7.27.1.tgz 14898ms (cache miss)
1958 timing reifyNode:node_modules/human-signals Completed in 17187ms
1959 timing reifyNode:node_modules/@isaacs/balanced-match Completed in 17253ms
1960 http fetch GET 200 https://registry.npmjs.org/path-to-regexp/-/path-to-regexp-6.3.0.tgz 15870ms (cache miss)
1961 http fetch GET 200 https://registry.npmjs.org/headers-polyfill/-/headers-polyfill-4.0.3.tgz 15936ms (cache miss)
1962 timing reifyNode:node_modules/package-manager-detector Completed in 17385ms
1963 timing reifyNode:node_modules/msw/node_modules/cookie Completed in 17387ms
1964 timing reifyNode:node_modules/@babel/compat-data Completed in 17428ms
1965 timing reifyNode:node_modules/reusify Completed in 17481ms
1966 timing reifyNode:node_modules/body-parser Completed in 17489ms
1967 http fetch GET 200 https://registry.npmjs.org/emoji-regex/-/emoji-regex-8.0.0.tgz 14798ms (cache miss)
1968 timing reifyNode:node_modules/yargs/node_modules/emoji-regex Completed in 17524ms
1969 http fetch GET 200 https://registry.npmjs.org/emoji-regex/-/emoji-regex-8.0.0.tgz 14821ms (cache miss)
1970 timing reifyNode:node_modules/wrap-ansi/node_modules/emoji-regex Completed in 17561ms
1971 http fetch GET 200 https://registry.npmjs.org/ansi-regex/-/ansi-regex-5.0.1.tgz 14850ms (cache miss)
1972 timing reifyNode:node_modules/yargs/node_modules/ansi-regex Completed in 17576ms
1973 http fetch GET 200 https://registry.npmjs.org/ansi-regex/-/ansi-regex-5.0.1.tgz 14880ms (cache miss)
1974 timing reifyNode:node_modules/wrap-ansi/node_modules/ansi-regex Completed in 17585ms
1975 http fetch GET 200 https://registry.npmjs.org/strip-ansi/-/strip-ansi-6.0.1.tgz 14883ms (cache miss)
1976 timing reifyNode:node_modules/wrap-ansi/node_modules/strip-ansi Completed in 17600ms
1977 http fetch GET 200 https://registry.npmjs.org/strip-ansi/-/strip-ansi-6.0.1.tgz 14896ms (cache miss)
1978 timing reifyNode:node_modules/yargs/node_modules/strip-ansi Completed in 17612ms
1979 http fetch GET 200 https://registry.npmjs.org/yargs-parser/-/yargs-parser-21.1.1.tgz 16537ms (cache miss)
1980 timing reifyNode:node_modules/tiny-invariant Completed in 17666ms
1981 timing reifyNode:node_modules/@isaacs/brace-expansion Completed in 17685ms
1982 http fetch GET 200 https://registry.npmjs.org/dotenv/-/dotenv-17.2.3.tgz 15969ms (cache miss)
1983 http fetch GET 200 https://registry.npmjs.org/string-width/-/string-width-4.2.3.tgz 14947ms (cache miss)
1984 timing reifyNode:node_modules/yargs/node_modules/string-width Completed in 17677ms
1985 http fetch GET 200 https://registry.npmjs.org/string-width/-/string-width-4.2.3.tgz 14950ms (cache miss)
1986 timing reifyNode:node_modules/wrap-ansi/node_modules/string-width Completed in 17686ms
1987 timing reifyNode:node_modules/path-to-regexp Completed in 17717ms
1988 timing reifyNode:node_modules/dedent Completed in 17731ms
1989 http fetch GET 200 https://registry.npmjs.org/router/-/router-2.2.0.tgz 15832ms (cache miss)
1990 timing reifyNode:node_modules/router Completed in 17775ms
1991 timing reifyNode:node_modules/@babel/plugin-transform-modules-commonjs Completed in 17770ms
1992 timing reifyNode:node_modules/@dotenvx/dotenvx/node_modules/execa Completed in 17831ms
1993 timing reifyNode:node_modules/get-stream Completed in 17912ms
1994 timing reifyNode:node_modules/@babel/helper-compilation-targets Completed in 17905ms
1995 timing reifyNode:node_modules/deepmerge Completed in 17932ms
1996 timing reifyNode:node_modules/headers-polyfill Completed in 18027ms
1997 http fetch GET 200 https://registry.npmjs.org/express/-/express-5.2.1.tgz 15839ms (cache miss)
1998 timing reifyNode:node_modules/has-symbols Completed in 18147ms
1999 timing reifyNode:node_modules/tslib Completed in 18159ms
2000 timing reifyNode:node_modules/@inquirer/type Completed in 18167ms
2001 http fetch GET 200 https://registry.npmjs.org/express-rate-limit/-/express-rate-limit-7.5.1.tgz 16198ms (cache miss)
2002 timing reifyNode:node_modules/yargs-parser Completed in 18438ms
2003 timing reifyNode:node_modules/dotenv Completed in 18381ms
2004 timing reifyNode:node_modules/@nodelib/fs.stat Completed in 18493ms
2005 timing reifyNode:node_modules/express Completed in 18489ms
2006 timing reifyNode:node_modules/json-schema-traverse Completed in 18572ms
2007 timing reifyNode:node_modules/call-bind-apply-helpers Completed in 18627ms
2008 http fetch GET 200 https://registry.npmjs.org/chalk/-/chalk-5.6.2.tgz 16745ms (cache miss)
2009 timing reifyNode:node_modules/@dotenvx/dotenvx/node_modules/human-signals Completed in 18594ms
2010 timing reifyNode:node_modules/path-browserify Completed in 18687ms
2011 http fetch GET 200 https://registry.npmjs.org/https-proxy-agent/-/https-proxy-agent-7.0.6.tgz 16049ms (cache miss)
2012 timing reifyNode:node_modules/fastq Completed in 18648ms
2013 http fetch GET 200 https://registry.npmjs.org/ajv-formats/-/ajv-formats-3.0.1.tgz 16456ms (cache miss)
2014 timing reifyNode:node_modules/express-rate-limit Completed in 18649ms
2015 timing reifyNode:node_modules/es-errors Completed in 18703ms
2016 timing reifyNode:node_modules/electron-to-chromium Completed in 18673ms
2017 timing reifyNode:node_modules/baseline-browser-mapping Completed in 18674ms
2018 timing reifyNode:node_modules/ajv-formats Completed in 18846ms
2019 timing reifyNode:node_modules/chalk Completed in 19010ms
2020 timing reifyNode:node_modules/https-proxy-agent Completed in 19022ms
2021 http fetch GET 200 https://registry.npmjs.org/fzf/-/fzf-0.5.2.tgz 16574ms (cache miss)
2022 timing reifyNode:node_modules/@babel/template Completed in 19126ms
2023 http fetch GET 200 https://registry.npmjs.org/@babel/plugin-transform-typescript/-/plugin-transform-typescript-7.28.5.tgz 16571ms (cache miss)
2024 http fetch GET 200 https://registry.npmjs.org/mime-db/-/mime-db-1.54.0.tgz 17756ms (cache miss)
2025 timing reifyNode:node_modules/mime-db Completed in 19228ms
2026 http fetch GET 200 https://registry.npmjs.org/esprima/-/esprima-4.0.1.tgz 17466ms (cache miss)
2027 http fetch GET 200 https://registry.npmjs.org/eventsource/-/eventsource-3.0.7.tgz 17064ms (cache miss)
2028 timing reifyNode:node_modules/@ecies/ciphers Completed in 19311ms
2029 http fetch GET 200 https://registry.npmjs.org/commander/-/commander-11.1.0.tgz 17446ms (cache miss)
2030 timing reifyNode:node_modules/@nodelib/fs.scandir Completed in 19422ms
2031 timing reifyNode:node_modules/@babel/helper-module-transforms Completed in 19396ms
2032 timing reifyNode:node_modules/fzf Completed in 19437ms
2033 timing reifyNode:node_modules/esprima Completed in 19522ms
2034 timing reifyNode:node_modules/minimist Completed in 19536ms
2035 timing reifyNode:node_modules/@babel/plugin-transform-typescript Completed in 19479ms
2036 timing reifyNode:node_modules/source-map-js Completed in 19562ms
2037 timing reifyNode:node_modules/nanoid Completed in 19562ms
2038 timing reifyNode:node_modules/eventsource Completed in 19561ms
2039 timing reifyNode:node_modules/@dotenvx/dotenvx/node_modules/commander Completed in 19598ms
2040 timing reifyNode:node_modules/@nodelib/fs.walk Completed in 19769ms
2041 timing reifyNode:node_modules/eventsource-parser Completed in 19766ms
2042 http fetch GET 200 https://registry.npmjs.org/eciesjs/-/eciesjs-0.4.16.tgz 18129ms (cache miss)
2043 http fetch GET 200 https://registry.npmjs.org/commander/-/commander-14.0.2.tgz 17447ms (cache miss)
2044 http fetch GET 200 https://registry.npmjs.org/node-fetch/-/node-fetch-3.3.2.tgz 17619ms (cache miss)
2045 timing reifyNode:node_modules/eciesjs Completed in 20187ms
2046 timing reifyNode:node_modules/commander Completed in 20298ms
2047 timing reifyNode:node_modules/math-intrinsics Completed in 20423ms
2048 timing reifyNode:node_modules/@jridgewell/sourcemap-codec Completed in 20377ms
2049 timing reifyNode:node_modules/@jridgewell/remapping Completed in 20391ms
2050 timing reifyNode:node_modules/json5 Completed in 20425ms
2051 timing reifyNode:node_modules/node-fetch Completed in 20422ms
2052 http fetch GET 200 https://registry.npmjs.org/isexe/-/isexe-3.1.1.tgz 19348ms (cache miss)
2053 http fetch GET 200 https://registry.npmjs.org/signal-exit/-/signal-exit-4.1.0.tgz 18478ms (cache miss)
2054 timing reifyNode:node_modules/@sec-ant/readable-stream Completed in 20528ms
2055 http fetch GET 200 https://registry.npmjs.org/@antfu/ni/-/ni-25.0.0.tgz 17871ms (cache miss)
2056 timing reifyNode:node_modules/isexe Completed in 20603ms
2057 timing reifyNode:node_modules/@jridgewell/gen-mapping Completed in 20555ms
2058 timing reifyNode:node_modules/object-inspect Completed in 20668ms
2059 http fetch GET 200 https://registry.npmjs.org/code-block-writer/-/code-block-writer-13.0.3.tgz 19458ms (cache miss)
2060 timing reifyNode:node_modules/signal-exit Completed in 20698ms
2061 timing reifyNode:node_modules/@antfu/ni Completed in 20713ms
2062 warn deprecated node-domexception@1.0.0: Use your platform's native DOMException instead
2063 timing reifyNode:node_modules/node-domexception Completed in 20860ms
2064 timing reifyNode:node_modules/code-block-writer Completed in 21007ms
2065 http fetch GET 200 https://registry.npmjs.org/qs/-/qs-6.14.0.tgz 19018ms (cache miss)
2066 timing reifyNode:node_modules/qs Completed in 21276ms
2067 http fetch GET 200 https://registry.npmjs.org/@babel/helper-create-class-features-plugin/-/helper-create-class-features-plugin-7.28.5.tgz 19235ms (cache miss)
2068 timing reifyNode:node_modules/@babel/helper-create-class-features-plugin Completed in 21779ms
2069 http fetch GET 200 https://registry.npmjs.org/fast-uri/-/fast-uri-3.1.0.tgz 19778ms (cache miss)
2070 timing reifyNode:node_modules/fast-uri Completed in 22249ms
2071 http fetch GET 200 https://registry.npmjs.org/fs-extra/-/fs-extra-11.3.2.tgz 19751ms (cache miss)
2072 http fetch GET 200 https://registry.npmjs.org/tough-cookie/-/tough-cookie-6.0.0.tgz 21059ms (cache miss)
2073 timing reifyNode:node_modules/tough-cookie Completed in 22451ms
2074 timing reifyNode:node_modules/fs-extra Completed in 22530ms
2075 timing reifyNode:node_modules/js-yaml Completed in 22603ms
2076 timing reifyNode:node_modules/@jridgewell/trace-mapping Completed in 22648ms
2077 http fetch GET 200 https://registry.npmjs.org/cosmiconfig/-/cosmiconfig-9.0.0.tgz 20299ms (cache miss)
2078 timing reifyNode:node_modules/cosmiconfig Completed in 23107ms
2079 http fetch GET 200 https://registry.npmjs.org/iconv-lite/-/iconv-lite-0.7.0.tgz 21484ms (cache miss)
2080 timing reifyNode:node_modules/iconv-lite Completed in 23151ms
2081 http fetch GET 200 https://registry.npmjs.org/recast/-/recast-0.23.11.tgz 20775ms (cache miss)
2082 timing reifyNode:node_modules/recast Completed in 23516ms
2083 http fetch GET 200 https://registry.npmjs.org/fast-glob/-/fast-glob-3.3.3.tgz 21152ms (cache miss)
2084 timing reifyNode:node_modules/postcss Completed in 23738ms
2085 timing reifyNode:node_modules/fast-glob Completed in 23947ms
2086 http fetch GET 200 https://registry.npmjs.org/shadcn/-/shadcn-3.5.1.tgz 21337ms (cache miss)
2087 http fetch GET 200 https://registry.npmjs.org/source-map/-/source-map-0.6.1.tgz 22324ms (cache miss)
2088 timing reifyNode:node_modules/source-map Completed in 24134ms
2089 timing reifyNode:node_modules/shadcn Completed in 24127ms
2090 http fetch GET 200 https://registry.npmjs.org/yargs/-/yargs-17.7.2.tgz 23089ms (cache miss)
2091 http fetch GET 200 https://registry.npmjs.org/minimatch/-/minimatch-10.1.1.tgz 23394ms (cache miss)
2092 timing reifyNode:node_modules/yargs Completed in 24659ms
2093 timing reifyNode:node_modules/@babel/generator Completed in 24632ms
2094 timing reifyNode:node_modules/minimatch Completed in 24715ms
2095 http fetch GET 200 https://registry.npmjs.org/prompts/-/prompts-2.4.2.tgz 22129ms (cache miss)
2096 timing reifyNode:node_modules/prompts Completed in 24756ms
2097 http fetch GET 200 https://registry.npmjs.org/tsconfig-paths/-/tsconfig-paths-4.2.0.tgz 22239ms (cache miss)
2098 http fetch GET 200 https://registry.npmjs.org/ts-morph/-/ts-morph-26.0.0.tgz 22354ms (cache miss)
2099 timing reifyNode:node_modules/tsconfig-paths Completed in 24928ms
2100 timing reifyNode:node_modules/ts-morph Completed in 24982ms
2101 http fetch GET 200 https://registry.npmjs.org/@inquirer/core/-/core-10.3.2.tgz 23667ms (cache miss)
2102 timing reifyNode:node_modules/@inquirer/core Completed in 25156ms
2103 http fetch GET 200 https://registry.npmjs.org/tldts-core/-/tldts-core-7.0.19.tgz 24337ms (cache miss)
2104 timing reifyNode:node_modules/@babel/parser Completed in 25586ms
2105 timing reifyNode:node_modules/tldts-core Completed in 25695ms
2106 timing reifyNode:node_modules/@babel/traverse Completed in 25644ms
2107 http fetch GET 200 https://registry.npmjs.org/@dotenvx/dotenvx/-/dotenvx-1.51.1.tgz 24022ms (cache miss)
2108 timing reifyNode:node_modules/@dotenvx/dotenvx Completed in 26643ms
2109 http fetch GET 200 https://registry.npmjs.org/ast-types/-/ast-types-0.16.1.tgz 25373ms (cache miss)
2110 timing reifyNode:node_modules/ast-types Completed in 27224ms
2111 http fetch GET 200 https://registry.npmjs.org/diff/-/diff-8.0.2.tgz 25421ms (cache miss)
2112 timing reifyNode:node_modules/diff Completed in 28110ms
2113 http fetch GET 200 https://registry.npmjs.org/@noble/ciphers/-/ciphers-1.3.0.tgz 26212ms (cache miss)
2114 timing reifyNode:node_modules/@noble/ciphers Completed in 28351ms
2115 http fetch GET 200 https://registry.npmjs.org/execa/-/execa-9.6.1.tgz 26263ms (cache miss)
2116 timing reifyNode:node_modules/execa Completed in 28889ms
2117 timing reifyNode:node_modules/@babel/core Completed in 28987ms
2118 http fetch GET 200 https://registry.npmjs.org/type-fest/-/type-fest-5.3.0.tgz 27993ms (cache miss)
2119 http fetch GET 200 https://registry.npmjs.org/jose/-/jose-6.1.3.tgz 27296ms (cache miss)
2120 timing reifyNode:node_modules/type-fest Completed in 29486ms
2121 timing reifyNode:node_modules/jose Completed in 29522ms
2122 http fetch GET 200 https://registry.npmjs.org/tldts/-/tldts-7.0.19.tgz 28306ms (cache miss)
2123 timing reifyNode:node_modules/tldts Completed in 29598ms
2124 timing reifyNode:node_modules/@babel/helpers Completed in 31171ms
2125 http fetch GET 200 https://registry.npmjs.org/@noble/hashes/-/hashes-1.8.0.tgz 30224ms (cache miss)
2126 timing reifyNode:node_modules/@noble/hashes Completed in 32346ms
2127 timing reifyNode:node_modules/@babel/types Completed in 33122ms
2128 http fetch GET 200 https://registry.npmjs.org/@noble/curves/-/curves-1.9.7.tgz 31591ms (cache miss)
2129 timing reifyNode:node_modules/@noble/curves Completed in 33711ms
2130 http fetch GET 200 https://registry.npmjs.org/@mswjs/interceptors/-/interceptors-0.40.0.tgz 32472ms (cache miss)
2131 timing reifyNode:node_modules/@mswjs/interceptors Completed in 33946ms
2132 http fetch GET 200 https://registry.npmjs.org/graphql/-/graphql-16.12.0.tgz 33796ms (cache miss)
2133 timing reifyNode:node_modules/graphql Completed in 35238ms
2134 http fetch GET 200 https://registry.npmjs.org/ajv/-/ajv-8.17.1.tgz 34965ms (cache miss)
2135 timing reifyNode:node_modules/ajv Completed in 36686ms
2136 http fetch GET 200 https://registry.npmjs.org/web-streams-polyfill/-/web-streams-polyfill-3.3.3.tgz 35152ms (cache miss)
2137 timing reifyNode:node_modules/web-streams-polyfill Completed in 37097ms
2138 http fetch GET 200 https://registry.npmjs.org/@ts-morph/common/-/common-0.27.0.tgz 38325ms (cache miss)
2139 timing reifyNode:node_modules/@ts-morph/common Completed in 39594ms
2140 http fetch GET 200 https://registry.npmjs.org/zod/-/zod-3.25.76.tgz 39910ms (cache miss)
2141 timing reifyNode:node_modules/zod Completed in 42498ms
2142 http fetch GET 200 https://registry.npmjs.org/msw/-/msw-2.12.4.tgz 40169ms (cache miss)
2143 timing reifyNode:node_modules/msw Completed in 42742ms
2144 timing reifyNode:node_modules/caniuse-lite Completed in 43042ms
2145 http fetch GET 200 https://registry.npmjs.org/@modelcontextprotocol/sdk/-/sdk-1.24.3.tgz 41060ms (cache miss)
2146 timing reifyNode:node_modules/@modelcontextprotocol/sdk Completed in 43664ms
2147 http fetch GET 200 https://registry.npmjs.org/zod-to-json-schema/-/zod-to-json-schema-3.25.0.tgz 53755ms (cache miss)
2148 timing reifyNode:node_modules/zod-to-json-schema Completed in 56283ms
2149 timing reify:unpack Completed in 56372ms
2150 timing reify:unretire Completed in 3ms
2151 timing build:queue Completed in 101ms
2152 timing build:link:node_modules/semver Completed in 50ms
2153 timing build:link:node_modules/browserslist Completed in 65ms
2154 timing build:link:node_modules/cross-spawn/node_modules/which Completed in 52ms
2155 timing build:link:node_modules/esprima Completed in 67ms
2156 timing build:link:node_modules/@dotenvx/dotenvx Completed in 72ms
2157 timing build:link:node_modules/jsesc Completed in 65ms
2158 timing build:link:node_modules/json5 Completed in 58ms
2159 timing build:link:node_modules/@babel/parser Completed in 76ms
2160 timing build:link:node_modules/baseline-browser-mapping Completed in 73ms
2161 timing build:link:node_modules/nanoid Completed in 59ms
2162 timing build:link:node_modules/js-yaml Completed in 66ms
2163 timing build:link:node_modules/@antfu/ni Completed in 85ms
2164 timing build:link:node_modules/msw Completed in 62ms
2165 timing build:link:node_modules/which Completed in 64ms
2166 timing build:link:node_modules/shadcn Completed in 66ms
2167 timing build:link:node_modules/tldts Completed in 66ms
2168 timing build:link:node_modules/update-browserslist-db Completed in 68ms
2169 timing build:link Completed in 93ms
2170 info run msw@2.12.4 postinstall node_modules/msw node -e "import('./config/scripts/postinstall.js').catch(() => void 0)"
2171 info run msw@2.12.4 postinstall { code: 0, signal: null }
2172 timing build:run:postinstall:node_modules/msw Completed in 666ms
2173 timing build:run:postinstall Completed in 670ms
2174 timing build:deps Completed in 868ms
2175 timing build Completed in 870ms
2176 timing reify:build Completed in 877ms
2177 timing reify:trash Completed in 0ms
2178 timing reify:save Completed in 505ms
2179 timing reify Completed in 89028ms
2180 timing command:exec Completed in 152732ms
2181 verbose exit 0
2182 timing npm Completed in 153670ms
2183 info ok
