0 verbose cli /home/chand/ON-CBT/nodejs/bin/node /home/chand/ON-CBT/nodejs/bin/npm
1 info using npm@10.2.4
2 info using node@v20.11.0
3 timing npm:load:whichnode Completed in 4ms
4 timing config:load:defaults Completed in 6ms
5 timing config:load:file:/home/chand/ON-CBT/nodejs/lib/node_modules/npm/npmrc Completed in 4ms
6 timing config:load:builtin Completed in 6ms
7 timing config:load:cli Completed in 19ms
8 timing config:load:env Completed in 10ms
9 timing config:load:file:/home/chand/ON-CBT/frontend/.npmrc Completed in 1ms
10 timing config:load:project Completed in 12ms
11 timing config:load:file:/home/chand/.npmrc Completed in 3ms
12 timing config:load:user Completed in 3ms
13 timing config:load:file:/app/etc/npmrc Completed in 1ms
14 timing config:load:global Completed in 1ms
15 timing config:load:setEnvs Completed in 2ms
16 timing config:load Completed in 62ms
17 timing npm:load:configload Completed in 63ms
18 timing config:load:flatten Completed in 8ms
19 timing npm:load:mkdirpcache Completed in 2ms
20 timing npm:load:mkdirplogs Completed in 1ms
21 verbose title npm install
22 verbose argv "install"
23 timing npm:load:setTitle Completed in 2ms
24 timing npm:load:display Completed in 2ms
25 verbose logfile logs-max:10 dir:/home/chand/ON-CBT/frontend/.npm-local/cache/_logs/2025-12-05T23_24_23_549Z-
26 verbose logfile /home/chand/ON-CBT/frontend/.npm-local/cache/_logs/2025-12-05T23_24_23_549Z-debug-0.log
27 timing npm:load:logFile Completed in 33ms
28 timing npm:load:timers Completed in 0ms
29 timing npm:load:configScope Completed in 0ms
30 timing npm:load Completed in 159ms
31 timing arborist:ctor Completed in 3ms
32 silly logfile done cleaning log files
33 timing arborist:ctor Completed in 0ms
34 timing idealTree:init Completed in 209ms
35 timing idealTree:userRequests Completed in 3ms
36 silly idealTree buildDeps
37 silly fetch manifest next@16.0.7
38 http fetch GET 200 https://registry.npmjs.org/npm 2124ms (cache miss)
39 http fetch GET 200 https://registry.npmjs.org/next 4102ms (cache miss)
40 silly fetch manifest @opentelemetry/api@^1.1.0
41 http fetch GET 200 https://registry.npmjs.org/@opentelemetry%2fapi 151ms (cache miss)
42 silly fetch manifest @playwright/test@^1.51.1
43 http fetch GET 200 https://registry.npmjs.org/@playwright%2ftest 647ms (cache miss)
44 silly fetch manifest babel-plugin-react-compiler@*
45 http fetch GET 200 https://registry.npmjs.org/babel-plugin-react-compiler 812ms (cache miss)
46 silly fetch manifest react@19.2.0
47 http fetch GET 200 https://registry.npmjs.org/react 577ms (cache miss)
48 silly fetch manifest react-dom@19.2.0
49 http fetch GET 200 https://registry.npmjs.org/react-dom 648ms (cache miss)
50 silly fetch manifest sass@^1.3.0
51 http fetch GET 200 https://registry.npmjs.org/sass 174ms (cache miss)
52 silly fetch manifest @tailwindcss/postcss@^4
53 http fetch GET 200 https://registry.npmjs.org/@tailwindcss%2fpostcss 311ms (cache miss)
54 silly fetch manifest @types/node@^20
55 http fetch GET 200 https://registry.npmjs.org/@types%2fnode 812ms (cache miss)
56 silly fetch manifest @types/react@^19
57 http fetch GET 200 https://registry.npmjs.org/@types%2freact 432ms (cache miss)
58 silly fetch manifest @types/react-dom@^19
59 http fetch GET 200 https://registry.npmjs.org/@types%2freact-dom 114ms (cache miss)
60 silly fetch manifest eslint@^9
61 http fetch GET 200 https://registry.npmjs.org/eslint 162ms (cache miss)
62 silly fetch manifest jiti@*
63 http fetch GET 200 https://registry.npmjs.org/jiti 212ms (cache miss)
64 silly fetch manifest eslint-config-next@16.0.7
65 http fetch GET 200 https://registry.npmjs.org/eslint-config-next 405ms (cache miss)
66 silly fetch manifest typescript@^5
67 http fetch GET 200 https://registry.npmjs.org/typescript 1408ms (cache miss)
68 silly fetch manifest tailwindcss@^4
69 http fetch GET 200 https://registry.npmjs.org/tailwindcss 1251ms (cache miss)
70 silly placeDep ROOT @tailwindcss/postcss@4.1.17 OK for: frontend@0.1.0 want: ^4
71 silly fetch manifest postcss@^8.4.41
72 silly fetch manifest tailwindcss@4.1.17
73 silly fetch manifest @alloc/quick-lru@^5.2.0
74 silly fetch manifest @tailwindcss/node@4.1.17
75 silly fetch manifest @tailwindcss/oxide@4.1.17
76 silly placeDep ROOT @types/node@20.19.25 OK for: frontend@0.1.0 want: ^20
77 silly fetch manifest undici-types@~6.21.0
78 silly placeDep ROOT @types/react@19.2.7 OK for: frontend@0.1.0 want: ^19
79 silly fetch manifest csstype@^3.2.2
80 silly placeDep ROOT @types/react-dom@19.2.3 OK for: frontend@0.1.0 want: ^19
81 silly placeDep ROOT eslint@9.39.1 OK for: frontend@0.1.0 want: ^9
82 silly fetch manifest ajv@^6.12.4
83 silly fetch manifest chalk@^4.0.0
84 silly fetch manifest debug@^4.3.2
85 silly fetch manifest espree@^10.4.0
86 silly fetch manifest ignore@^5.2.0
87 silly fetch manifest esquery@^1.5.0
88 silly fetch manifest esutils@^2.0.2
89 silly fetch manifest find-up@^5.0.0
90 silly fetch manifest is-glob@^4.0.0
91 silly fetch manifest minimatch@^3.1.2
92 silly fetch manifest @eslint/js@9.39.1
93 silly fetch manifest optionator@^0.9.3
94 silly fetch manifest cross-spawn@^7.0.6
95 silly fetch manifest glob-parent@^6.0.2
96 silly fetch manifest imurmurhash@^0.1.4
97 silly fetch manifest @eslint/core@^0.17.0
98 silly fetch manifest eslint-scope@^8.4.0
99 silly fetch manifest lodash.merge@^4.6.2
100 silly fetch manifest @humanfs/node@^0.16.6
101 silly fetch manifest @types/estree@^1.0.6
102 silly fetch manifest fast-deep-equal@^3.1.3
103 silly fetch manifest natural-compare@^1.4.0
104 silly fetch manifest @eslint/eslintrc@^3.3.1
105 silly fetch manifest file-entry-cache@^8.0.0
106 silly fetch manifest @eslint/plugin-kit@^0.4.1
107 silly fetch manifest eslint-visitor-keys@^4.2.1
108 silly fetch manifest @eslint/config-array@^0.21.1
109 silly fetch manifest @humanwhocodes/retry@^0.4.2
110 silly fetch manifest escape-string-regexp@^4.0.0
111 silly fetch manifest @eslint/config-helpers@^0.4.2
112 silly fetch manifest @eslint-community/regexpp@^4.12.1
113 silly fetch manifest @eslint-community/eslint-utils@^4.8.0
114 silly fetch manifest @humanwhocodes/module-importer@^1.0.1
115 silly fetch manifest json-stable-stringify-without-jsonify@^1.0.1
116 silly placeDep ROOT eslint-config-next@16.0.7 OK for: frontend@0.1.0 want: 16.0.7
117 silly fetch manifest globals@16.4.0
118 silly fetch manifest typescript-eslint@^8.46.0
119 silly fetch manifest eslint-plugin-react@^7.37.0
120 silly fetch manifest eslint-plugin-import@^2.32.0
121 silly fetch manifest eslint-plugin-jsx-a11y@^6.10.0
122 silly fetch manifest @next/eslint-plugin-next@16.0.7
123 silly fetch manifest eslint-plugin-react-hooks@^7.0.0
124 silly fetch manifest eslint-import-resolver-node@^0.3.6
125 silly fetch manifest eslint-import-resolver-typescript@^3.5.2
126 silly placeDep ROOT next@16.0.7 OK for: frontend@0.1.0 want: 16.0.7
127 silly placeDep ROOT react@19.2.0 OK for: next@16.0.7 want: ^18.2.0 || 19.0.0-rc-de68d2f4-20241204 || ^19.0.0
128 silly placeDep ROOT react-dom@19.2.0 OK for: next@16.0.7 want: ^18.2.0 || 19.0.0-rc-de68d2f4-20241204 || ^19.0.0
129 silly fetch manifest postcss@8.4.31
130 silly fetch manifest @next/env@16.0.7
131 silly fetch manifest styled-jsx@5.1.6
132 silly fetch manifest @swc/helpers@0.5.15
133 silly fetch manifest caniuse-lite@^1.0.30001579
134 silly fetch manifest sharp@^0.34.4
135 silly fetch manifest @next/swc-darwin-x64@16.0.7
136 silly fetch manifest @next/swc-darwin-arm64@16.0.7
137 silly fetch manifest @next/swc-linux-x64-gnu@16.0.7
138 silly fetch manifest @next/swc-linux-x64-musl@16.0.7
139 silly fetch manifest @next/swc-win32-x64-msvc@16.0.7
140 silly fetch manifest @next/swc-linux-arm64-gnu@16.0.7
141 silly fetch manifest @next/swc-linux-arm64-musl@16.0.7
142 silly fetch manifest @next/swc-win32-arm64-msvc@16.0.7
143 silly fetch manifest scheduler@^0.27.0
144 silly placeDep ROOT tailwindcss@4.1.17 OK for: frontend@0.1.0 want: ^4
145 silly placeDep ROOT typescript@5.9.3 OK for: frontend@0.1.0 want: ^5
146 http fetch GET 200 https://registry.npmjs.org/@alloc%2fquick-lru 3376ms (cache miss)
147 http fetch GET 200 https://registry.npmjs.org/natural-compare 3651ms (cache miss)
148 http fetch GET 200 https://registry.npmjs.org/json-stable-stringify-without-jsonify 3608ms (cache miss)
149 http fetch GET 200 https://registry.npmjs.org/@humanfs%2fnode 3763ms (cache miss)
150 http fetch GET 200 https://registry.npmjs.org/@eslint%2fplugin-kit 3749ms (cache miss)
151 http fetch GET 200 https://registry.npmjs.org/@humanwhocodes%2fmodule-importer 3745ms (cache miss)
152 http fetch GET 200 https://registry.npmjs.org/imurmurhash 3813ms (cache miss)
153 http fetch GET 200 https://registry.npmjs.org/@eslint%2fconfig-helpers 3763ms (cache miss)
154 http fetch GET 200 https://registry.npmjs.org/lodash.merge 3816ms (cache miss)
155 http fetch GET 200 https://registry.npmjs.org/escape-string-regexp 3796ms (cache miss)
156 http fetch GET 200 https://registry.npmjs.org/esutils 3891ms (cache miss)
157 http fetch GET 200 https://registry.npmjs.org/@eslint%2fconfig-array 3824ms (cache miss)
158 http fetch GET 200 https://registry.npmjs.org/eslint-import-resolver-node 3857ms (cache miss)
159 http fetch GET 200 https://registry.npmjs.org/@humanwhocodes%2fretry 3936ms (cache miss)
160 http fetch GET 200 https://registry.npmjs.org/optionator 3997ms (cache miss)
161 http fetch GET 200 https://registry.npmjs.org/@eslint-community%2fregexpp 3985ms (cache miss)
162 http fetch GET 200 https://registry.npmjs.org/file-entry-cache 4029ms (cache miss)
163 http fetch GET 200 https://registry.npmjs.org/is-glob 4134ms (cache miss)
164 http fetch GET 200 https://registry.npmjs.org/fast-deep-equal 4086ms (cache miss)
165 http fetch GET 200 https://registry.npmjs.org/glob-parent 4111ms (cache miss)
166 http fetch GET 200 https://registry.npmjs.org/@eslint%2fcore 4107ms (cache miss)
167 http fetch GET 200 https://registry.npmjs.org/eslint-visitor-keys 4084ms (cache miss)
168 http fetch GET 200 https://registry.npmjs.org/esquery 4185ms (cache miss)
169 http fetch GET 200 https://registry.npmjs.org/find-up 4181ms (cache miss)
170 http fetch GET 200 https://registry.npmjs.org/@eslint-community%2feslint-utils 4098ms (cache miss)
171 http fetch GET 200 https://registry.npmjs.org/undici-types 4282ms (cache miss)
172 http fetch GET 200 https://registry.npmjs.org/cross-spawn 4265ms (cache miss)
173 http fetch GET 200 https://registry.npmjs.org/eslint-scope 4258ms (cache miss)
174 http fetch GET 200 https://registry.npmjs.org/@types%2festree 4254ms (cache miss)
175 http fetch GET 200 https://registry.npmjs.org/chalk 4441ms (cache miss)
176 http fetch GET 200 https://registry.npmjs.org/@eslint%2fjs 4413ms (cache miss)
177 http fetch GET 200 https://registry.npmjs.org/@eslint%2feslintrc 4455ms (cache miss)
178 http fetch GET 200 https://registry.npmjs.org/eslint-plugin-jsx-a11y 4409ms (cache miss)
179 http fetch GET 200 https://registry.npmjs.org/debug 4594ms (cache miss)
180 http fetch GET 200 https://registry.npmjs.org/postcss 4732ms (cache miss)
181 http fetch GET 200 https://registry.npmjs.org/eslint-import-resolver-typescript 4635ms (cache miss)
182 http fetch GET 200 https://registry.npmjs.org/espree 4868ms (cache miss)
183 http fetch GET 200 https://registry.npmjs.org/ignore 4905ms (cache miss)
184 http fetch GET 200 https://registry.npmjs.org/@swc%2fhelpers 4653ms (cache miss)
185 http fetch GET 200 https://registry.npmjs.org/globals 4949ms (cache miss)
186 http fetch GET 200 https://registry.npmjs.org/eslint-plugin-import 5018ms (cache miss)
187 http fetch GET 200 https://registry.npmjs.org/csstype 5361ms (cache miss)
188 http fetch GET 200 https://registry.npmjs.org/styled-jsx 5085ms (cache miss)
189 http fetch GET 200 https://registry.npmjs.org/minimatch 5753ms (cache miss)
190 http fetch GET 200 https://registry.npmjs.org/sharp 5499ms (cache miss)
191 http fetch GET 200 https://registry.npmjs.org/eslint-plugin-react 5804ms (cache miss)
192 http fetch GET 200 https://registry.npmjs.org/postcss 5677ms (cache miss)
193 http fetch GET 200 https://registry.npmjs.org/ajv 6024ms (cache miss)
194 http fetch GET 200 https://registry.npmjs.org/@tailwindcss%2fnode 6762ms (cache miss)
195 http fetch GET 200 https://registry.npmjs.org/caniuse-lite 6848ms (cache miss)
196 http fetch GET 200 https://registry.npmjs.org/typescript-eslint 7168ms (cache miss)
197 http fetch GET 200 https://registry.npmjs.org/@tailwindcss%2foxide 7959ms (cache miss)
198 http fetch GET 200 https://registry.npmjs.org/@next%2fswc-linux-arm64-gnu 8205ms (cache miss)
199 http fetch GET 200 https://registry.npmjs.org/@next%2fswc-linux-x64-musl 8380ms (cache miss)
200 http fetch GET 200 https://registry.npmjs.org/@next%2fswc-win32-arm64-msvc 8404ms (cache miss)
201 http fetch GET 200 https://registry.npmjs.org/@next%2fswc-darwin-arm64 8696ms (cache miss)
202 http fetch GET 200 https://registry.npmjs.org/@next%2fswc-win32-x64-msvc 8903ms (cache miss)
203 http fetch GET 200 https://registry.npmjs.org/@next%2fswc-linux-x64-gnu 8972ms (cache miss)
204 http fetch GET 200 https://registry.npmjs.org/@next%2fswc-linux-arm64-musl 9073ms (cache miss)
205 http fetch GET 200 https://registry.npmjs.org/@next%2fswc-darwin-x64 9202ms (cache miss)
206 http fetch GET 200 https://registry.npmjs.org/@next%2fenv 9457ms (cache miss)
207 http fetch GET 200 https://registry.npmjs.org/scheduler 9454ms (cache miss)
208 http fetch GET 200 https://registry.npmjs.org/@next%2feslint-plugin-next 9846ms (cache miss)
209 http fetch GET 200 https://registry.npmjs.org/eslint-plugin-react-hooks 10006ms (cache miss)
210 timing idealTree:#root Completed in 25151ms
211 silly placeDep ROOT @alloc/quick-lru@5.2.0 OK for: @tailwindcss/postcss@4.1.17 want: ^5.2.0
212 silly placeDep ROOT @tailwindcss/node@4.1.17 OK for: @tailwindcss/postcss@4.1.17 want: 4.1.17
213 silly fetch manifest jiti@^2.6.1
214 silly fetch manifest lightningcss@1.30.2
215 silly fetch manifest magic-string@^0.30.21
216 silly fetch manifest source-map-js@^1.2.1
217 silly fetch manifest enhanced-resolve@^5.18.3
218 silly fetch manifest @jridgewell/remapping@^2.3.4
219 silly placeDep ROOT @tailwindcss/oxide@4.1.17 OK for: @tailwindcss/postcss@4.1.17 want: 4.1.17
220 silly fetch manifest @tailwindcss/oxide-darwin-x64@4.1.17
221 silly fetch manifest @tailwindcss/oxide-freebsd-x64@4.1.17
222 silly fetch manifest @tailwindcss/oxide-wasm32-wasi@4.1.17
223 silly fetch manifest @tailwindcss/oxide-darwin-arm64@4.1.17
224 silly fetch manifest @tailwindcss/oxide-android-arm64@4.1.17
225 silly fetch manifest @tailwindcss/oxide-linux-x64-gnu@4.1.17
226 silly fetch manifest @tailwindcss/oxide-linux-x64-musl@4.1.17
227 silly fetch manifest @tailwindcss/oxide-win32-x64-msvc@4.1.17
228 silly fetch manifest @tailwindcss/oxide-linux-arm64-gnu@4.1.17
229 silly fetch manifest @tailwindcss/oxide-linux-arm64-musl@4.1.17
230 silly fetch manifest @tailwindcss/oxide-win32-arm64-msvc@4.1.17
231 silly fetch manifest @tailwindcss/oxide-linux-arm-gnueabihf@4.1.17
232 silly placeDep ROOT postcss@8.5.6 OK for: @tailwindcss/postcss@4.1.17 want: ^8.4.41
233 silly fetch manifest nanoid@^3.3.11
234 silly fetch manifest picocolors@^1.1.1
235 http fetch GET 200 https://registry.npmjs.org/source-map-js 448ms (cache miss)
236 http fetch GET 200 https://registry.npmjs.org/lightningcss 568ms (cache miss)
237 http fetch GET 200 https://registry.npmjs.org/magic-string 600ms (cache miss)
238 http fetch GET 200 https://registry.npmjs.org/enhanced-resolve 618ms (cache miss)
239 http fetch GET 200 https://registry.npmjs.org/@jridgewell%2fremapping 722ms (cache miss)
240 http fetch GET 200 https://registry.npmjs.org/picocolors 1299ms (cache miss)
241 http fetch GET 200 https://registry.npmjs.org/@tailwindcss%2foxide-android-arm64 1904ms (cache miss)
242 http fetch GET 200 https://registry.npmjs.org/nanoid 1985ms (cache miss)
243 http fetch GET 200 https://registry.npmjs.org/@tailwindcss%2foxide-wasm32-wasi 2135ms (cache miss)
244 http fetch GET 200 https://registry.npmjs.org/@tailwindcss%2foxide-darwin-x64 2374ms (cache miss)
245 http fetch GET 200 https://registry.npmjs.org/@tailwindcss%2foxide-linux-x64-gnu 2412ms (cache miss)
246 http fetch GET 200 https://registry.npmjs.org/@tailwindcss%2foxide-win32-x64-msvc 2464ms (cache miss)
247 http fetch GET 200 https://registry.npmjs.org/@tailwindcss%2foxide-linux-arm64-gnu 2552ms (cache miss)
248 http fetch GET 200 https://registry.npmjs.org/@tailwindcss%2foxide-win32-arm64-msvc 2610ms (cache miss)
249 http fetch GET 200 https://registry.npmjs.org/@tailwindcss%2foxide-darwin-arm64 2720ms (cache miss)
250 http fetch GET 200 https://registry.npmjs.org/@tailwindcss%2foxide-linux-x64-musl 2735ms (cache miss)
251 http fetch GET 200 https://registry.npmjs.org/@tailwindcss%2foxide-freebsd-x64 2859ms (cache miss)
252 http fetch GET 200 https://registry.npmjs.org/@tailwindcss%2foxide-linux-arm-gnueabihf 3004ms (cache miss)
253 http fetch GET 200 https://registry.npmjs.org/@tailwindcss%2foxide-linux-arm64-musl 3069ms (cache miss)
254 timing idealTree:node_modules/@tailwindcss/postcss Completed in 3191ms
255 timing idealTree:node_modules/@alloc/quick-lru Completed in 0ms
256 silly placeDep ROOT @jridgewell/remapping@2.3.5 OK for: @tailwindcss/node@4.1.17 want: ^2.3.4
257 silly fetch manifest @jridgewell/gen-mapping@^0.3.5
258 silly fetch manifest @jridgewell/trace-mapping@^0.3.24
259 silly placeDep ROOT enhanced-resolve@5.18.3 OK for: @tailwindcss/node@4.1.17 want: ^5.18.3
260 silly fetch manifest graceful-fs@^4.2.4
261 silly fetch manifest tapable@^2.2.0
262 silly placeDep ROOT jiti@2.6.1 OK for: @tailwindcss/node@4.1.17 want: ^2.6.1
263 silly placeDep ROOT lightningcss@1.30.2 OK for: @tailwindcss/node@4.1.17 want: 1.30.2
264 silly fetch manifest detect-libc@^2.0.3
265 silly fetch manifest lightningcss-darwin-x64@1.30.2
266 silly fetch manifest lightningcss-linux-x64-gnu@1.30.2
267 silly fetch manifest lightningcss-win32-x64-msvc@1.30.2
268 silly fetch manifest lightningcss-win32-arm64-msvc@1.30.2
269 silly fetch manifest lightningcss-darwin-arm64@1.30.2
270 silly fetch manifest lightningcss-linux-arm64-gnu@1.30.2
271 silly fetch manifest lightningcss-linux-arm-gnueabihf@1.30.2
272 silly fetch manifest lightningcss-linux-arm64-musl@1.30.2
273 silly fetch manifest lightningcss-linux-x64-musl@1.30.2
274 silly fetch manifest lightningcss-freebsd-x64@1.30.2
275 silly fetch manifest lightningcss-android-arm64@1.30.2
276 silly placeDep ROOT magic-string@0.30.21 OK for: @tailwindcss/node@4.1.17 want: ^0.30.21
277 silly fetch manifest @jridgewell/sourcemap-codec@^1.5.5
278 silly placeDep ROOT source-map-js@1.2.1 OK for: @tailwindcss/node@4.1.17 want: ^1.2.1
279 http fetch GET 200 https://registry.npmjs.org/graceful-fs 608ms (cache miss)
280 http fetch GET 200 https://registry.npmjs.org/lightningcss-win32-x64-msvc 560ms (cache miss)
281 http fetch GET 200 https://registry.npmjs.org/detect-libc 583ms (cache miss)
282 http fetch GET 200 https://registry.npmjs.org/lightningcss-freebsd-x64 557ms (cache miss)
283 http fetch GET 200 https://registry.npmjs.org/lightningcss-linux-x64-gnu 591ms (cache miss)
284 http fetch GET 200 https://registry.npmjs.org/lightningcss-win32-arm64-msvc 592ms (cache miss)
285 http fetch GET 200 https://registry.npmjs.org/lightningcss-android-arm64 584ms (cache miss)
286 http fetch GET 200 https://registry.npmjs.org/@jridgewell%2ftrace-mapping 688ms (cache miss)
287 http fetch GET 200 https://registry.npmjs.org/@jridgewell%2fgen-mapping 703ms (cache miss)
288 http fetch GET 200 https://registry.npmjs.org/lightningcss-darwin-x64 633ms (cache miss)
289 http fetch GET 200 https://registry.npmjs.org/lightningcss-linux-arm64-gnu 619ms (cache miss)
290 http fetch GET 200 https://registry.npmjs.org/tapable 669ms (cache miss)
291 http fetch GET 200 https://registry.npmjs.org/lightningcss-linux-arm-gnueabihf 632ms (cache miss)
292 http fetch GET 200 https://registry.npmjs.org/lightningcss-linux-arm64-musl 636ms (cache miss)
293 http fetch GET 200 https://registry.npmjs.org/lightningcss-darwin-arm64 646ms (cache miss)
294 http fetch GET 200 https://registry.npmjs.org/lightningcss-linux-x64-musl 637ms (cache miss)
295 http fetch GET 200 https://registry.npmjs.org/@jridgewell%2fsourcemap-codec 817ms (cache miss)
296 timing idealTree:node_modules/@tailwindcss/node Completed in 999ms
297 silly placeDep ROOT @jridgewell/gen-mapping@0.3.13 OK for: @jridgewell/remapping@2.3.5 want: ^0.3.5
298 silly fetch manifest @jridgewell/sourcemap-codec@^1.5.0
299 silly placeDep ROOT @jridgewell/trace-mapping@0.3.31 OK for: @jridgewell/remapping@2.3.5 want: ^0.3.24
300 silly fetch manifest @jridgewell/resolve-uri@^3.1.0
301 silly fetch manifest @jridgewell/sourcemap-codec@^1.4.14
302 http fetch GET 200 https://registry.npmjs.org/@jridgewell%2fresolve-uri 733ms (cache miss)
303 timing idealTree:node_modules/@jridgewell/remapping Completed in 772ms
304 silly placeDep ROOT @jridgewell/sourcemap-codec@1.5.5 OK for: @jridgewell/gen-mapping@0.3.13 want: ^1.5.0
305 timing idealTree:node_modules/@jridgewell/gen-mapping Completed in 18ms
306 timing idealTree:node_modules/@jridgewell/sourcemap-codec Completed in 0ms
307 silly placeDep ROOT @jridgewell/resolve-uri@3.1.2 OK for: @jridgewell/trace-mapping@0.3.31 want: ^3.1.0
308 timing idealTree:node_modules/@jridgewell/trace-mapping Completed in 22ms
309 timing idealTree:node_modules/@jridgewell/resolve-uri Completed in 0ms
310 silly placeDep ROOT @tailwindcss/oxide-android-arm64@4.1.17 OK for: @tailwindcss/oxide@4.1.17 want: 4.1.17
311 silly placeDep ROOT @tailwindcss/oxide-darwin-arm64@4.1.17 OK for: @tailwindcss/oxide@4.1.17 want: 4.1.17
312 silly placeDep ROOT @tailwindcss/oxide-darwin-x64@4.1.17 OK for: @tailwindcss/oxide@4.1.17 want: 4.1.17
313 silly placeDep ROOT @tailwindcss/oxide-freebsd-x64@4.1.17 OK for: @tailwindcss/oxide@4.1.17 want: 4.1.17
314 silly placeDep ROOT @tailwindcss/oxide-linux-arm-gnueabihf@4.1.17 OK for: @tailwindcss/oxide@4.1.17 want: 4.1.17
315 silly placeDep ROOT @tailwindcss/oxide-linux-arm64-gnu@4.1.17 OK for: @tailwindcss/oxide@4.1.17 want: 4.1.17
316 silly placeDep ROOT @tailwindcss/oxide-linux-arm64-musl@4.1.17 OK for: @tailwindcss/oxide@4.1.17 want: 4.1.17
317 silly placeDep ROOT @tailwindcss/oxide-linux-x64-gnu@4.1.17 OK for: @tailwindcss/oxide@4.1.17 want: 4.1.17
318 silly placeDep ROOT @tailwindcss/oxide-linux-x64-musl@4.1.17 OK for: @tailwindcss/oxide@4.1.17 want: 4.1.17
319 silly placeDep ROOT @tailwindcss/oxide-wasm32-wasi@4.1.17 OK for: @tailwindcss/oxide@4.1.17 want: 4.1.17
320 silly placeDep ROOT @tailwindcss/oxide-win32-arm64-msvc@4.1.17 OK for: @tailwindcss/oxide@4.1.17 want: 4.1.17
321 silly placeDep ROOT @tailwindcss/oxide-win32-x64-msvc@4.1.17 OK for: @tailwindcss/oxide@4.1.17 want: 4.1.17
322 timing idealTree:node_modules/@tailwindcss/oxide Completed in 88ms
323 timing idealTree:node_modules/@tailwindcss/oxide-android-arm64 Completed in 0ms
324 timing idealTree:node_modules/@tailwindcss/oxide-darwin-arm64 Completed in 0ms
325 timing idealTree:node_modules/@tailwindcss/oxide-darwin-x64 Completed in 0ms
326 timing idealTree:node_modules/@tailwindcss/oxide-freebsd-x64 Completed in 0ms
327 timing idealTree:node_modules/@tailwindcss/oxide-linux-arm-gnueabihf Completed in 0ms
328 timing idealTree:node_modules/@tailwindcss/oxide-linux-arm64-gnu Completed in 0ms
329 timing idealTree:node_modules/@tailwindcss/oxide-linux-arm64-musl Completed in 0ms
330 timing idealTree:node_modules/@tailwindcss/oxide-linux-x64-gnu Completed in 0ms
331 timing idealTree:node_modules/@tailwindcss/oxide-linux-x64-musl Completed in 0ms
332 timing idealTree:node_modules/@tailwindcss/oxide-wasm32-wasi Completed in 1ms
333 timing idealTree:node_modules/@tailwindcss/oxide-win32-arm64-msvc Completed in 0ms
334 timing idealTree:node_modules/@tailwindcss/oxide-win32-x64-msvc Completed in 0ms
335 silly placeDep ROOT undici-types@6.21.0 OK for: @types/node@20.19.25 want: ~6.21.0
336 timing idealTree:node_modules/@types/node Completed in 7ms
337 silly placeDep ROOT csstype@3.2.3 OK for: @types/react@19.2.7 want: ^3.2.2
338 timing idealTree:node_modules/@types/react Completed in 6ms
339 timing idealTree:node_modules/@types/react-dom Completed in 0ms
340 timing idealTree:node_modules/csstype Completed in 0ms
341 silly placeDep ROOT graceful-fs@4.2.11 OK for: enhanced-resolve@5.18.3 want: ^4.2.4
342 silly placeDep ROOT tapable@2.3.0 OK for: enhanced-resolve@5.18.3 want: ^2.2.0
343 timing idealTree:node_modules/enhanced-resolve Completed in 11ms
344 silly fetch manifest eslint@^6.0.0 || ^7.0.0 || >=8.0.0
345 silly placeDep ROOT @eslint-community/eslint-utils@4.9.0 OK for: eslint@9.39.1 want: ^4.8.0
346 silly fetch manifest eslint-visitor-keys@^3.4.3
347 silly placeDep ROOT @eslint-community/regexpp@4.12.2 OK for: eslint@9.39.1 want: ^4.12.1
348 silly placeDep ROOT @eslint/config-array@0.21.1 OK for: eslint@9.39.1 want: ^0.21.1
349 silly fetch manifest debug@^4.3.1
350 silly fetch manifest @eslint/object-schema@^2.1.7
351 silly placeDep ROOT @eslint/config-helpers@0.4.2 OK for: eslint@9.39.1 want: ^0.4.2
352 silly placeDep ROOT @eslint/core@0.17.0 OK for: eslint@9.39.1 want: ^0.17.0
353 silly fetch manifest @types/json-schema@^7.0.15
354 silly placeDep ROOT @eslint/eslintrc@3.3.3 OK for: eslint@9.39.1 want: ^3.3.1
355 silly fetch manifest espree@^10.0.1
356 silly fetch manifest globals@^14.0.0
357 silly fetch manifest import-fresh@^3.2.1
358 silly fetch manifest js-yaml@^4.1.1
359 silly fetch manifest strip-json-comments@^3.1.1
360 silly placeDep ROOT @eslint/js@9.39.1 OK for: eslint@9.39.1 want: 9.39.1
361 silly placeDep ROOT @eslint/plugin-kit@0.4.1 OK for: eslint@9.39.1 want: ^0.4.1
362 silly fetch manifest levn@^0.4.1
363 silly placeDep ROOT @humanfs/node@0.16.7 OK for: eslint@9.39.1 want: ^0.16.6
364 silly fetch manifest @humanwhocodes/retry@^0.4.0
365 silly fetch manifest @humanfs/core@^0.19.1
366 silly placeDep ROOT @humanwhocodes/module-importer@1.0.1 OK for: eslint@9.39.1 want: ^1.0.1
367 silly placeDep ROOT @humanwhocodes/retry@0.4.3 OK for: eslint@9.39.1 want: ^0.4.2
368 silly placeDep ROOT @types/estree@1.0.8 OK for: eslint@9.39.1 want: ^1.0.6
369 silly placeDep ROOT ajv@6.12.6 OK for: eslint@9.39.1 want: ^6.12.4
370 silly fetch manifest uri-js@^4.2.2
371 silly fetch manifest fast-deep-equal@^3.1.1
372 silly fetch manifest json-schema-traverse@^0.4.1
373 silly fetch manifest fast-json-stable-stringify@^2.0.0
374 silly placeDep ROOT chalk@4.1.2 OK for: eslint@9.39.1 want: ^4.0.0
375 silly fetch manifest ansi-styles@^4.1.0
376 silly fetch manifest supports-color@^7.1.0
377 silly placeDep ROOT cross-spawn@7.0.6 OK for: eslint@9.39.1 want: ^7.0.6
378 silly fetch manifest which@^2.0.1
379 silly fetch manifest path-key@^3.1.0
380 silly fetch manifest shebang-command@^2.0.0
381 silly placeDep ROOT debug@4.4.3 OK for: eslint@9.39.1 want: ^4.3.2
382 silly fetch manifest ms@^2.1.3
383 silly placeDep ROOT escape-string-regexp@4.0.0 OK for: eslint@9.39.1 want: ^4.0.0
384 silly placeDep ROOT eslint-scope@8.4.0 OK for: eslint@9.39.1 want: ^8.4.0
385 silly fetch manifest esrecurse@^4.3.0
386 silly fetch manifest estraverse@^5.2.0
387 silly placeDep ROOT eslint-visitor-keys@4.2.1 OK for: eslint@9.39.1 want: ^4.2.1
388 silly placeDep ROOT espree@10.4.0 OK for: eslint@9.39.1 want: ^10.4.0
389 silly fetch manifest acorn@^8.15.0
390 silly fetch manifest acorn-jsx@^5.3.2
391 silly placeDep ROOT esquery@1.6.0 OK for: eslint@9.39.1 want: ^1.5.0
392 silly fetch manifest estraverse@^5.1.0
393 silly placeDep ROOT esutils@2.0.3 OK for: eslint@9.39.1 want: ^2.0.2
394 silly placeDep ROOT fast-deep-equal@3.1.3 OK for: eslint@9.39.1 want: ^3.1.3
395 silly placeDep ROOT file-entry-cache@8.0.0 OK for: eslint@9.39.1 want: ^8.0.0
396 silly fetch manifest flat-cache@^4.0.0
397 silly placeDep ROOT find-up@5.0.0 OK for: eslint@9.39.1 want: ^5.0.0
398 silly fetch manifest locate-path@^6.0.0
399 silly fetch manifest path-exists@^4.0.0
400 silly placeDep ROOT glob-parent@6.0.2 OK for: eslint@9.39.1 want: ^6.0.2
401 silly fetch manifest is-glob@^4.0.3
402 silly placeDep ROOT ignore@5.3.2 OK for: eslint@9.39.1 want: ^5.2.0
403 silly placeDep ROOT imurmurhash@0.1.4 OK for: eslint@9.39.1 want: ^0.1.4
404 silly placeDep ROOT is-glob@4.0.3 OK for: eslint@9.39.1 want: ^4.0.0
405 silly fetch manifest is-extglob@^2.1.1
406 silly placeDep ROOT json-stable-stringify-without-jsonify@1.0.1 OK for: eslint@9.39.1 want: ^1.0.1
407 silly placeDep ROOT lodash.merge@4.6.2 OK for: eslint@9.39.1 want: ^4.6.2
408 silly placeDep ROOT minimatch@3.1.2 OK for: eslint@9.39.1 want: ^3.1.2
409 silly fetch manifest brace-expansion@^1.1.7
410 silly placeDep ROOT natural-compare@1.4.0 OK for: eslint@9.39.1 want: ^1.4.0
411 silly placeDep ROOT optionator@0.9.4 OK for: eslint@9.39.1 want: ^0.9.3
412 silly fetch manifest prelude-ls@^1.2.1
413 silly fetch manifest deep-is@^0.1.3
414 silly fetch manifest word-wrap@^1.2.5
415 silly fetch manifest type-check@^0.4.0
416 silly fetch manifest fast-levenshtein@^2.0.6
417 http fetch GET 200 https://registry.npmjs.org/import-fresh 1744ms (cache miss)
418 http fetch GET 200 https://registry.npmjs.org/path-exists 1484ms (cache miss)
419 http fetch GET 200 https://registry.npmjs.org/json-schema-traverse 1705ms (cache miss)
420 http fetch GET 200 https://registry.npmjs.org/@eslint%2fobject-schema 1846ms (cache miss)
421 http fetch GET 200 https://registry.npmjs.org/@humanfs%2fcore 1764ms (cache miss)
422 http fetch GET 200 https://registry.npmjs.org/@types%2fjson-schema 1838ms (cache miss)
423 http fetch GET 200 https://registry.npmjs.org/strip-json-comments 1812ms (cache miss)
424 http fetch GET 200 https://registry.npmjs.org/levn 1800ms (cache miss)
425 http fetch GET 200 https://registry.npmjs.org/fast-json-stable-stringify 1734ms (cache miss)
426 http fetch GET 200 https://registry.npmjs.org/locate-path 1547ms (cache miss)
427 http fetch GET 200 https://registry.npmjs.org/brace-expansion 1419ms (cache miss)
428 http fetch GET 200 https://registry.npmjs.org/type-check 1363ms (cache miss)
429 http fetch GET 200 https://registry.npmjs.org/ansi-styles 1750ms (cache miss)
430 http fetch GET 200 https://registry.npmjs.org/esrecurse 1676ms (cache miss)
431 http fetch GET 200 https://registry.npmjs.org/supports-color 1749ms (cache miss)
432 http fetch GET 200 https://registry.npmjs.org/flat-cache 1617ms (cache miss)
433 http fetch GET 200 https://registry.npmjs.org/uri-js 1801ms (cache miss)
434 http fetch GET 200 https://registry.npmjs.org/path-key 1747ms (cache miss)
435 http fetch GET 200 https://registry.npmjs.org/shebang-command 1744ms (cache miss)
436 http fetch GET 200 https://registry.npmjs.org/is-extglob 1518ms (cache miss)
437 http fetch GET 200 https://registry.npmjs.org/deep-is 1433ms (cache miss)
438 http fetch GET 200 https://registry.npmjs.org/js-yaml 1895ms (cache miss)
439 http fetch GET 200 https://registry.npmjs.org/which 1768ms (cache miss)
440 http fetch GET 200 https://registry.npmjs.org/estraverse 1677ms (cache miss)
441 http fetch GET 200 https://registry.npmjs.org/word-wrap 1447ms (cache miss)
442 http fetch GET 200 https://registry.npmjs.org/fast-levenshtein 1474ms (cache miss)
443 http fetch GET 200 https://registry.npmjs.org/acorn-jsx 1752ms (cache miss)
444 http fetch GET 200 https://registry.npmjs.org/ms 1806ms (cache miss)
445 http fetch GET 200 https://registry.npmjs.org/estraverse 1790ms (cache miss)
446 http fetch GET 200 https://registry.npmjs.org/prelude-ls 1545ms (cache miss)
447 http fetch GET 200 https://registry.npmjs.org/acorn 1793ms (cache miss)
448 timing idealTree:node_modules/eslint Completed in 2324ms
449 silly placeDep node_modules/@eslint-community/eslint-utils eslint-visitor-keys@3.4.3 OK for: @eslint-community/eslint-utils@4.9.0 want: ^3.4.3
450 timing idealTree:node_modules/@eslint-community/eslint-utils Completed in 11ms
451 timing idealTree:node_modules/@eslint-community/regexpp Completed in 0ms
452 silly placeDep ROOT @eslint/object-schema@2.1.7 OK for: @eslint/config-array@0.21.1 want: ^2.1.7
453 timing idealTree:node_modules/@eslint/config-array Completed in 10ms
454 timing idealTree:node_modules/@eslint/config-helpers Completed in 0ms
455 silly placeDep ROOT @types/json-schema@7.0.15 OK for: @eslint/core@0.17.0 want: ^7.0.15
456 timing idealTree:node_modules/@eslint/core Completed in 16ms
457 silly placeDep ROOT globals@14.0.0 OK for: @eslint/eslintrc@3.3.3 want: ^14.0.0
458 silly placeDep ROOT import-fresh@3.3.1 OK for: @eslint/eslintrc@3.3.3 want: ^3.2.1
459 silly fetch manifest parent-module@^1.0.0
460 silly fetch manifest resolve-from@^4.0.0
461 silly placeDep ROOT js-yaml@4.1.1 OK for: @eslint/eslintrc@3.3.3 want: ^4.1.1
462 silly fetch manifest argparse@^2.0.1
463 silly placeDep ROOT strip-json-comments@3.1.1 OK for: @eslint/eslintrc@3.3.3 want: ^3.1.1
464 http fetch GET 200 https://registry.npmjs.org/resolve-from 261ms (cache miss)
465 http fetch GET 200 https://registry.npmjs.org/parent-module 275ms (cache miss)
466 http fetch GET 200 https://registry.npmjs.org/argparse 286ms (cache miss)
467 timing idealTree:node_modules/@eslint/eslintrc Completed in 354ms
468 timing idealTree:node_modules/@eslint/js Completed in 0ms
469 timing idealTree:node_modules/@eslint/object-schema Completed in 0ms
470 silly placeDep ROOT levn@0.4.1 OK for: @eslint/plugin-kit@0.4.1 want: ^0.4.1
471 silly fetch manifest type-check@~0.4.0
472 timing idealTree:node_modules/@eslint/plugin-kit Completed in 19ms
473 silly placeDep ROOT @humanfs/core@0.19.1 OK for: @humanfs/node@0.16.7 want: ^0.19.1
474 timing idealTree:node_modules/@humanfs/node Completed in 11ms
475 timing idealTree:node_modules/@humanfs/core Completed in 0ms
476 timing idealTree:node_modules/@humanwhocodes/module-importer Completed in 0ms
477 timing idealTree:node_modules/@humanwhocodes/retry Completed in 0ms
478 timing idealTree:node_modules/@types/estree Completed in 0ms
479 timing idealTree:node_modules/@types/json-schema Completed in 0ms
480 silly placeDep ROOT fast-json-stable-stringify@2.1.0 OK for: ajv@6.12.6 want: ^2.0.0
481 silly placeDep ROOT json-schema-traverse@0.4.1 OK for: ajv@6.12.6 want: ^0.4.1
482 silly placeDep ROOT uri-js@4.4.1 OK for: ajv@6.12.6 want: ^4.2.2
483 silly fetch manifest punycode@^2.1.0
484 http fetch GET 200 https://registry.npmjs.org/punycode 143ms (cache miss)
485 timing idealTree:node_modules/ajv Completed in 175ms
486 silly placeDep ROOT ansi-styles@4.3.0 OK for: chalk@4.1.2 want: ^4.1.0
487 silly fetch manifest color-convert@^2.0.1
488 silly placeDep ROOT supports-color@7.2.0 OK for: chalk@4.1.2 want: ^7.1.0
489 silly fetch manifest has-flag@^4.0.0
490 http fetch GET 200 https://registry.npmjs.org/color-convert 170ms (cache miss)
491 http fetch GET 200 https://registry.npmjs.org/has-flag 173ms (cache miss)
492 timing idealTree:node_modules/chalk Completed in 217ms
493 silly placeDep ROOT color-convert@2.0.1 OK for: ansi-styles@4.3.0 want: ^2.0.1
494 silly fetch manifest color-name@~1.1.4
495 http fetch GET 200 https://registry.npmjs.org/color-name 116ms (cache miss)
496 timing idealTree:node_modules/ansi-styles Completed in 136ms
497 silly placeDep ROOT color-name@1.1.4 OK for: color-convert@2.0.1 want: ~1.1.4
498 timing idealTree:node_modules/color-convert Completed in 8ms
499 timing idealTree:node_modules/color-name Completed in 0ms
500 silly placeDep ROOT path-key@3.1.1 OK for: cross-spawn@7.0.6 want: ^3.1.0
501 silly placeDep ROOT shebang-command@2.0.0 OK for: cross-spawn@7.0.6 want: ^2.0.0
502 silly fetch manifest shebang-regex@^3.0.0
503 silly placeDep ROOT which@2.0.2 OK for: cross-spawn@7.0.6 want: ^2.0.1
504 silly fetch manifest isexe@^2.0.0
505 http fetch GET 200 https://registry.npmjs.org/shebang-regex 144ms (cache miss)
506 http fetch GET 200 https://registry.npmjs.org/isexe 143ms (cache miss)
507 timing idealTree:node_modules/cross-spawn Completed in 189ms
508 silly placeDep ROOT ms@2.1.3 OK for: debug@4.4.3 want: ^2.1.3
509 timing idealTree:node_modules/debug Completed in 12ms
510 timing idealTree:node_modules/escape-string-regexp Completed in 0ms
511 silly fetch manifest eslint@>=9.0.0
512 silly fetch manifest typescript@>=3.3.1
513 silly fetch manifest eslint-plugin-import-x@*
514 http fetch GET 200 https://registry.npmjs.org/eslint-plugin-import-x 165ms (cache miss)
515 silly fetch manifest @typescript-eslint/utils@^8.0.0
516 http fetch GET 200 https://registry.npmjs.org/@typescript-eslint%2futils 1971ms (cache miss)
517 silly placeDep ROOT @next/eslint-plugin-next@16.0.7 OK for: eslint-config-next@16.0.7 want: 16.0.7
518 silly fetch manifest fast-glob@3.3.1
519 silly placeDep ROOT eslint-import-resolver-node@0.3.9 OK for: eslint-config-next@16.0.7 want: ^0.3.6
520 silly fetch manifest debug@^3.2.7
521 silly fetch manifest is-core-module@^2.13.0
522 silly fetch manifest resolve@^1.22.4
523 silly placeDep ROOT eslint-import-resolver-typescript@3.10.1 OK for: eslint-config-next@16.0.7 want: ^3.5.2
524 silly fetch manifest tinyglobby@^0.2.13
525 silly fetch manifest stable-hash@^0.0.5
526 silly fetch manifest get-tsconfig@^4.10.0
527 silly fetch manifest is-bun-module@^2.0.0
528 silly fetch manifest unrs-resolver@^1.6.2
529 silly fetch manifest @nolyfill/is-core-module@1.0.39
530 silly placeDep ROOT eslint-plugin-import@2.32.0 OK for: eslint-config-next@16.0.7 want: ^2.32.0
531 silly fetch manifest @rtsao/scc@^1.1.0
532 silly fetch manifest array-includes@^3.1.9
533 silly fetch manifest array.prototype.findlastindex@^1.2.6
534 silly fetch manifest array.prototype.flat@^1.3.3
535 silly fetch manifest array.prototype.flatmap@^1.3.3
536 silly fetch manifest doctrine@^2.1.0
537 silly fetch manifest eslint-module-utils@^2.12.1
538 silly fetch manifest hasown@^2.0.2
539 silly fetch manifest is-core-module@^2.16.1
540 silly fetch manifest object.fromentries@^2.0.8
541 silly fetch manifest object.groupby@^1.0.3
542 silly fetch manifest object.values@^1.2.1
543 silly fetch manifest semver@^6.3.1
544 silly fetch manifest string.prototype.trimend@^1.0.9
545 silly fetch manifest tsconfig-paths@^3.15.0
546 silly placeDep ROOT eslint-plugin-jsx-a11y@6.10.2 OK for: eslint-config-next@16.0.7 want: ^6.10.0
547 silly fetch manifest aria-query@^5.3.2
548 silly fetch manifest array-includes@^3.1.8
549 silly fetch manifest array.prototype.flatmap@^1.3.2
550 silly fetch manifest ast-types-flow@^0.0.8
551 silly fetch manifest axe-core@^4.10.0
552 silly fetch manifest axobject-query@^4.1.0
553 silly fetch manifest damerau-levenshtein@^1.0.8
554 silly fetch manifest emoji-regex@^9.2.2
555 silly fetch manifest jsx-ast-utils@^3.3.5
556 silly fetch manifest language-tags@^1.0.9
557 silly fetch manifest safe-regex-test@^1.0.3
558 silly fetch manifest string.prototype.includes@^2.0.1
559 silly placeDep ROOT eslint-plugin-react@7.37.5 OK for: eslint-config-next@16.0.7 want: ^7.37.0
560 silly fetch manifest array.prototype.findlast@^1.2.5
561 silly fetch manifest array.prototype.tosorted@^1.1.4
562 silly fetch manifest es-iterator-helpers@^1.2.1
563 silly fetch manifest estraverse@^5.3.0
564 silly fetch manifest jsx-ast-utils@^2.4.1 || ^3.0.0
565 silly fetch manifest object.entries@^1.1.9
566 silly fetch manifest prop-types@^15.8.1
567 silly fetch manifest resolve@^2.0.0-next.5
568 silly fetch manifest string.prototype.matchall@^4.0.12
569 silly fetch manifest string.prototype.repeat@^1.0.0
570 silly placeDep ROOT eslint-plugin-react-hooks@7.0.1 OK for: eslint-config-next@16.0.7 want: ^7.0.0
571 silly fetch manifest zod@^3.25.0 || ^4.0.0
572 silly fetch manifest @babel/core@^7.24.4
573 silly fetch manifest @babel/parser@^7.24.4
574 silly fetch manifest hermes-parser@^0.25.1
575 silly fetch manifest zod-validation-error@^3.5.0 || ^4.0.0
576 silly placeDep node_modules/eslint-config-next globals@16.4.0 OK for: eslint-config-next@16.0.7 want: 16.4.0
577 silly placeDep ROOT typescript-eslint@8.48.1 OK for: eslint-config-next@16.0.7 want: ^8.46.0
578 silly fetch manifest @typescript-eslint/utils@8.48.1
579 silly fetch manifest @typescript-eslint/parser@8.48.1
580 silly fetch manifest @typescript-eslint/eslint-plugin@8.48.1
581 silly fetch manifest @typescript-eslint/typescript-estree@8.48.1
582 http fetch GET 200 https://registry.npmjs.org/@rtsao%2fscc 1456ms (cache miss)
583 http fetch GET 200 https://registry.npmjs.org/is-bun-module 1548ms (cache miss)
584 http fetch GET 200 https://registry.npmjs.org/tinyglobby 1558ms (cache miss)
585 http fetch GET 200 https://registry.npmjs.org/get-tsconfig 1556ms (cache miss)
586 http fetch GET 200 https://registry.npmjs.org/array.prototype.flat 1521ms (cache miss)
587 http fetch GET 200 https://registry.npmjs.org/object.groupby 1506ms (cache miss)
588 http fetch GET 200 https://registry.npmjs.org/doctrine 1555ms (cache miss)
589 http fetch GET 200 https://registry.npmjs.org/array.prototype.flatmap 1563ms (cache miss)
590 http fetch GET 200 https://registry.npmjs.org/is-core-module 1660ms (cache miss)
591 http fetch GET 200 https://registry.npmjs.org/hasown 1571ms (cache miss)
592 http fetch GET 200 https://registry.npmjs.org/ast-types-flow 1540ms (cache miss)
593 http fetch GET 200 https://registry.npmjs.org/unrs-resolver 1619ms (cache miss)
594 http fetch GET 200 https://registry.npmjs.org/language-tags 1526ms (cache miss)
595 http fetch GET 200 https://registry.npmjs.org/array.prototype.flatmap 1582ms (cache miss)
596 http fetch GET 200 https://registry.npmjs.org/is-core-module 1618ms (cache miss)
597 http fetch GET 200 https://registry.npmjs.org/array.prototype.findlastindex 1644ms (cache miss)
598 http fetch GET 200 https://registry.npmjs.org/array-includes 1656ms (cache miss)
599 http fetch GET 200 https://registry.npmjs.org/object.fromentries 1647ms (cache miss)
600 http fetch GET 200 https://registry.npmjs.org/object.values 1657ms (cache miss)
601 http fetch GET 200 https://registry.npmjs.org/string.prototype.trimend 1661ms (cache miss)
602 http fetch GET 200 https://registry.npmjs.org/axobject-query 1637ms (cache miss)
603 http fetch GET 200 https://registry.npmjs.org/fast-glob 1798ms (cache miss)
604 http fetch GET 200 https://registry.npmjs.org/resolve 1792ms (cache miss)
605 http fetch GET 200 https://registry.npmjs.org/aria-query 1682ms (cache miss)
606 http fetch GET 200 https://registry.npmjs.org/emoji-regex 1664ms (cache miss)
607 http fetch GET 200 https://registry.npmjs.org/damerau-levenshtein 1672ms (cache miss)
608 http fetch GET 200 https://registry.npmjs.org/string.prototype.includes 1661ms (cache miss)
609 http fetch GET 200 https://registry.npmjs.org/array-includes 1766ms (cache miss)
610 http fetch GET 200 https://registry.npmjs.org/eslint-module-utils 1800ms (cache miss)
611 http fetch GET 200 https://registry.npmjs.org/safe-regex-test 1743ms (cache miss)
612 http fetch GET 200 https://registry.npmjs.org/prop-types 1711ms (cache miss)
613 http fetch GET 200 https://registry.npmjs.org/string.prototype.repeat 1708ms (cache miss)
614 http fetch GET 200 https://registry.npmjs.org/array.prototype.findlast 1743ms (cache miss)
615 http fetch GET 200 https://registry.npmjs.org/object.entries 1725ms (cache miss)
616 http fetch GET 200 https://registry.npmjs.org/stable-hash 1871ms (cache miss)
617 http fetch GET 200 https://registry.npmjs.org/jsx-ast-utils 1830ms (cache miss)
618 http fetch GET 200 https://registry.npmjs.org/array.prototype.tosorted 1825ms (cache miss)
619 http fetch GET 200 https://registry.npmjs.org/tsconfig-paths 1888ms (cache miss)
620 http fetch GET 200 https://registry.npmjs.org/es-iterator-helpers 1843ms (cache miss)
621 http fetch GET 200 https://registry.npmjs.org/semver 1949ms (cache miss)
622 http fetch GET 200 https://registry.npmjs.org/zod-validation-error 1853ms (cache miss)
623 http fetch GET 200 https://registry.npmjs.org/jsx-ast-utils 1972ms (cache miss)
624 http fetch GET 200 https://registry.npmjs.org/string.prototype.matchall 1955ms (cache miss)
625 http fetch GET 200 https://registry.npmjs.org/hermes-parser 1947ms (cache miss)
626 http fetch GET 200 https://registry.npmjs.org/resolve 1973ms (cache miss)
627 http fetch GET 200 https://registry.npmjs.org/@nolyfill%2fis-core-module 2198ms (cache miss)
628 http fetch GET 200 https://registry.npmjs.org/@babel%2fparser 2231ms (cache miss)
629 http fetch GET 200 https://registry.npmjs.org/@babel%2fcore 2311ms (cache miss)
630 http fetch GET 200 https://registry.npmjs.org/zod 2713ms (cache miss)
631 http fetch GET 200 https://registry.npmjs.org/axe-core 4338ms (cache miss)
632 http fetch GET 200 https://registry.npmjs.org/@typescript-eslint%2fparser 6575ms (cache miss)
633 http fetch GET 200 https://registry.npmjs.org/@typescript-eslint%2ftypescript-estree 6926ms (cache miss)
634 http fetch GET 200 https://registry.npmjs.org/@typescript-eslint%2feslint-plugin 7202ms (cache miss)
635 timing idealTree:node_modules/eslint-config-next Completed in 10009ms
636 silly placeDep ROOT fast-glob@3.3.1 OK for: @next/eslint-plugin-next@16.0.7 want: 3.3.1
637 silly fetch manifest merge2@^1.3.0
638 silly fetch manifest micromatch@^4.0.4
639 silly fetch manifest glob-parent@^5.1.2
640 silly fetch manifest @nodelib/fs.stat@^2.0.2
641 silly fetch manifest @nodelib/fs.walk@^1.2.3
642 http fetch GET 200 https://registry.npmjs.org/merge2 296ms (cache miss)
643 http fetch GET 200 https://registry.npmjs.org/@nodelib%2ffs.stat 312ms (cache miss)
644 http fetch GET 200 https://registry.npmjs.org/@nodelib%2ffs.walk 304ms (cache miss)
645 http fetch GET 200 https://registry.npmjs.org/micromatch 341ms (cache miss)
646 timing idealTree:node_modules/@next/eslint-plugin-next Completed in 368ms
647 silly placeDep node_modules/eslint-import-resolver-node debug@3.2.7 OK for: eslint-import-resolver-node@0.3.9 want: ^3.2.7
648 silly placeDep ROOT is-core-module@2.16.1 OK for: eslint-import-resolver-node@0.3.9 want: ^2.13.0
649 silly placeDep ROOT resolve@1.22.11 OK for: eslint-import-resolver-node@0.3.9 want: ^1.22.4
650 silly fetch manifest path-parse@^1.0.7
651 silly fetch manifest supports-preserve-symlinks-flag@^1.0.0
652 http fetch GET 200 https://registry.npmjs.org/supports-preserve-symlinks-flag 113ms (cache miss)
653 http fetch GET 200 https://registry.npmjs.org/path-parse 119ms (cache miss)
654 timing idealTree:node_modules/eslint-import-resolver-node Completed in 159ms
655 silly placeDep ROOT @nolyfill/is-core-module@1.0.39 OK for: eslint-import-resolver-typescript@3.10.1 want: 1.0.39
656 silly placeDep ROOT get-tsconfig@4.13.0 OK for: eslint-import-resolver-typescript@3.10.1 want: ^4.10.0
657 silly fetch manifest resolve-pkg-maps@^1.0.0
658 silly placeDep ROOT is-bun-module@2.0.0 OK for: eslint-import-resolver-typescript@3.10.1 want: ^2.0.0
659 silly fetch manifest semver@^7.7.1
660 silly placeDep ROOT stable-hash@0.0.5 OK for: eslint-import-resolver-typescript@3.10.1 want: ^0.0.5
661 silly placeDep ROOT tinyglobby@0.2.15 OK for: eslint-import-resolver-typescript@3.10.1 want: ^0.2.13
662 silly fetch manifest fdir@^6.5.0
663 silly fetch manifest picomatch@^4.0.3
664 silly placeDep ROOT unrs-resolver@1.11.1 OK for: eslint-import-resolver-typescript@3.10.1 want: ^1.6.2
665 silly fetch manifest napi-postinstall@^0.3.0
666 silly fetch manifest @unrs/resolver-binding-win32-x64-msvc@1.11.1
667 silly fetch manifest @unrs/resolver-binding-win32-arm64-msvc@1.11.1
668 silly fetch manifest @unrs/resolver-binding-win32-ia32-msvc@1.11.1
669 silly fetch manifest @unrs/resolver-binding-linux-x64-gnu@1.11.1
670 silly fetch manifest @unrs/resolver-binding-linux-x64-musl@1.11.1
671 silly fetch manifest @unrs/resolver-binding-freebsd-x64@1.11.1
672 silly fetch manifest @unrs/resolver-binding-android-arm64@1.11.1
673 silly fetch manifest @unrs/resolver-binding-linux-arm64-gnu@1.11.1
674 silly fetch manifest @unrs/resolver-binding-linux-arm64-musl@1.11.1
675 silly fetch manifest @unrs/resolver-binding-android-arm-eabi@1.11.1
676 silly fetch manifest @unrs/resolver-binding-linux-arm-gnueabihf@1.11.1
677 silly fetch manifest @unrs/resolver-binding-linux-arm-musleabihf@1.11.1
678 silly fetch manifest @unrs/resolver-binding-linux-ppc64-gnu@1.11.1
679 silly fetch manifest @unrs/resolver-binding-linux-riscv64-gnu@1.11.1
680 silly fetch manifest @unrs/resolver-binding-linux-riscv64-musl@1.11.1
681 silly fetch manifest @unrs/resolver-binding-linux-s390x-gnu@1.11.1
682 silly fetch manifest @unrs/resolver-binding-darwin-x64@1.11.1
683 silly fetch manifest @unrs/resolver-binding-darwin-arm64@1.11.1
684 silly fetch manifest @unrs/resolver-binding-wasm32-wasi@1.11.1
685 http fetch GET 200 https://registry.npmjs.org/resolve-pkg-maps 367ms (cache miss)
686 http fetch GET 200 https://registry.npmjs.org/napi-postinstall 330ms (cache miss)
687 http fetch GET 200 https://registry.npmjs.org/fdir 385ms (cache miss)
688 http fetch GET 200 https://registry.npmjs.org/picomatch 406ms (cache miss)
689 http fetch GET 200 https://registry.npmjs.org/@unrs%2fresolver-binding-linux-arm64-musl 370ms (cache miss)
690 http fetch GET 200 https://registry.npmjs.org/@unrs%2fresolver-binding-linux-arm64-gnu 427ms (cache miss)
691 http fetch GET 200 https://registry.npmjs.org/@unrs%2fresolver-binding-linux-x64-musl 608ms (cache miss)
692 http fetch GET 200 https://registry.npmjs.org/@unrs%2fresolver-binding-freebsd-x64 611ms (cache miss)
693 http fetch GET 200 https://registry.npmjs.org/@unrs%2fresolver-binding-linux-x64-gnu 626ms (cache miss)
694 http fetch GET 200 https://registry.npmjs.org/@unrs%2fresolver-binding-win32-x64-msvc 639ms (cache miss)
695 http fetch GET 200 https://registry.npmjs.org/@unrs%2fresolver-binding-win32-arm64-msvc 640ms (cache miss)
696 http fetch GET 200 https://registry.npmjs.org/@unrs%2fresolver-binding-android-arm64 642ms (cache miss)
697 http fetch GET 200 https://registry.npmjs.org/@unrs%2fresolver-binding-linux-riscv64-musl 638ms (cache miss)
698 http fetch GET 200 https://registry.npmjs.org/@unrs%2fresolver-binding-darwin-x64 635ms (cache miss)
699 http fetch GET 200 https://registry.npmjs.org/@unrs%2fresolver-binding-android-arm-eabi 1252ms (cache miss)
700 http fetch GET 200 https://registry.npmjs.org/@unrs%2fresolver-binding-win32-ia32-msvc 1292ms (cache miss)
701 http fetch GET 200 https://registry.npmjs.org/@unrs%2fresolver-binding-linux-arm-gnueabihf 1543ms (cache miss)
702 http fetch GET 200 https://registry.npmjs.org/@unrs%2fresolver-binding-linux-ppc64-gnu 1579ms (cache miss)
703 http fetch GET 200 https://registry.npmjs.org/@unrs%2fresolver-binding-linux-arm-musleabihf 1605ms (cache miss)
704 http fetch GET 200 https://registry.npmjs.org/@unrs%2fresolver-binding-linux-riscv64-gnu 1620ms (cache miss)
705 http fetch GET 200 https://registry.npmjs.org/@unrs%2fresolver-binding-linux-s390x-gnu 1628ms (cache miss)
706 http fetch GET 200 https://registry.npmjs.org/@unrs%2fresolver-binding-wasm32-wasi 1615ms (cache miss)
707 http fetch GET 200 https://registry.npmjs.org/@unrs%2fresolver-binding-darwin-arm64 1624ms (cache miss)
708 timing idealTree:node_modules/eslint-import-resolver-typescript Completed in 1759ms
709 timing idealTree:node_modules/@nolyfill/is-core-module Completed in 0ms
710 silly placeDep ROOT @rtsao/scc@1.1.0 OK for: eslint-plugin-import@2.32.0 want: ^1.1.0
711 silly placeDep ROOT array-includes@3.1.9 OK for: eslint-plugin-import@2.32.0 want: ^3.1.9
712 silly fetch manifest call-bind@^1.0.8
713 silly fetch manifest call-bound@^1.0.4
714 silly fetch manifest define-properties@^1.2.1
715 silly fetch manifest es-abstract@^1.24.0
716 silly fetch manifest es-object-atoms@^1.1.1
717 silly fetch manifest get-intrinsic@^1.3.0
718 silly fetch manifest is-string@^1.1.1
719 silly fetch manifest math-intrinsics@^1.1.0
720 silly placeDep ROOT array.prototype.findlastindex@1.2.6 OK for: eslint-plugin-import@2.32.0 want: ^1.2.6
721 silly fetch manifest es-abstract@^1.23.9
722 silly fetch manifest es-errors@^1.3.0
723 silly fetch manifest es-shim-unscopables@^1.1.0
724 silly placeDep ROOT array.prototype.flat@1.3.3 OK for: eslint-plugin-import@2.32.0 want: ^1.3.3
725 silly fetch manifest es-abstract@^1.23.5
726 silly fetch manifest es-shim-unscopables@^1.0.2
727 silly placeDep ROOT array.prototype.flatmap@1.3.3 OK for: eslint-plugin-import@2.32.0 want: ^1.3.3
728 silly placeDep node_modules/eslint-plugin-import debug@3.2.7 OK for: eslint-plugin-import@2.32.0 want: ^3.2.7
729 silly placeDep ROOT doctrine@2.1.0 OK for: eslint-plugin-import@2.32.0 want: ^2.1.0
730 silly placeDep ROOT eslint-module-utils@2.12.1 OK for: eslint-plugin-import@2.32.0 want: ^2.12.1
731 silly placeDep ROOT hasown@2.0.2 OK for: eslint-plugin-import@2.32.0 want: ^2.0.2
732 silly fetch manifest function-bind@^1.1.2
733 silly placeDep ROOT object.fromentries@2.0.8 OK for: eslint-plugin-import@2.32.0 want: ^2.0.8
734 silly fetch manifest call-bind@^1.0.7
735 silly fetch manifest es-abstract@^1.23.2
736 silly fetch manifest es-object-atoms@^1.0.0
737 silly placeDep ROOT object.groupby@1.0.3 OK for: eslint-plugin-import@2.32.0 want: ^1.0.3
738 silly placeDep ROOT object.values@1.2.1 OK for: eslint-plugin-import@2.32.0 want: ^1.2.1
739 silly fetch manifest call-bound@^1.0.3
740 silly placeDep ROOT semver@6.3.1 OK for: eslint-plugin-import@2.32.0 want: ^6.3.1
741 silly placeDep ROOT string.prototype.trimend@1.0.9 OK for: eslint-plugin-import@2.32.0 want: ^1.0.9
742 silly fetch manifest call-bound@^1.0.2
743 silly placeDep ROOT tsconfig-paths@3.15.0 OK for: eslint-plugin-import@2.32.0 want: ^3.15.0
744 silly fetch manifest json5@^1.0.2
745 silly fetch manifest minimist@^1.2.6
746 silly fetch manifest strip-bom@^3.0.0
747 silly fetch manifest @types/json5@^0.0.29
748 http fetch GET 200 https://registry.npmjs.org/es-object-atoms 737ms (cache miss)
749 http fetch GET 200 https://registry.npmjs.org/function-bind 709ms (cache miss)
750 http fetch GET 200 https://registry.npmjs.org/define-properties 791ms (cache miss)
751 http fetch GET 200 https://registry.npmjs.org/get-intrinsic 786ms (cache miss)
752 http fetch GET 200 https://registry.npmjs.org/call-bind 806ms (cache miss)
753 http fetch GET 200 https://registry.npmjs.org/es-shim-unscopables 782ms (cache miss)
754 http fetch GET 200 https://registry.npmjs.org/is-string 813ms (cache miss)
755 http fetch GET 200 https://registry.npmjs.org/math-intrinsics 816ms (cache miss)
756 http fetch GET 200 https://registry.npmjs.org/call-bound 838ms (cache miss)
757 http fetch GET 200 https://registry.npmjs.org/strip-bom 704ms (cache miss)
758 http fetch GET 200 https://registry.npmjs.org/es-object-atoms 746ms (cache miss)
759 http fetch GET 200 https://registry.npmjs.org/call-bind 753ms (cache miss)
760 http fetch GET 200 https://registry.npmjs.org/call-bound 736ms (cache miss)
761 http fetch GET 200 https://registry.npmjs.org/call-bound 724ms (cache miss)
762 http fetch GET 200 https://registry.npmjs.org/es-errors 826ms (cache miss)
763 http fetch GET 200 https://registry.npmjs.org/es-shim-unscopables 825ms (cache miss)
764 http fetch GET 200 https://registry.npmjs.org/@types%2fjson5 715ms (cache miss)
765 http fetch GET 200 https://registry.npmjs.org/json5 726ms (cache miss)
766 http fetch GET 200 https://registry.npmjs.org/minimist 731ms (cache miss)
767 http fetch GET 200 https://registry.npmjs.org/es-abstract 907ms (cache miss)
768 http fetch GET 200 https://registry.npmjs.org/es-abstract 921ms (cache miss)
769 http fetch GET 200 https://registry.npmjs.org/es-abstract 961ms (cache miss)
770 http fetch GET 200 https://registry.npmjs.org/es-abstract 875ms (cache miss)
771 timing idealTree:node_modules/eslint-plugin-import Completed in 1029ms
772 timing idealTree:node_modules/@rtsao/scc Completed in 0ms
773 silly placeDep ROOT call-bind@1.0.8 OK for: array-includes@3.1.9 want: ^1.0.8
774 silly fetch manifest call-bind-apply-helpers@^1.0.0
775 silly fetch manifest es-define-property@^1.0.0
776 silly fetch manifest get-intrinsic@^1.2.4
777 silly fetch manifest set-function-length@^1.2.2
778 silly placeDep ROOT call-bound@1.0.4 OK for: array-includes@3.1.9 want: ^1.0.4
779 silly fetch manifest call-bind-apply-helpers@^1.0.2
780 silly placeDep ROOT define-properties@1.2.1 OK for: array-includes@3.1.9 want: ^1.2.1
781 silly fetch manifest define-data-property@^1.0.1
782 silly fetch manifest has-property-descriptors@^1.0.0
783 silly fetch manifest object-keys@^1.1.1
784 silly placeDep ROOT es-abstract@1.24.0 OK for: array-includes@3.1.9 want: ^1.24.0
785 silly fetch manifest array-buffer-byte-length@^1.0.2
786 silly fetch manifest arraybuffer.prototype.slice@^1.0.4
787 silly fetch manifest available-typed-arrays@^1.0.7
788 silly fetch manifest data-view-buffer@^1.0.2
789 silly fetch manifest data-view-byte-length@^1.0.2
790 silly fetch manifest data-view-byte-offset@^1.0.1
791 silly fetch manifest es-define-property@^1.0.1
792 silly fetch manifest es-set-tostringtag@^2.1.0
793 silly fetch manifest es-to-primitive@^1.3.0
794 silly fetch manifest function.prototype.name@^1.1.8
795 silly fetch manifest get-proto@^1.0.1
796 silly fetch manifest get-symbol-description@^1.1.0
797 silly fetch manifest globalthis@^1.0.4
798 silly fetch manifest gopd@^1.2.0
799 silly fetch manifest has-property-descriptors@^1.0.2
800 silly fetch manifest has-proto@^1.2.0
801 silly fetch manifest has-symbols@^1.1.0
802 silly fetch manifest internal-slot@^1.1.0
803 silly fetch manifest is-array-buffer@^3.0.5
804 silly fetch manifest is-callable@^1.2.7
805 silly fetch manifest is-data-view@^1.0.2
806 silly fetch manifest is-negative-zero@^2.0.3
807 silly fetch manifest is-regex@^1.2.1
808 silly fetch manifest is-set@^2.0.3
809 silly fetch manifest is-shared-array-buffer@^1.0.4
810 silly fetch manifest is-typed-array@^1.1.15
811 silly fetch manifest is-weakref@^1.1.1
812 silly fetch manifest object-inspect@^1.13.4
813 silly fetch manifest object.assign@^4.1.7
814 silly fetch manifest own-keys@^1.0.1
815 silly fetch manifest regexp.prototype.flags@^1.5.4
816 silly fetch manifest safe-array-concat@^1.1.3
817 silly fetch manifest safe-push-apply@^1.0.0
818 silly fetch manifest safe-regex-test@^1.1.0
819 silly fetch manifest set-proto@^1.0.0
820 silly fetch manifest stop-iteration-iterator@^1.1.0
821 silly fetch manifest string.prototype.trim@^1.2.10
822 silly fetch manifest string.prototype.trimstart@^1.0.8
823 silly fetch manifest typed-array-buffer@^1.0.3
824 silly fetch manifest typed-array-byte-length@^1.0.3
825 silly fetch manifest typed-array-byte-offset@^1.0.4
826 silly fetch manifest typed-array-length@^1.0.7
827 silly fetch manifest unbox-primitive@^1.1.0
828 silly fetch manifest which-typed-array@^1.1.19
829 silly placeDep ROOT es-object-atoms@1.1.1 OK for: array-includes@3.1.9 want: ^1.1.1
830 silly placeDep ROOT get-intrinsic@1.3.0 OK for: array-includes@3.1.9 want: ^1.3.0
831 silly placeDep ROOT is-string@1.1.1 OK for: array-includes@3.1.9 want: ^1.1.1
832 silly fetch manifest has-tostringtag@^1.0.2
833 silly placeDep ROOT math-intrinsics@1.1.0 OK for: array-includes@3.1.9 want: ^1.1.0
834 http fetch GET 200 https://registry.npmjs.org/array-buffer-byte-length 1106ms (cache miss)
835 http fetch GET 200 https://registry.npmjs.org/available-typed-arrays 1104ms (cache miss)
836 http fetch GET 200 https://registry.npmjs.org/arraybuffer.prototype.slice 1108ms (cache miss)
837 http fetch GET 200 https://registry.npmjs.org/es-set-tostringtag 1094ms (cache miss)
838 http fetch GET 200 https://registry.npmjs.org/es-to-primitive 1084ms (cache miss)
839 http fetch GET 200 https://registry.npmjs.org/get-symbol-description 1077ms (cache miss)
840 http fetch GET 200 https://registry.npmjs.org/gopd 1074ms (cache miss)
841 http fetch GET 200 https://registry.npmjs.org/globalthis 1077ms (cache miss)
842 http fetch GET 200 https://registry.npmjs.org/es-define-property 1169ms (cache miss)
843 http fetch GET 200 https://registry.npmjs.org/define-data-property 1149ms (cache miss)
844 http fetch GET 200 https://registry.npmjs.org/has-property-descriptors 1152ms (cache miss)
845 http fetch GET 200 https://registry.npmjs.org/data-view-byte-offset 1128ms (cache miss)
846 http fetch GET 200 https://registry.npmjs.org/data-view-byte-length 1135ms (cache miss)
847 http fetch GET 200 https://registry.npmjs.org/is-data-view 1094ms (cache miss)
848 http fetch GET 200 https://registry.npmjs.org/set-function-length 1194ms (cache miss)
849 http fetch GET 200 https://registry.npmjs.org/has-symbols 1115ms (cache miss)
850 http fetch GET 200 https://registry.npmjs.org/data-view-buffer 1164ms (cache miss)
851 http fetch GET 200 https://registry.npmjs.org/get-proto 1154ms (cache miss)
852 http fetch GET 200 https://registry.npmjs.org/is-regex 1116ms (cache miss)
853 http fetch GET 200 https://registry.npmjs.org/is-shared-array-buffer 1113ms (cache miss)
854 http fetch GET 200 https://registry.npmjs.org/own-keys 1101ms (cache miss)
855 http fetch GET 200 https://registry.npmjs.org/object-keys 1214ms (cache miss)
856 http fetch GET 200 https://registry.npmjs.org/is-callable 1144ms (cache miss)
857 http fetch GET 200 https://registry.npmjs.org/call-bind-apply-helpers 1245ms (cache miss)
858 http fetch GET 200 https://registry.npmjs.org/internal-slot 1171ms (cache miss)
859 http fetch GET 200 https://registry.npmjs.org/safe-array-concat 1135ms (cache miss)
860 http fetch GET 200 https://registry.npmjs.org/set-proto 1139ms (cache miss)
861 http fetch GET 200 https://registry.npmjs.org/safe-push-apply 1147ms (cache miss)
862 http fetch GET 200 https://registry.npmjs.org/has-proto 1213ms (cache miss)
863 http fetch GET 200 https://registry.npmjs.org/string.prototype.trim 1224ms (cache miss)
864 http fetch GET 200 https://registry.npmjs.org/typed-array-byte-length 1225ms (cache miss)
865 http fetch GET 200 https://registry.npmjs.org/has-tostringtag 1188ms (cache miss)
866 http fetch GET 200 https://registry.npmjs.org/function.prototype.name 1317ms (cache miss)
867 http fetch GET 200 https://registry.npmjs.org/typed-array-byte-offset 1231ms (cache miss)
868 http fetch GET 200 https://registry.npmjs.org/object-inspect 1284ms (cache miss)
869 http fetch GET 200 https://registry.npmjs.org/is-set 1309ms (cache miss)
870 http fetch GET 200 https://registry.npmjs.org/is-negative-zero 1323ms (cache miss)
871 http fetch GET 200 https://registry.npmjs.org/is-array-buffer 1356ms (cache miss)
872 http fetch GET 200 https://registry.npmjs.org/string.prototype.trimstart 1315ms (cache miss)
873 http fetch GET 200 https://registry.npmjs.org/typed-array-buffer 1317ms (cache miss)
874 http fetch GET 200 https://registry.npmjs.org/is-typed-array 1350ms (cache miss)
875 http fetch GET 200 https://registry.npmjs.org/call-bind-apply-helpers 1484ms (cache miss)
876 http fetch GET 200 https://registry.npmjs.org/es-define-property 1429ms (cache miss)
877 http fetch GET 200 https://registry.npmjs.org/has-property-descriptors 1406ms (cache miss)
878 http fetch GET 200 https://registry.npmjs.org/is-weakref 1370ms (cache miss)
879 http fetch GET 200 https://registry.npmjs.org/typed-array-length 1326ms (cache miss)
880 http fetch GET 200 https://registry.npmjs.org/regexp.prototype.flags 1365ms (cache miss)
881 http fetch GET 200 https://registry.npmjs.org/which-typed-array 1326ms (cache miss)
882 http fetch GET 200 https://registry.npmjs.org/unbox-primitive 1332ms (cache miss)
883 http fetch GET 200 https://registry.npmjs.org/object.assign 1378ms (cache miss)
884 http fetch GET 200 https://registry.npmjs.org/stop-iteration-iterator 1368ms (cache miss)
885 timing idealTree:node_modules/array-includes Completed in 1559ms
886 silly placeDep ROOT es-errors@1.3.0 OK for: array.prototype.findlastindex@1.2.6 want: ^1.3.0
887 silly placeDep ROOT es-shim-unscopables@1.1.0 OK for: array.prototype.findlastindex@1.2.6 want: ^1.1.0
888 timing idealTree:node_modules/array.prototype.findlastindex Completed in 17ms
889 timing idealTree:node_modules/array.prototype.flat Completed in 1ms
890 timing idealTree:node_modules/array.prototype.flatmap Completed in 0ms
891 silly placeDep ROOT call-bind-apply-helpers@1.0.2 OK for: call-bind@1.0.8 want: ^1.0.0
892 silly placeDep ROOT es-define-property@1.0.1 OK for: call-bind@1.0.8 want: ^1.0.0
893 silly placeDep ROOT set-function-length@1.2.2 OK for: call-bind@1.0.8 want: ^1.2.2
894 silly fetch manifest define-data-property@^1.1.4
895 silly fetch manifest gopd@^1.0.1
896 timing idealTree:node_modules/call-bind Completed in 37ms
897 silly placeDep ROOT function-bind@1.1.2 OK for: call-bind-apply-helpers@1.0.2 want: ^1.1.2
898 timing idealTree:node_modules/call-bind-apply-helpers Completed in 11ms
899 timing idealTree:node_modules/call-bound Completed in 1ms
900 silly placeDep ROOT define-data-property@1.1.4 OK for: define-properties@1.2.1 want: ^1.0.1
901 silly placeDep ROOT has-property-descriptors@1.0.2 OK for: define-properties@1.2.1 want: ^1.0.0
902 silly placeDep ROOT object-keys@1.1.1 OK for: define-properties@1.2.1 want: ^1.1.1
903 timing idealTree:node_modules/define-properties Completed in 24ms
904 silly placeDep ROOT gopd@1.2.0 OK for: define-data-property@1.1.4 want: ^1.0.1
905 timing idealTree:node_modules/define-data-property Completed in 9ms
906 timing idealTree:node_modules/doctrine Completed in 0ms
907 silly placeDep ROOT array-buffer-byte-length@1.0.2 OK for: es-abstract@1.24.0 want: ^1.0.2
908 silly placeDep ROOT arraybuffer.prototype.slice@1.0.4 OK for: es-abstract@1.24.0 want: ^1.0.4
909 silly fetch manifest is-array-buffer@^3.0.4
910 silly placeDep ROOT available-typed-arrays@1.0.7 OK for: es-abstract@1.24.0 want: ^1.0.7
911 silly fetch manifest possible-typed-array-names@^1.0.0
912 silly placeDep ROOT data-view-buffer@1.0.2 OK for: es-abstract@1.24.0 want: ^1.0.2
913 silly placeDep ROOT data-view-byte-length@1.0.2 OK for: es-abstract@1.24.0 want: ^1.0.2
914 silly placeDep ROOT data-view-byte-offset@1.0.1 OK for: es-abstract@1.24.0 want: ^1.0.1
915 silly fetch manifest is-data-view@^1.0.1
916 silly placeDep ROOT es-set-tostringtag@2.1.0 OK for: es-abstract@1.24.0 want: ^2.1.0
917 silly placeDep ROOT es-to-primitive@1.3.0 OK for: es-abstract@1.24.0 want: ^1.3.0
918 silly fetch manifest is-date-object@^1.0.5
919 silly fetch manifest is-symbol@^1.0.4
920 silly placeDep ROOT function.prototype.name@1.1.8 OK for: es-abstract@1.24.0 want: ^1.1.8
921 silly fetch manifest functions-have-names@^1.2.3
922 silly placeDep ROOT get-proto@1.0.1 OK for: es-abstract@1.24.0 want: ^1.0.1
923 silly fetch manifest dunder-proto@^1.0.1
924 silly placeDep ROOT get-symbol-description@1.1.0 OK for: es-abstract@1.24.0 want: ^1.1.0
925 silly placeDep ROOT globalthis@1.0.4 OK for: es-abstract@1.24.0 want: ^1.0.4
926 silly placeDep ROOT has-proto@1.2.0 OK for: es-abstract@1.24.0 want: ^1.2.0
927 silly fetch manifest dunder-proto@^1.0.0
928 silly placeDep ROOT has-symbols@1.1.0 OK for: es-abstract@1.24.0 want: ^1.1.0
929 silly placeDep ROOT internal-slot@1.1.0 OK for: es-abstract@1.24.0 want: ^1.1.0
930 silly fetch manifest side-channel@^1.1.0
931 silly placeDep ROOT is-array-buffer@3.0.5 OK for: es-abstract@1.24.0 want: ^3.0.5
932 silly placeDep ROOT is-callable@1.2.7 OK for: es-abstract@1.24.0 want: ^1.2.7
933 silly placeDep ROOT is-data-view@1.0.2 OK for: es-abstract@1.24.0 want: ^1.0.2
934 silly fetch manifest is-typed-array@^1.1.13
935 silly placeDep ROOT is-negative-zero@2.0.3 OK for: es-abstract@1.24.0 want: ^2.0.3
936 silly placeDep ROOT is-regex@1.2.1 OK for: es-abstract@1.24.0 want: ^1.2.1
937 silly placeDep ROOT is-set@2.0.3 OK for: es-abstract@1.24.0 want: ^2.0.3
938 silly placeDep ROOT is-shared-array-buffer@1.0.4 OK for: es-abstract@1.24.0 want: ^1.0.4
939 silly placeDep ROOT is-typed-array@1.1.15 OK for: es-abstract@1.24.0 want: ^1.1.15
940 silly fetch manifest which-typed-array@^1.1.16
941 silly placeDep ROOT is-weakref@1.1.1 OK for: es-abstract@1.24.0 want: ^1.1.1
942 silly placeDep ROOT object-inspect@1.13.4 OK for: es-abstract@1.24.0 want: ^1.13.4
943 silly placeDep ROOT object.assign@4.1.7 OK for: es-abstract@1.24.0 want: ^4.1.7
944 silly placeDep ROOT own-keys@1.0.1 OK for: es-abstract@1.24.0 want: ^1.0.1
945 silly placeDep ROOT regexp.prototype.flags@1.5.4 OK for: es-abstract@1.24.0 want: ^1.5.4
946 silly fetch manifest set-function-name@^2.0.2
947 silly placeDep ROOT safe-array-concat@1.1.3 OK for: es-abstract@1.24.0 want: ^1.1.3
948 silly fetch manifest isarray@^2.0.5
949 silly placeDep ROOT safe-push-apply@1.0.0 OK for: es-abstract@1.24.0 want: ^1.0.0
950 silly placeDep ROOT safe-regex-test@1.1.0 OK for: es-abstract@1.24.0 want: ^1.1.0
951 silly placeDep ROOT set-proto@1.0.0 OK for: es-abstract@1.24.0 want: ^1.0.0
952 silly placeDep ROOT stop-iteration-iterator@1.1.0 OK for: es-abstract@1.24.0 want: ^1.1.0
953 silly placeDep ROOT string.prototype.trim@1.2.10 OK for: es-abstract@1.24.0 want: ^1.2.10
954 silly placeDep ROOT string.prototype.trimstart@1.0.8 OK for: es-abstract@1.24.0 want: ^1.0.8
955 silly placeDep ROOT typed-array-buffer@1.0.3 OK for: es-abstract@1.24.0 want: ^1.0.3
956 silly placeDep ROOT typed-array-byte-length@1.0.3 OK for: es-abstract@1.24.0 want: ^1.0.3
957 silly fetch manifest for-each@^0.3.3
958 silly placeDep ROOT typed-array-byte-offset@1.0.4 OK for: es-abstract@1.24.0 want: ^1.0.4
959 silly fetch manifest reflect.getprototypeof@^1.0.9
960 silly placeDep ROOT typed-array-length@1.0.7 OK for: es-abstract@1.24.0 want: ^1.0.7
961 silly fetch manifest reflect.getprototypeof@^1.0.6
962 silly placeDep ROOT unbox-primitive@1.1.0 OK for: es-abstract@1.24.0 want: ^1.1.0
963 silly fetch manifest has-bigints@^1.0.2
964 silly fetch manifest which-boxed-primitive@^1.1.1
965 silly placeDep ROOT which-typed-array@1.1.19 OK for: es-abstract@1.24.0 want: ^1.1.19
966 silly fetch manifest for-each@^0.3.5
967 http fetch GET 200 https://registry.npmjs.org/dunder-proto 536ms (cache miss)
968 http fetch GET 200 https://registry.npmjs.org/side-channel 541ms (cache miss)
969 http fetch GET 200 https://registry.npmjs.org/possible-typed-array-names 634ms (cache miss)
970 http fetch GET 200 https://registry.npmjs.org/isarray 477ms (cache miss)
971 http fetch GET 200 https://registry.npmjs.org/functions-have-names 595ms (cache miss)
972 http fetch GET 200 https://registry.npmjs.org/reflect.getprototypeof 433ms (cache miss)
973 http fetch GET 200 https://registry.npmjs.org/has-bigints 422ms (cache miss)
974 http fetch GET 200 https://registry.npmjs.org/set-function-name 493ms (cache miss)
975 http fetch GET 200 https://registry.npmjs.org/for-each 450ms (cache miss)
976 http fetch GET 200 https://registry.npmjs.org/dunder-proto 607ms (cache miss)
977 http fetch GET 200 https://registry.npmjs.org/which-boxed-primitive 438ms (cache miss)
978 http fetch GET 200 https://registry.npmjs.org/is-date-object 640ms (cache miss)
979 http fetch GET 200 https://registry.npmjs.org/reflect.getprototypeof 467ms (cache miss)
980 http fetch GET 200 https://registry.npmjs.org/for-each 454ms (cache miss)
981 http fetch GET 200 https://registry.npmjs.org/is-symbol 653ms (cache miss)
982 timing idealTree:node_modules/es-abstract Completed in 847ms
983 timing idealTree:node_modules/array-buffer-byte-length Completed in 0ms
984 timing idealTree:node_modules/arraybuffer.prototype.slice Completed in 0ms
985 silly placeDep ROOT possible-typed-array-names@1.1.0 OK for: available-typed-arrays@1.0.7 want: ^1.0.0
986 timing idealTree:node_modules/available-typed-arrays Completed in 6ms
987 timing idealTree:node_modules/data-view-buffer Completed in 0ms
988 timing idealTree:node_modules/data-view-byte-length Completed in 0ms
989 timing idealTree:node_modules/data-view-byte-offset Completed in 0ms
990 timing idealTree:node_modules/es-define-property Completed in 0ms
991 timing idealTree:node_modules/es-errors Completed in 0ms
992 timing idealTree:node_modules/es-object-atoms Completed in 0ms
993 silly placeDep ROOT has-tostringtag@1.0.2 OK for: es-set-tostringtag@2.1.0 want: ^1.0.2
994 timing idealTree:node_modules/es-set-tostringtag Completed in 11ms
995 timing idealTree:node_modules/es-shim-unscopables Completed in 0ms
996 silly placeDep ROOT is-date-object@1.1.0 OK for: es-to-primitive@1.3.0 want: ^1.0.5
997 silly placeDep ROOT is-symbol@1.1.1 OK for: es-to-primitive@1.3.0 want: ^1.0.4
998 timing idealTree:node_modules/es-to-primitive Completed in 16ms
999 silly placeDep node_modules/eslint-module-utils debug@3.2.7 OK for: eslint-module-utils@2.12.1 want: ^3.2.7
1000 timing idealTree:node_modules/eslint-module-utils Completed in 6ms
1001 silly placeDep ROOT aria-query@5.3.2 OK for: eslint-plugin-jsx-a11y@6.10.2 want: ^5.3.2
1002 silly placeDep ROOT ast-types-flow@0.0.8 OK for: eslint-plugin-jsx-a11y@6.10.2 want: ^0.0.8
1003 silly placeDep ROOT axe-core@4.11.0 OK for: eslint-plugin-jsx-a11y@6.10.2 want: ^4.10.0
1004 silly placeDep ROOT axobject-query@4.1.0 OK for: eslint-plugin-jsx-a11y@6.10.2 want: ^4.1.0
1005 silly placeDep ROOT damerau-levenshtein@1.0.8 OK for: eslint-plugin-jsx-a11y@6.10.2 want: ^1.0.8
1006 silly placeDep ROOT emoji-regex@9.2.2 OK for: eslint-plugin-jsx-a11y@6.10.2 want: ^9.2.2
1007 silly placeDep ROOT jsx-ast-utils@3.3.5 OK for: eslint-plugin-jsx-a11y@6.10.2 want: ^3.3.5
1008 silly placeDep ROOT language-tags@1.0.9 OK for: eslint-plugin-jsx-a11y@6.10.2 want: ^1.0.9
1009 silly fetch manifest language-subtag-registry@^0.3.20
1010 silly placeDep ROOT string.prototype.includes@2.0.1 OK for: eslint-plugin-jsx-a11y@6.10.2 want: ^2.0.1
1011 http fetch GET 200 https://registry.npmjs.org/language-subtag-registry 127ms (cache miss)
1012 timing idealTree:node_modules/eslint-plugin-jsx-a11y Completed in 171ms
1013 timing idealTree:node_modules/aria-query Completed in 0ms
1014 timing idealTree:node_modules/ast-types-flow Completed in 0ms
1015 timing idealTree:node_modules/axe-core Completed in 0ms
1016 timing idealTree:node_modules/axobject-query Completed in 0ms
1017 timing idealTree:node_modules/damerau-levenshtein Completed in 0ms
1018 timing idealTree:node_modules/emoji-regex Completed in 0ms
1019 silly placeDep ROOT array.prototype.findlast@1.2.5 OK for: eslint-plugin-react@7.37.5 want: ^1.2.5
1020 silly placeDep ROOT array.prototype.tosorted@1.1.4 OK for: eslint-plugin-react@7.37.5 want: ^1.1.4
1021 silly placeDep ROOT es-iterator-helpers@1.2.1 OK for: eslint-plugin-react@7.37.5 want: ^1.2.1
1022 silly fetch manifest iterator.prototype@^1.1.4
1023 silly placeDep ROOT estraverse@5.3.0 OK for: eslint-plugin-react@7.37.5 want: ^5.3.0
1024 silly placeDep ROOT object.entries@1.1.9 OK for: eslint-plugin-react@7.37.5 want: ^1.1.9
1025 silly placeDep ROOT prop-types@15.8.1 OK for: eslint-plugin-react@7.37.5 want: ^15.8.1
1026 silly fetch manifest loose-envify@^1.4.0
1027 silly fetch manifest object-assign@^4.1.1
1028 silly fetch manifest react-is@^16.13.1
1029 silly placeDep node_modules/eslint-plugin-react resolve@2.0.0-next.5 OK for: eslint-plugin-react@7.37.5 want: ^2.0.0-next.5
1030 silly placeDep ROOT string.prototype.matchall@4.0.12 OK for: eslint-plugin-react@7.37.5 want: ^4.0.12
1031 silly placeDep ROOT string.prototype.repeat@1.0.0 OK for: eslint-plugin-react@7.37.5 want: ^1.0.0
1032 http fetch GET 200 https://registry.npmjs.org/object-assign 236ms (cache miss)
1033 http fetch GET 200 https://registry.npmjs.org/iterator.prototype 271ms (cache miss)
1034 http fetch GET 200 https://registry.npmjs.org/loose-envify 255ms (cache miss)
1035 http fetch GET 200 https://registry.npmjs.org/react-is 1319ms (cache miss)
1036 timing idealTree:node_modules/eslint-plugin-react Completed in 1589ms
1037 timing idealTree:node_modules/array.prototype.findlast Completed in 0ms
1038 timing idealTree:node_modules/array.prototype.tosorted Completed in 0ms
1039 silly placeDep ROOT iterator.prototype@1.1.5 OK for: es-iterator-helpers@1.2.1 want: ^1.1.4
1040 timing idealTree:node_modules/es-iterator-helpers Completed in 9ms
1041 silly placeDep ROOT @babel/core@7.28.5 OK for: eslint-plugin-react-hooks@7.0.1 want: ^7.24.4
1042 silly fetch manifest @babel/code-frame@^7.27.1
1043 silly fetch manifest @babel/generator@^7.28.5
1044 silly fetch manifest @babel/helper-compilation-targets@^7.27.2
1045 silly fetch manifest @babel/helper-module-transforms@^7.28.3
1046 silly fetch manifest @babel/helpers@^7.28.4
1047 silly fetch manifest @babel/parser@^7.28.5
1048 silly fetch manifest @babel/template@^7.27.2
1049 silly fetch manifest @babel/traverse@^7.28.5
1050 silly fetch manifest @babel/types@^7.28.5
1051 silly fetch manifest convert-source-map@^2.0.0
1052 silly fetch manifest gensync@^1.0.0-beta.2
1053 silly fetch manifest json5@^2.2.3
1054 silly placeDep ROOT @babel/parser@7.28.5 OK for: eslint-plugin-react-hooks@7.0.1 want: ^7.24.4
1055 silly placeDep ROOT hermes-parser@0.25.1 OK for: eslint-plugin-react-hooks@7.0.1 want: ^0.25.1
1056 silly fetch manifest hermes-estree@0.25.1
1057 silly placeDep ROOT zod@4.1.13 OK for: eslint-plugin-react-hooks@7.0.1 want: ^3.25.0 || ^4.0.0
1058 silly placeDep ROOT zod-validation-error@4.0.2 OK for: eslint-plugin-react-hooks@7.0.1 want: ^3.5.0 || ^4.0.0
1059 http fetch GET 200 https://registry.npmjs.org/gensync 445ms (cache miss)
1060 http fetch GET 200 https://registry.npmjs.org/convert-source-map 479ms (cache miss)
1061 http fetch GET 200 https://registry.npmjs.org/@babel%2fhelper-compilation-targets 505ms (cache miss)
1062 http fetch GET 200 https://registry.npmjs.org/@babel%2ftemplate 511ms (cache miss)
1063 http fetch GET 200 https://registry.npmjs.org/@babel%2fcode-frame 549ms (cache miss)
1064 http fetch GET 200 https://registry.npmjs.org/@babel%2fhelper-module-transforms 558ms (cache miss)
1065 http fetch GET 200 https://registry.npmjs.org/@babel%2fhelpers 587ms (cache miss)
1066 http fetch GET 200 https://registry.npmjs.org/@babel%2fgenerator 616ms (cache miss)
1067 http fetch GET 200 https://registry.npmjs.org/@babel%2ftraverse 626ms (cache miss)
1068 http fetch GET 200 https://registry.npmjs.org/@babel%2ftypes 658ms (cache miss)
1069 http fetch GET 200 https://registry.npmjs.org/hermes-estree 772ms (cache miss)
1070 timing idealTree:node_modules/eslint-plugin-react-hooks Completed in 829ms
1071 silly fetch manifest @babel/core@^7.0.0
1072 silly placeDep ROOT @babel/code-frame@7.27.1 OK for: @babel/core@7.28.5 want: ^7.27.1
1073 silly fetch manifest js-tokens@^4.0.0
1074 silly fetch manifest @babel/helper-validator-identifier@^7.27.1
1075 silly placeDep ROOT @babel/generator@7.28.5 OK for: @babel/core@7.28.5 want: ^7.28.5
1076 silly fetch manifest jsesc@^3.0.2
1077 silly placeDep ROOT @babel/helper-compilation-targets@7.27.2 OK for: @babel/core@7.28.5 want: ^7.27.2
1078 silly fetch manifest lru-cache@^5.1.1
1079 silly fetch manifest browserslist@^4.24.0
1080 silly fetch manifest @babel/compat-data@^7.27.2
1081 silly fetch manifest @babel/helper-validator-option@^7.27.1
1082 silly placeDep ROOT @babel/helper-module-transforms@7.28.3 OK for: @babel/core@7.28.5 want: ^7.28.3
1083 silly fetch manifest @babel/traverse@^7.28.3
1084 silly fetch manifest @babel/helper-module-imports@^7.27.1
1085 silly placeDep ROOT @babel/helpers@7.28.4 OK for: @babel/core@7.28.5 want: ^7.28.4
1086 silly fetch manifest @babel/types@^7.28.4
1087 silly placeDep ROOT @babel/template@7.27.2 OK for: @babel/core@7.28.5 want: ^7.27.2
1088 silly fetch manifest @babel/types@^7.27.1
1089 silly placeDep ROOT @babel/traverse@7.28.5 OK for: @babel/core@7.28.5 want: ^7.28.5
1090 silly fetch manifest @babel/helper-globals@^7.28.0
1091 silly placeDep ROOT @babel/types@7.28.5 OK for: @babel/core@7.28.5 want: ^7.28.5
1092 silly fetch manifest @babel/helper-string-parser@^7.27.1
1093 silly fetch manifest @babel/helper-validator-identifier@^7.28.5
1094 silly placeDep ROOT convert-source-map@2.0.0 OK for: @babel/core@7.28.5 want: ^2.0.0
1095 silly placeDep ROOT gensync@1.0.0-beta.2 OK for: @babel/core@7.28.5 want: ^1.0.0-beta.2
1096 silly placeDep ROOT json5@2.2.3 OK for: @babel/core@7.28.5 want: ^2.2.3
1097 http fetch GET 200 https://registry.npmjs.org/js-tokens 478ms (cache miss)
1098 http fetch GET 200 https://registry.npmjs.org/@babel%2fhelper-globals 454ms (cache miss)
1099 http fetch GET 200 https://registry.npmjs.org/@babel%2fhelper-validator-option 491ms (cache miss)
1100 http fetch GET 200 https://registry.npmjs.org/@babel%2fhelper-string-parser 456ms (cache miss)
1101 http fetch GET 200 https://registry.npmjs.org/@babel%2fhelper-validator-identifier 533ms (cache miss)
1102 http fetch GET 200 https://registry.npmjs.org/jsesc 536ms (cache miss)
1103 http fetch GET 200 https://registry.npmjs.org/@babel%2fhelper-validator-identifier 492ms (cache miss)
1104 http fetch GET 200 https://registry.npmjs.org/@babel%2fhelper-module-imports 568ms (cache miss)
1105 http fetch GET 200 https://registry.npmjs.org/lru-cache 605ms (cache miss)
1106 http fetch GET 200 https://registry.npmjs.org/@babel%2fcompat-data 622ms (cache miss)
1107 http fetch GET 200 https://registry.npmjs.org/browserslist 651ms (cache miss)
1108 timing idealTree:node_modules/@babel/core Completed in 732ms
1109 silly placeDep ROOT @babel/helper-validator-identifier@7.28.5 OK for: @babel/code-frame@7.27.1 want: ^7.27.1
1110 silly placeDep ROOT js-tokens@4.0.0 OK for: @babel/code-frame@7.27.1 want: ^4.0.0
1111 silly placeDep ROOT picocolors@1.1.1 OK for: @babel/code-frame@7.27.1 want: ^1.1.1
1112 timing idealTree:node_modules/@babel/code-frame Completed in 23ms
1113 silly placeDep ROOT jsesc@3.1.0 OK for: @babel/generator@7.28.5 want: ^3.0.2
1114 timing idealTree:node_modules/@babel/generator Completed in 8ms
1115 silly placeDep ROOT @babel/compat-data@7.28.5 OK for: @babel/helper-compilation-targets@7.27.2 want: ^7.27.2
1116 silly placeDep ROOT @babel/helper-validator-option@7.27.1 OK for: @babel/helper-compilation-targets@7.27.2 want: ^7.27.1
1117 silly placeDep ROOT browserslist@4.28.1 OK for: @babel/helper-compilation-targets@7.27.2 want: ^4.24.0
1118 silly fetch manifest baseline-browser-mapping@^2.9.0
1119 silly fetch manifest caniuse-lite@^1.0.30001759
1120 silly fetch manifest electron-to-chromium@^1.5.263
1121 silly fetch manifest node-releases@^2.0.27
1122 silly fetch manifest update-browserslist-db@^1.2.0
1123 silly placeDep ROOT lru-cache@5.1.1 OK for: @babel/helper-compilation-targets@7.27.2 want: ^5.1.1
1124 silly fetch manifest yallist@^3.0.2
1125 http fetch GET 200 https://registry.npmjs.org/yallist 287ms (cache miss)
1126 http fetch GET 200 https://registry.npmjs.org/update-browserslist-db 328ms (cache miss)
1127 http fetch GET 200 https://registry.npmjs.org/baseline-browser-mapping 354ms (cache miss)
1128 http fetch GET 200 https://registry.npmjs.org/node-releases 380ms (cache miss)
1129 http fetch GET 200 https://registry.npmjs.org/electron-to-chromium 805ms (cache miss)
1130 timing idealTree:node_modules/@babel/helper-compilation-targets Completed in 896ms
1131 timing idealTree:node_modules/@babel/compat-data Completed in 0ms
1132 silly placeDep ROOT @babel/helper-module-imports@7.27.1 OK for: @babel/helper-module-transforms@7.28.3 want: ^7.27.1
1133 timing idealTree:node_modules/@babel/helper-module-transforms Completed in 21ms
1134 timing idealTree:node_modules/@babel/helper-module-imports Completed in 0ms
1135 timing idealTree:node_modules/@babel/helper-validator-identifier Completed in 0ms
1136 timing idealTree:node_modules/@babel/helper-validator-option Completed in 0ms
1137 timing idealTree:node_modules/@babel/helpers Completed in 0ms
1138 timing idealTree:node_modules/@babel/parser Completed in 0ms
1139 timing idealTree:node_modules/@babel/template Completed in 1ms
1140 silly placeDep ROOT @babel/helper-globals@7.28.0 OK for: @babel/traverse@7.28.5 want: ^7.28.0
1141 timing idealTree:node_modules/@babel/traverse Completed in 12ms
1142 timing idealTree:node_modules/@babel/helper-globals Completed in 1ms
1143 silly placeDep ROOT @babel/helper-string-parser@7.27.1 OK for: @babel/types@7.28.5 want: ^7.27.1
1144 timing idealTree:node_modules/@babel/types Completed in 5ms
1145 timing idealTree:node_modules/@babel/helper-string-parser Completed in 0ms
1146 silly fetch manifest browserslist@>= 4.21.0
1147 silly placeDep ROOT baseline-browser-mapping@2.9.3 OK for: browserslist@4.28.1 want: ^2.9.0
1148 silly placeDep ROOT caniuse-lite@1.0.30001759 OK for: browserslist@4.28.1 want: ^1.0.30001759
1149 silly placeDep ROOT electron-to-chromium@1.5.266 OK for: browserslist@4.28.1 want: ^1.5.263
1150 silly placeDep ROOT node-releases@2.0.27 OK for: browserslist@4.28.1 want: ^2.0.27
1151 silly placeDep ROOT update-browserslist-db@1.2.2 OK for: browserslist@4.28.1 want: ^1.2.0
1152 silly fetch manifest escalade@^3.2.0
1153 http fetch GET 200 https://registry.npmjs.org/escalade 96ms (cache miss)
1154 timing idealTree:node_modules/browserslist Completed in 130ms
1155 timing idealTree:node_modules/baseline-browser-mapping Completed in 5ms
1156 timing idealTree:node_modules/caniuse-lite Completed in 0ms
1157 timing idealTree:node_modules/convert-source-map Completed in 0ms
1158 timing idealTree:node_modules/electron-to-chromium Completed in 0ms
1159 silly placeDep ROOT esrecurse@4.3.0 OK for: eslint-scope@8.4.0 want: ^4.3.0
1160 timing idealTree:node_modules/eslint-scope Completed in 10ms
1161 timing idealTree:node_modules/eslint-visitor-keys Completed in 1ms
1162 silly placeDep ROOT acorn@8.15.0 OK for: espree@10.4.0 want: ^8.15.0
1163 silly placeDep ROOT acorn-jsx@5.3.2 OK for: espree@10.4.0 want: ^5.3.2
1164 timing idealTree:node_modules/espree Completed in 18ms
1165 timing idealTree:node_modules/acorn Completed in 0ms
1166 timing idealTree:node_modules/acorn-jsx Completed in 0ms
1167 timing idealTree:node_modules/esquery Completed in 0ms
1168 timing idealTree:node_modules/esrecurse Completed in 0ms
1169 timing idealTree:node_modules/estraverse Completed in 0ms
1170 timing idealTree:node_modules/esutils Completed in 0ms
1171 timing idealTree:node_modules/fast-deep-equal Completed in 0ms
1172 silly placeDep ROOT @nodelib/fs.stat@2.0.5 OK for: fast-glob@3.3.1 want: ^2.0.2
1173 silly placeDep ROOT @nodelib/fs.walk@1.2.8 OK for: fast-glob@3.3.1 want: ^1.2.3
1174 silly fetch manifest fastq@^1.6.0
1175 silly fetch manifest @nodelib/fs.scandir@2.1.5
1176 silly placeDep node_modules/fast-glob glob-parent@5.1.2 OK for: fast-glob@3.3.1 want: ^5.1.2
1177 silly placeDep ROOT merge2@1.4.1 OK for: fast-glob@3.3.1 want: ^1.3.0
1178 silly placeDep ROOT micromatch@4.0.8 OK for: fast-glob@3.3.1 want: ^4.0.4
1179 silly fetch manifest braces@^3.0.3
1180 silly fetch manifest picomatch@^2.3.1
1181 http fetch GET 200 https://registry.npmjs.org/@nodelib%2ffs.scandir 166ms (cache miss)
1182 http fetch GET 200 https://registry.npmjs.org/braces 159ms (cache miss)
1183 http fetch GET 200 https://registry.npmjs.org/fastq 183ms (cache miss)
1184 timing idealTree:node_modules/fast-glob Completed in 209ms
1185 timing idealTree:node_modules/@nodelib/fs.stat Completed in 0ms
1186 silly placeDep ROOT @nodelib/fs.scandir@2.1.5 OK for: @nodelib/fs.walk@1.2.8 want: 2.1.5
1187 silly fetch manifest run-parallel@^1.1.9
1188 silly placeDep ROOT fastq@1.19.1 OK for: @nodelib/fs.walk@1.2.8 want: ^1.6.0
1189 silly fetch manifest reusify@^1.0.4
1190 http fetch GET 200 https://registry.npmjs.org/reusify 122ms (cache miss)
1191 http fetch GET 200 https://registry.npmjs.org/run-parallel 142ms (cache miss)
1192 timing idealTree:node_modules/@nodelib/fs.walk Completed in 156ms
1193 silly placeDep ROOT run-parallel@1.2.0 OK for: @nodelib/fs.scandir@2.1.5 want: ^1.1.9
1194 silly fetch manifest queue-microtask@^1.2.2
1195 http fetch GET 200 https://registry.npmjs.org/queue-microtask 110ms (cache miss)
1196 timing idealTree:node_modules/@nodelib/fs.scandir Completed in 129ms
1197 timing idealTree:node_modules/fast-json-stable-stringify Completed in 0ms
1198 silly placeDep ROOT reusify@1.1.0 OK for: fastq@1.19.1 want: ^1.0.4
1199 timing idealTree:node_modules/fastq Completed in 7ms
1200 silly placeDep ROOT flat-cache@4.0.1 OK for: file-entry-cache@8.0.0 want: ^4.0.0
1201 silly fetch manifest keyv@^4.5.4
1202 silly fetch manifest flatted@^3.2.9
1203 http fetch GET 200 https://registry.npmjs.org/keyv 125ms (cache miss)
1204 http fetch GET 200 https://registry.npmjs.org/flatted 177ms (cache miss)
1205 timing idealTree:node_modules/file-entry-cache Completed in 206ms
1206 silly placeDep ROOT locate-path@6.0.0 OK for: find-up@5.0.0 want: ^6.0.0
1207 silly fetch manifest p-locate@^5.0.0
1208 silly placeDep ROOT path-exists@4.0.0 OK for: find-up@5.0.0 want: ^4.0.0
1209 http fetch GET 200 https://registry.npmjs.org/p-locate 122ms (cache miss)
1210 timing idealTree:node_modules/find-up Completed in 159ms
1211 silly placeDep ROOT flatted@3.3.3 OK for: flat-cache@4.0.1 want: ^3.2.9
1212 silly placeDep ROOT keyv@4.5.4 OK for: flat-cache@4.0.1 want: ^4.5.4
1213 silly fetch manifest json-buffer@3.0.1
1214 http fetch GET 200 https://registry.npmjs.org/json-buffer 130ms (cache miss)
1215 timing idealTree:node_modules/flat-cache Completed in 147ms
1216 timing idealTree:node_modules/flatted Completed in 0ms
1217 timing idealTree:node_modules/function-bind Completed in 0ms
1218 silly placeDep ROOT functions-have-names@1.2.3 OK for: function.prototype.name@1.1.8 want: ^1.2.3
1219 timing idealTree:node_modules/function.prototype.name Completed in 8ms
1220 timing idealTree:node_modules/functions-have-names Completed in 0ms
1221 timing idealTree:node_modules/gensync Completed in 0ms
1222 timing idealTree:node_modules/get-intrinsic Completed in 0ms
1223 silly placeDep ROOT dunder-proto@1.0.1 OK for: get-proto@1.0.1 want: ^1.0.1
1224 timing idealTree:node_modules/get-proto Completed in 14ms
1225 timing idealTree:node_modules/dunder-proto Completed in 0ms
1226 timing idealTree:node_modules/get-symbol-description Completed in 0ms
1227 silly placeDep ROOT resolve-pkg-maps@1.0.0 OK for: get-tsconfig@4.13.0 want: ^1.0.0
1228 timing idealTree:node_modules/get-tsconfig Completed in 9ms
1229 timing idealTree:node_modules/glob-parent Completed in 0ms
1230 timing idealTree:node_modules/globals Completed in 0ms
1231 timing idealTree:node_modules/globalthis Completed in 0ms
1232 timing idealTree:node_modules/gopd Completed in 0ms
1233 timing idealTree:node_modules/graceful-fs Completed in 0ms
1234 timing idealTree:node_modules/has-property-descriptors Completed in 0ms
1235 timing idealTree:node_modules/has-proto Completed in 0ms
1236 timing idealTree:node_modules/has-symbols Completed in 0ms
1237 timing idealTree:node_modules/has-tostringtag Completed in 0ms
1238 timing idealTree:node_modules/hasown Completed in 0ms
1239 silly placeDep ROOT hermes-estree@0.25.1 OK for: hermes-parser@0.25.1 want: 0.25.1
1240 timing idealTree:node_modules/hermes-parser Completed in 9ms
1241 timing idealTree:node_modules/hermes-estree Completed in 0ms
1242 timing idealTree:node_modules/ignore Completed in 1ms
1243 silly placeDep ROOT parent-module@1.0.1 OK for: import-fresh@3.3.1 want: ^1.0.0
1244 silly fetch manifest callsites@^3.0.0
1245 silly placeDep ROOT resolve-from@4.0.0 OK for: import-fresh@3.3.1 want: ^4.0.0
1246 http fetch GET 200 https://registry.npmjs.org/callsites 98ms (cache miss)
1247 timing idealTree:node_modules/import-fresh Completed in 114ms
1248 timing idealTree:node_modules/imurmurhash Completed in 0ms
1249 silly placeDep ROOT side-channel@1.1.0 OK for: internal-slot@1.1.0 want: ^1.1.0
1250 silly fetch manifest side-channel-list@^1.0.0
1251 silly fetch manifest side-channel-map@^1.0.1
1252 silly fetch manifest side-channel-weakmap@^1.0.2
1253 http fetch GET 200 https://registry.npmjs.org/side-channel-map 136ms (cache miss)
1254 http fetch GET 200 https://registry.npmjs.org/side-channel-weakmap 140ms (cache miss)
1255 http fetch GET 200 https://registry.npmjs.org/side-channel-list 157ms (cache miss)
1256 timing idealTree:node_modules/internal-slot Completed in 174ms
1257 timing idealTree:node_modules/is-array-buffer Completed in 0ms
1258 silly placeDep node_modules/is-bun-module semver@7.7.3 OK for: is-bun-module@2.0.0 want: ^7.7.1
1259 timing idealTree:node_modules/is-bun-module Completed in 10ms
1260 timing idealTree:node_modules/is-callable Completed in 0ms
1261 timing idealTree:node_modules/is-core-module Completed in 0ms
1262 timing idealTree:node_modules/is-data-view Completed in 0ms
1263 timing idealTree:node_modules/is-date-object Completed in 0ms
1264 silly placeDep ROOT is-extglob@2.1.1 OK for: is-glob@4.0.3 want: ^2.1.1
1265 timing idealTree:node_modules/is-glob Completed in 8ms
1266 timing idealTree:node_modules/is-extglob Completed in 0ms
1267 timing idealTree:node_modules/is-negative-zero Completed in 0ms
1268 timing idealTree:node_modules/is-regex Completed in 1ms
1269 timing idealTree:node_modules/is-set Completed in 0ms
1270 timing idealTree:node_modules/is-shared-array-buffer Completed in 0ms
1271 timing idealTree:node_modules/is-string Completed in 0ms
1272 timing idealTree:node_modules/is-symbol Completed in 0ms
1273 timing idealTree:node_modules/is-typed-array Completed in 0ms
1274 timing idealTree:node_modules/is-weakref Completed in 0ms
1275 silly placeDep ROOT set-function-name@2.0.2 OK for: iterator.prototype@1.1.5 want: ^2.0.2
1276 timing idealTree:node_modules/iterator.prototype Completed in 8ms
1277 timing idealTree:node_modules/jiti Completed in 0ms
1278 timing idealTree:node_modules/js-tokens Completed in 0ms
1279 silly placeDep ROOT argparse@2.0.1 OK for: js-yaml@4.1.1 want: ^2.0.1
1280 timing idealTree:node_modules/js-yaml Completed in 4ms
1281 timing idealTree:node_modules/argparse Completed in 0ms
1282 timing idealTree:node_modules/jsesc Completed in 0ms
1283 timing idealTree:node_modules/json-schema-traverse Completed in 0ms
1284 timing idealTree:node_modules/json-stable-stringify-without-jsonify Completed in 0ms
1285 timing idealTree:node_modules/json5 Completed in 0ms
1286 timing idealTree:node_modules/jsx-ast-utils Completed in 1ms
1287 silly placeDep ROOT json-buffer@3.0.1 OK for: keyv@4.5.4 want: 3.0.1
1288 timing idealTree:node_modules/keyv Completed in 4ms
1289 timing idealTree:node_modules/json-buffer Completed in 0ms
1290 silly placeDep ROOT language-subtag-registry@0.3.23 OK for: language-tags@1.0.9 want: ^0.3.20
1291 timing idealTree:node_modules/language-tags Completed in 5ms
1292 timing idealTree:node_modules/language-subtag-registry Completed in 0ms
1293 silly placeDep ROOT prelude-ls@1.2.1 OK for: levn@0.4.1 want: ^1.2.1
1294 silly placeDep ROOT type-check@0.4.0 OK for: levn@0.4.1 want: ~0.4.0
1295 timing idealTree:node_modules/levn Completed in 10ms
1296 silly placeDep ROOT detect-libc@2.1.2 OK for: lightningcss@1.30.2 want: ^2.0.3
1297 silly placeDep ROOT lightningcss-android-arm64@1.30.2 OK for: lightningcss@1.30.2 want: 1.30.2
1298 silly placeDep ROOT lightningcss-darwin-arm64@1.30.2 OK for: lightningcss@1.30.2 want: 1.30.2
1299 silly placeDep ROOT lightningcss-darwin-x64@1.30.2 OK for: lightningcss@1.30.2 want: 1.30.2
1300 silly placeDep ROOT lightningcss-freebsd-x64@1.30.2 OK for: lightningcss@1.30.2 want: 1.30.2
1301 silly placeDep ROOT lightningcss-linux-arm-gnueabihf@1.30.2 OK for: lightningcss@1.30.2 want: 1.30.2
1302 silly placeDep ROOT lightningcss-linux-arm64-gnu@1.30.2 OK for: lightningcss@1.30.2 want: 1.30.2
1303 silly placeDep ROOT lightningcss-linux-arm64-musl@1.30.2 OK for: lightningcss@1.30.2 want: 1.30.2
1304 silly placeDep ROOT lightningcss-linux-x64-gnu@1.30.2 OK for: lightningcss@1.30.2 want: 1.30.2
1305 silly placeDep ROOT lightningcss-linux-x64-musl@1.30.2 OK for: lightningcss@1.30.2 want: 1.30.2
1306 silly placeDep ROOT lightningcss-win32-arm64-msvc@1.30.2 OK for: lightningcss@1.30.2 want: 1.30.2
1307 silly placeDep ROOT lightningcss-win32-x64-msvc@1.30.2 OK for: lightningcss@1.30.2 want: 1.30.2
1308 timing idealTree:node_modules/lightningcss Completed in 47ms
1309 timing idealTree:node_modules/detect-libc Completed in 0ms
1310 timing idealTree:node_modules/lightningcss-android-arm64 Completed in 0ms
1311 timing idealTree:node_modules/lightningcss-darwin-arm64 Completed in 0ms
1312 timing idealTree:node_modules/lightningcss-darwin-x64 Completed in 0ms
1313 timing idealTree:node_modules/lightningcss-freebsd-x64 Completed in 0ms
1314 timing idealTree:node_modules/lightningcss-linux-arm-gnueabihf Completed in 0ms
1315 timing idealTree:node_modules/lightningcss-linux-arm64-gnu Completed in 0ms
1316 timing idealTree:node_modules/lightningcss-linux-arm64-musl Completed in 0ms
1317 timing idealTree:node_modules/lightningcss-linux-x64-gnu Completed in 0ms
1318 timing idealTree:node_modules/lightningcss-linux-x64-musl Completed in 0ms
1319 timing idealTree:node_modules/lightningcss-win32-arm64-msvc Completed in 0ms
1320 timing idealTree:node_modules/lightningcss-win32-x64-msvc Completed in 0ms
1321 silly placeDep ROOT p-locate@5.0.0 OK for: locate-path@6.0.0 want: ^5.0.0
1322 silly fetch manifest p-limit@^3.0.2
1323 http fetch GET 200 https://registry.npmjs.org/p-limit 106ms (cache miss)
1324 timing idealTree:node_modules/locate-path Completed in 116ms
1325 timing idealTree:node_modules/lodash.merge Completed in 0ms
1326 silly placeDep ROOT yallist@3.1.1 OK for: lru-cache@5.1.1 want: ^3.0.2
1327 timing idealTree:node_modules/lru-cache Completed in 7ms
1328 timing idealTree:node_modules/magic-string Completed in 0ms
1329 timing idealTree:node_modules/math-intrinsics Completed in 1ms
1330 timing idealTree:node_modules/merge2 Completed in 0ms
1331 silly placeDep ROOT braces@3.0.3 OK for: micromatch@4.0.8 want: ^3.0.3
1332 silly fetch manifest fill-range@^7.1.1
1333 silly placeDep ROOT picomatch@2.3.1 OK for: micromatch@4.0.8 want: ^2.3.1
1334 http fetch GET 200 https://registry.npmjs.org/fill-range 100ms (cache miss)
1335 timing idealTree:node_modules/micromatch Completed in 118ms
1336 silly placeDep ROOT fill-range@7.1.1 OK for: braces@3.0.3 want: ^7.1.1
1337 silly fetch manifest to-regex-range@^5.0.1
1338 http fetch GET 200 https://registry.npmjs.org/to-regex-range 109ms (cache miss)
1339 timing idealTree:node_modules/braces Completed in 124ms
1340 silly placeDep ROOT to-regex-range@5.0.1 OK for: fill-range@7.1.1 want: ^5.0.1
1341 silly fetch manifest is-number@^7.0.0
1342 http fetch GET 200 https://registry.npmjs.org/is-number 77ms (cache miss)
1343 timing idealTree:node_modules/fill-range Completed in 91ms
1344 silly placeDep ROOT brace-expansion@1.1.12 OK for: minimatch@3.1.2 want: ^1.1.7
1345 silly fetch manifest balanced-match@^1.0.0
1346 silly fetch manifest concat-map@0.0.1
1347 http fetch GET 200 https://registry.npmjs.org/balanced-match 120ms (cache miss)
1348 http fetch GET 200 https://registry.npmjs.org/concat-map 127ms (cache miss)
1349 timing idealTree:node_modules/minimatch Completed in 144ms
1350 silly placeDep ROOT balanced-match@1.0.2 OK for: brace-expansion@1.1.12 want: ^1.0.0
1351 silly placeDep ROOT concat-map@0.0.1 OK for: brace-expansion@1.1.12 want: 0.0.1
1352 timing idealTree:node_modules/brace-expansion Completed in 19ms
1353 timing idealTree:node_modules/balanced-match Completed in 0ms
1354 timing idealTree:node_modules/concat-map Completed in 0ms
1355 timing idealTree:node_modules/ms Completed in 1ms
1356 timing idealTree:node_modules/natural-compare Completed in 0ms
1357 silly fetch manifest react@^18.2.0 || 19.0.0-rc-de68d2f4-20241204 || ^19.0.0
1358 silly placeDep ROOT @next/env@16.0.7 OK for: next@16.0.7 want: 16.0.7
1359 silly placeDep ROOT @next/swc-darwin-arm64@16.0.7 OK for: next@16.0.7 want: 16.0.7
1360 silly placeDep ROOT @next/swc-darwin-x64@16.0.7 OK for: next@16.0.7 want: 16.0.7
1361 silly placeDep ROOT @next/swc-linux-arm64-gnu@16.0.7 OK for: next@16.0.7 want: 16.0.7
1362 silly placeDep ROOT @next/swc-linux-arm64-musl@16.0.7 OK for: next@16.0.7 want: 16.0.7
1363 silly placeDep ROOT @next/swc-linux-x64-gnu@16.0.7 OK for: next@16.0.7 want: 16.0.7
1364 silly placeDep ROOT @next/swc-linux-x64-musl@16.0.7 OK for: next@16.0.7 want: 16.0.7
1365 silly placeDep ROOT @next/swc-win32-arm64-msvc@16.0.7 OK for: next@16.0.7 want: 16.0.7
1366 silly placeDep ROOT @next/swc-win32-x64-msvc@16.0.7 OK for: next@16.0.7 want: 16.0.7
1367 silly placeDep ROOT @swc/helpers@0.5.15 OK for: next@16.0.7 want: 0.5.15
1368 silly fetch manifest tslib@^2.8.0
1369 silly placeDep node_modules/next postcss@8.4.31 OK for: next@16.0.7 want: 8.4.31
1370 silly fetch manifest nanoid@^3.3.6
1371 silly placeDep ROOT sharp@0.34.5 OK for: next@16.0.7 want: ^0.34.4
1372 silly fetch manifest @img/colour@^1.0.0
1373 silly fetch manifest semver@^7.7.3
1374 silly fetch manifest @img/sharp-darwin-arm64@0.34.5
1375 silly fetch manifest @img/sharp-darwin-x64@0.34.5
1376 silly fetch manifest @img/sharp-libvips-darwin-arm64@1.2.4
1377 silly fetch manifest @img/sharp-libvips-darwin-x64@1.2.4
1378 silly fetch manifest @img/sharp-libvips-linux-arm@1.2.4
1379 silly fetch manifest @img/sharp-libvips-linux-arm64@1.2.4
1380 silly fetch manifest @img/sharp-libvips-linux-ppc64@1.2.4
1381 silly fetch manifest @img/sharp-libvips-linux-riscv64@1.2.4
1382 silly fetch manifest @img/sharp-libvips-linux-s390x@1.2.4
1383 silly fetch manifest @img/sharp-libvips-linux-x64@1.2.4
1384 silly fetch manifest @img/sharp-libvips-linuxmusl-arm64@1.2.4
1385 silly fetch manifest @img/sharp-libvips-linuxmusl-x64@1.2.4
1386 silly fetch manifest @img/sharp-linux-arm@0.34.5
1387 silly fetch manifest @img/sharp-linux-arm64@0.34.5
1388 silly fetch manifest @img/sharp-linux-ppc64@0.34.5
1389 silly fetch manifest @img/sharp-linux-riscv64@0.34.5
1390 silly fetch manifest @img/sharp-linux-s390x@0.34.5
1391 silly fetch manifest @img/sharp-linux-x64@0.34.5
1392 silly fetch manifest @img/sharp-linuxmusl-arm64@0.34.5
1393 silly fetch manifest @img/sharp-linuxmusl-x64@0.34.5
1394 silly fetch manifest @img/sharp-wasm32@0.34.5
1395 silly fetch manifest @img/sharp-win32-arm64@0.34.5
1396 silly fetch manifest @img/sharp-win32-ia32@0.34.5
1397 silly fetch manifest @img/sharp-win32-x64@0.34.5
1398 silly placeDep ROOT styled-jsx@5.1.6 OK for: next@16.0.7 want: 5.1.6
1399 silly fetch manifest client-only@0.0.1
1400 http fetch GET 200 https://registry.npmjs.org/@img%2fsharp-libvips-linux-ppc64 336ms (cache miss)
1401 http fetch GET 200 https://registry.npmjs.org/@img%2fcolour 372ms (cache miss)
1402 http fetch GET 200 https://registry.npmjs.org/tslib 406ms (cache miss)
1403 http fetch GET 200 https://registry.npmjs.org/@img%2fsharp-libvips-linux-riscv64 360ms (cache miss)
1404 http fetch GET 200 https://registry.npmjs.org/@img%2fsharp-libvips-linux-s390x 358ms (cache miss)
1405 http fetch GET 200 https://registry.npmjs.org/@img%2fsharp-linux-riscv64 499ms (cache miss)
1406 http fetch GET 200 https://registry.npmjs.org/@img%2fsharp-linux-s390x 511ms (cache miss)
1407 http fetch GET 200 https://registry.npmjs.org/@img%2fsharp-darwin-arm64 566ms (cache miss)
1408 http fetch GET 200 https://registry.npmjs.org/@img%2fsharp-linux-ppc64 527ms (cache miss)
1409 http fetch GET 200 https://registry.npmjs.org/@img%2fsharp-wasm32 593ms (cache miss)
1410 http fetch GET 200 https://registry.npmjs.org/@img%2fsharp-win32-arm64 604ms (cache miss)
1411 http fetch GET 200 https://registry.npmjs.org/@img%2fsharp-win32-ia32 704ms (cache miss)
1412 http fetch GET 200 https://registry.npmjs.org/@img%2fsharp-linuxmusl-arm64 721ms (cache miss)
1413 http fetch GET 200 https://registry.npmjs.org/client-only 741ms (cache miss)
1414 http fetch GET 200 https://registry.npmjs.org/@img%2fsharp-libvips-linux-x64 1703ms (cache miss)
1415 http fetch GET 200 https://registry.npmjs.org/@img%2fsharp-libvips-linux-arm64 1739ms (cache miss)
1416 http fetch GET 200 https://registry.npmjs.org/@img%2fsharp-libvips-linux-arm 1745ms (cache miss)
1417 http fetch GET 200 https://registry.npmjs.org/@img%2fsharp-libvips-linuxmusl-x64 1727ms (cache miss)
1418 http fetch GET 200 https://registry.npmjs.org/@img%2fsharp-linux-arm64 1724ms (cache miss)
1419 http fetch GET 200 https://registry.npmjs.org/@img%2fsharp-linux-x64 1720ms (cache miss)
1420 http fetch GET 200 https://registry.npmjs.org/@img%2fsharp-libvips-linuxmusl-arm64 1743ms (cache miss)
1421 http fetch GET 200 https://registry.npmjs.org/@img%2fsharp-libvips-darwin-arm64 1780ms (cache miss)
1422 http fetch GET 200 https://registry.npmjs.org/@img%2fsharp-darwin-x64 1787ms (cache miss)
1423 http fetch GET 200 https://registry.npmjs.org/@img%2fsharp-linux-arm 1752ms (cache miss)
1424 http fetch GET 200 https://registry.npmjs.org/@img%2fsharp-libvips-darwin-x64 1827ms (cache miss)
1425 http fetch GET 200 https://registry.npmjs.org/@img%2fsharp-win32-x64 1775ms (cache miss)
1426 http fetch GET 200 https://registry.npmjs.org/@img%2fsharp-linuxmusl-x64 1799ms (cache miss)
1427 timing idealTree:node_modules/next Completed in 1960ms
1428 timing idealTree:node_modules/@next/env Completed in 0ms
1429 timing idealTree:node_modules/@next/swc-darwin-arm64 Completed in 2ms
1430 timing idealTree:node_modules/@next/swc-darwin-x64 Completed in 0ms
1431 timing idealTree:node_modules/@next/swc-linux-arm64-gnu Completed in 0ms
1432 timing idealTree:node_modules/@next/swc-linux-arm64-musl Completed in 0ms
1433 timing idealTree:node_modules/@next/swc-linux-x64-gnu Completed in 0ms
1434 timing idealTree:node_modules/@next/swc-linux-x64-musl Completed in 0ms
1435 timing idealTree:node_modules/@next/swc-win32-arm64-msvc Completed in 0ms
1436 timing idealTree:node_modules/@next/swc-win32-x64-msvc Completed in 0ms
1437 silly placeDep ROOT tslib@2.8.1 OK for: @swc/helpers@0.5.15 want: ^2.8.0
1438 timing idealTree:node_modules/@swc/helpers Completed in 11ms
1439 timing idealTree:node_modules/node-releases Completed in 0ms
1440 timing idealTree:node_modules/object-inspect Completed in 0ms
1441 timing idealTree:node_modules/object-keys Completed in 0ms
1442 timing idealTree:node_modules/object.assign Completed in 0ms
1443 timing idealTree:node_modules/object.entries Completed in 0ms
1444 timing idealTree:node_modules/object.fromentries Completed in 0ms
1445 timing idealTree:node_modules/object.groupby Completed in 0ms
1446 timing idealTree:node_modules/object.values Completed in 0ms
1447 silly placeDep ROOT deep-is@0.1.4 OK for: optionator@0.9.4 want: ^0.1.3
1448 silly placeDep ROOT fast-levenshtein@2.0.6 OK for: optionator@0.9.4 want: ^2.0.6
1449 silly placeDep ROOT word-wrap@1.2.5 OK for: optionator@0.9.4 want: ^1.2.5
1450 timing idealTree:node_modules/optionator Completed in 16ms
1451 timing idealTree:node_modules/deep-is Completed in 1ms
1452 timing idealTree:node_modules/fast-levenshtein Completed in 0ms
1453 timing idealTree:node_modules/own-keys Completed in 0ms
1454 silly placeDep ROOT p-limit@3.1.0 OK for: p-locate@5.0.0 want: ^3.0.2
1455 silly fetch manifest yocto-queue@^0.1.0
1456 http fetch GET 200 https://registry.npmjs.org/yocto-queue 133ms (cache miss)
1457 timing idealTree:node_modules/p-locate Completed in 160ms
1458 silly placeDep ROOT yocto-queue@0.1.0 OK for: p-limit@3.1.0 want: ^0.1.0
1459 timing idealTree:node_modules/p-limit Completed in 9ms
1460 silly placeDep ROOT callsites@3.1.0 OK for: parent-module@1.0.1 want: ^3.0.0
1461 timing idealTree:node_modules/parent-module Completed in 8ms
1462 timing idealTree:node_modules/callsites Completed in 0ms
1463 timing idealTree:node_modules/path-exists Completed in 1ms
1464 timing idealTree:node_modules/path-key Completed in 0ms
1465 timing idealTree:node_modules/picocolors Completed in 0ms
1466 timing idealTree:node_modules/picomatch Completed in 0ms
1467 timing idealTree:node_modules/possible-typed-array-names Completed in 0ms
1468 silly placeDep ROOT nanoid@3.3.11 OK for: postcss@8.5.6 want: ^3.3.11
1469 timing idealTree:node_modules/postcss Completed in 10ms
1470 timing idealTree:node_modules/nanoid Completed in 0ms
1471 timing idealTree:node_modules/prelude-ls Completed in 0ms
1472 silly placeDep ROOT loose-envify@1.4.0 OK for: prop-types@15.8.1 want: ^1.4.0
1473 silly placeDep ROOT object-assign@4.1.1 OK for: prop-types@15.8.1 want: ^4.1.1
1474 silly placeDep ROOT react-is@16.13.1 OK for: prop-types@15.8.1 want: ^16.13.1
1475 timing idealTree:node_modules/prop-types Completed in 20ms
1476 timing idealTree:node_modules/loose-envify Completed in 0ms
1477 timing idealTree:node_modules/object-assign Completed in 1ms
1478 timing idealTree:node_modules/react Completed in 0ms
1479 silly placeDep ROOT scheduler@0.27.0 OK for: react-dom@19.2.0 want: ^0.27.0
1480 timing idealTree:node_modules/react-dom Completed in 7ms
1481 timing idealTree:node_modules/react-is Completed in 0ms
1482 timing idealTree:node_modules/regexp.prototype.flags Completed in 0ms
1483 silly placeDep ROOT path-parse@1.0.7 OK for: resolve@1.22.11 want: ^1.0.7
1484 silly placeDep ROOT supports-preserve-symlinks-flag@1.0.0 OK for: resolve@1.22.11 want: ^1.0.0
1485 timing idealTree:node_modules/resolve Completed in 9ms
1486 timing idealTree:node_modules/path-parse Completed in 0ms
1487 timing idealTree:node_modules/resolve-from Completed in 0ms
1488 timing idealTree:node_modules/resolve-pkg-maps Completed in 0ms
1489 timing idealTree:node_modules/reusify Completed in 0ms
1490 silly placeDep ROOT queue-microtask@1.2.3 OK for: run-parallel@1.2.0 want: ^1.2.2
1491 timing idealTree:node_modules/run-parallel Completed in 4ms
1492 timing idealTree:node_modules/queue-microtask Completed in 0ms
1493 silly placeDep ROOT isarray@2.0.5 OK for: safe-array-concat@1.1.3 want: ^2.0.5
1494 timing idealTree:node_modules/safe-array-concat Completed in 5ms
1495 timing idealTree:node_modules/isarray Completed in 0ms
1496 timing idealTree:node_modules/safe-push-apply Completed in 0ms
1497 timing idealTree:node_modules/safe-regex-test Completed in 0ms
1498 timing idealTree:node_modules/scheduler Completed in 0ms
1499 timing idealTree:node_modules/semver Completed in 0ms
1500 timing idealTree:node_modules/set-function-length Completed in 0ms
1501 timing idealTree:node_modules/set-function-name Completed in 0ms
1502 timing idealTree:node_modules/set-proto Completed in 0ms
1503 silly placeDep ROOT @img/colour@1.0.0 OK for: sharp@0.34.5 want: ^1.0.0
1504 silly placeDep ROOT @img/sharp-darwin-arm64@0.34.5 OK for: sharp@0.34.5 want: 0.34.5
1505 silly placeDep ROOT @img/sharp-darwin-x64@0.34.5 OK for: sharp@0.34.5 want: 0.34.5
1506 silly placeDep ROOT @img/sharp-libvips-darwin-arm64@1.2.4 OK for: sharp@0.34.5 want: 1.2.4
1507 silly placeDep ROOT @img/sharp-libvips-darwin-x64@1.2.4 OK for: sharp@0.34.5 want: 1.2.4
1508 silly placeDep ROOT @img/sharp-libvips-linux-arm@1.2.4 OK for: sharp@0.34.5 want: 1.2.4
1509 silly placeDep ROOT @img/sharp-libvips-linux-arm64@1.2.4 OK for: sharp@0.34.5 want: 1.2.4
1510 silly placeDep ROOT @img/sharp-libvips-linux-ppc64@1.2.4 OK for: sharp@0.34.5 want: 1.2.4
1511 silly placeDep ROOT @img/sharp-libvips-linux-riscv64@1.2.4 OK for: sharp@0.34.5 want: 1.2.4
1512 silly placeDep ROOT @img/sharp-libvips-linux-s390x@1.2.4 OK for: sharp@0.34.5 want: 1.2.4
1513 silly placeDep ROOT @img/sharp-libvips-linux-x64@1.2.4 OK for: sharp@0.34.5 want: 1.2.4
1514 silly placeDep ROOT @img/sharp-libvips-linuxmusl-arm64@1.2.4 OK for: sharp@0.34.5 want: 1.2.4
1515 silly placeDep ROOT @img/sharp-libvips-linuxmusl-x64@1.2.4 OK for: sharp@0.34.5 want: 1.2.4
1516 silly placeDep ROOT @img/sharp-linux-arm@0.34.5 OK for: sharp@0.34.5 want: 0.34.5
1517 silly placeDep ROOT @img/sharp-linux-arm64@0.34.5 OK for: sharp@0.34.5 want: 0.34.5
1518 silly placeDep ROOT @img/sharp-linux-ppc64@0.34.5 OK for: sharp@0.34.5 want: 0.34.5
1519 silly placeDep ROOT @img/sharp-linux-riscv64@0.34.5 OK for: sharp@0.34.5 want: 0.34.5
1520 silly placeDep ROOT @img/sharp-linux-s390x@0.34.5 OK for: sharp@0.34.5 want: 0.34.5
1521 silly placeDep ROOT @img/sharp-linux-x64@0.34.5 OK for: sharp@0.34.5 want: 0.34.5
1522 silly placeDep ROOT @img/sharp-linuxmusl-arm64@0.34.5 OK for: sharp@0.34.5 want: 0.34.5
1523 silly placeDep ROOT @img/sharp-linuxmusl-x64@0.34.5 OK for: sharp@0.34.5 want: 0.34.5
1524 silly placeDep ROOT @img/sharp-wasm32@0.34.5 OK for: sharp@0.34.5 want: 0.34.5
1525 silly fetch manifest @emnapi/runtime@^1.7.0
1526 silly placeDep ROOT @img/sharp-win32-arm64@0.34.5 OK for: sharp@0.34.5 want: 0.34.5
1527 silly placeDep ROOT @img/sharp-win32-ia32@0.34.5 OK for: sharp@0.34.5 want: 0.34.5
1528 silly placeDep ROOT @img/sharp-win32-x64@0.34.5 OK for: sharp@0.34.5 want: 0.34.5
1529 silly placeDep node_modules/sharp semver@7.7.3 OK for: sharp@0.34.5 want: ^7.7.3
1530 http fetch GET 200 https://registry.npmjs.org/@emnapi%2fruntime 184ms (cache miss)
1531 timing idealTree:node_modules/sharp Completed in 306ms
1532 timing idealTree:node_modules/@img/colour Completed in 0ms
1533 timing idealTree:node_modules/@img/sharp-darwin-arm64 Completed in 0ms
1534 timing idealTree:node_modules/@img/sharp-darwin-x64 Completed in 1ms
1535 timing idealTree:node_modules/@img/sharp-libvips-darwin-arm64 Completed in 0ms
1536 timing idealTree:node_modules/@img/sharp-libvips-darwin-x64 Completed in 0ms
1537 timing idealTree:node_modules/@img/sharp-libvips-linux-arm Completed in 0ms
1538 timing idealTree:node_modules/@img/sharp-libvips-linux-arm64 Completed in 0ms
1539 timing idealTree:node_modules/@img/sharp-libvips-linux-ppc64 Completed in 0ms
1540 timing idealTree:node_modules/@img/sharp-libvips-linux-riscv64 Completed in 0ms
1541 timing idealTree:node_modules/@img/sharp-libvips-linux-s390x Completed in 0ms
1542 timing idealTree:node_modules/@img/sharp-libvips-linux-x64 Completed in 0ms
1543 timing idealTree:node_modules/@img/sharp-libvips-linuxmusl-arm64 Completed in 0ms
1544 timing idealTree:node_modules/@img/sharp-libvips-linuxmusl-x64 Completed in 0ms
1545 timing idealTree:node_modules/@img/sharp-linux-arm Completed in 0ms
1546 timing idealTree:node_modules/@img/sharp-linux-arm64 Completed in 0ms
1547 timing idealTree:node_modules/@img/sharp-linux-ppc64 Completed in 0ms
1548 timing idealTree:node_modules/@img/sharp-linux-riscv64 Completed in 0ms
1549 timing idealTree:node_modules/@img/sharp-linux-s390x Completed in 0ms
1550 timing idealTree:node_modules/@img/sharp-linux-x64 Completed in 0ms
1551 timing idealTree:node_modules/@img/sharp-linuxmusl-arm64 Completed in 0ms
1552 timing idealTree:node_modules/@img/sharp-linuxmusl-x64 Completed in 0ms
1553 silly placeDep ROOT @emnapi/runtime@1.7.1 OK for: @img/sharp-wasm32@0.34.5 want: ^1.7.0
1554 timing idealTree:node_modules/@img/sharp-wasm32 Completed in 14ms
1555 timing idealTree:node_modules/@emnapi/runtime Completed in 0ms
1556 timing idealTree:node_modules/@img/sharp-win32-arm64 Completed in 0ms
1557 timing idealTree:node_modules/@img/sharp-win32-ia32 Completed in 0ms
1558 timing idealTree:node_modules/@img/sharp-win32-x64 Completed in 0ms
1559 silly placeDep ROOT shebang-regex@3.0.0 OK for: shebang-command@2.0.0 want: ^3.0.0
1560 timing idealTree:node_modules/shebang-command Completed in 7ms
1561 timing idealTree:node_modules/shebang-regex Completed in 1ms
1562 silly placeDep ROOT side-channel-list@1.0.0 OK for: side-channel@1.1.0 want: ^1.0.0
1563 silly placeDep ROOT side-channel-map@1.0.1 OK for: side-channel@1.1.0 want: ^1.0.1
1564 silly placeDep ROOT side-channel-weakmap@1.0.2 OK for: side-channel@1.1.0 want: ^1.0.2
1565 timing idealTree:node_modules/side-channel Completed in 21ms
1566 timing idealTree:node_modules/side-channel-list Completed in 0ms
1567 timing idealTree:node_modules/side-channel-map Completed in 0ms
1568 timing idealTree:node_modules/side-channel-weakmap Completed in 0ms
1569 timing idealTree:node_modules/source-map-js Completed in 0ms
1570 timing idealTree:node_modules/stable-hash Completed in 0ms
1571 timing idealTree:node_modules/stop-iteration-iterator Completed in 0ms
1572 timing idealTree:node_modules/string.prototype.includes Completed in 1ms
1573 timing idealTree:node_modules/string.prototype.matchall Completed in 0ms
1574 timing idealTree:node_modules/string.prototype.repeat Completed in 0ms
1575 timing idealTree:node_modules/string.prototype.trim Completed in 0ms
1576 timing idealTree:node_modules/string.prototype.trimend Completed in 0ms
1577 timing idealTree:node_modules/string.prototype.trimstart Completed in 0ms
1578 timing idealTree:node_modules/strip-json-comments Completed in 0ms
1579 silly placeDep ROOT client-only@0.0.1 OK for: styled-jsx@5.1.6 want: 0.0.1
1580 timing idealTree:node_modules/styled-jsx Completed in 5ms
1581 timing idealTree:node_modules/client-only Completed in 0ms
1582 silly placeDep ROOT has-flag@4.0.0 OK for: supports-color@7.2.0 want: ^4.0.0
1583 timing idealTree:node_modules/supports-color Completed in 5ms
1584 timing idealTree:node_modules/has-flag Completed in 1ms
1585 timing idealTree:node_modules/supports-preserve-symlinks-flag Completed in 0ms
1586 timing idealTree:node_modules/tailwindcss Completed in 0ms
1587 timing idealTree:node_modules/tapable Completed in 0ms
1588 silly placeDep node_modules/tinyglobby fdir@6.5.0 OK for: tinyglobby@0.2.15 want: ^6.5.0
1589 silly placeDep node_modules/tinyglobby picomatch@4.0.3 OK for: fdir@6.5.0 want: ^3 || ^4
1590 timing idealTree:node_modules/tinyglobby Completed in 20ms
1591 silly placeDep ROOT is-number@7.0.0 OK for: to-regex-range@5.0.1 want: ^7.0.0
1592 timing idealTree:node_modules/to-regex-range Completed in 6ms
1593 timing idealTree:node_modules/is-number Completed in 0ms
1594 silly placeDep ROOT @types/json5@0.0.29 OK for: tsconfig-paths@3.15.0 want: ^0.0.29
1595 silly placeDep node_modules/tsconfig-paths json5@1.0.2 OK for: tsconfig-paths@3.15.0 want: ^1.0.2
1596 silly fetch manifest minimist@^1.2.0
1597 silly placeDep ROOT minimist@1.2.8 OK for: tsconfig-paths@3.15.0 want: ^1.2.6
1598 silly placeDep ROOT strip-bom@3.0.0 OK for: tsconfig-paths@3.15.0 want: ^3.0.0
1599 timing idealTree:node_modules/tsconfig-paths Completed in 31ms
1600 timing idealTree:node_modules/@types/json5 Completed in 0ms
1601 timing idealTree:node_modules/minimist Completed in 0ms
1602 timing idealTree:node_modules/strip-bom Completed in 0ms
1603 timing idealTree:node_modules/tslib Completed in 0ms
1604 timing idealTree:node_modules/type-check Completed in 0ms
1605 timing idealTree:node_modules/typed-array-buffer Completed in 0ms
1606 silly placeDep ROOT for-each@0.3.5 OK for: typed-array-byte-length@1.0.3 want: ^0.3.3
1607 timing idealTree:node_modules/typed-array-byte-length Completed in 7ms
1608 timing idealTree:node_modules/for-each Completed in 0ms
1609 silly placeDep ROOT reflect.getprototypeof@1.0.10 OK for: typed-array-byte-offset@1.0.4 want: ^1.0.9
1610 silly fetch manifest which-builtin-type@^1.2.1
1611 http fetch GET 200 https://registry.npmjs.org/which-builtin-type 126ms (cache miss)
1612 timing idealTree:node_modules/typed-array-byte-offset Completed in 144ms
1613 silly placeDep ROOT which-builtin-type@1.2.1 OK for: reflect.getprototypeof@1.0.10 want: ^1.2.1
1614 silly fetch manifest is-async-function@^2.0.0
1615 silly fetch manifest is-finalizationregistry@^1.1.0
1616 silly fetch manifest is-generator-function@^1.0.10
1617 silly fetch manifest which-boxed-primitive@^1.1.0
1618 silly fetch manifest which-collection@^1.0.2
1619 http fetch GET 200 https://registry.npmjs.org/is-generator-function 169ms (cache miss)
1620 http fetch GET 200 https://registry.npmjs.org/is-async-function 191ms (cache miss)
1621 http fetch GET 200 https://registry.npmjs.org/is-finalizationregistry 199ms (cache miss)
1622 http fetch GET 200 https://registry.npmjs.org/which-collection 201ms (cache miss)
1623 timing idealTree:node_modules/reflect.getprototypeof Completed in 246ms
1624 timing idealTree:node_modules/typed-array-length Completed in 0ms
1625 timing idealTree:node_modules/typescript Completed in 0ms
1626 silly fetch manifest eslint@^8.57.0 || ^9.0.0
1627 silly fetch manifest typescript@>=4.8.4 <6.0.0
1628 silly placeDep ROOT @typescript-eslint/eslint-plugin@8.48.1 OK for: typescript-eslint@8.48.1 want: 8.48.1
1629 silly placeDep ROOT @typescript-eslint/parser@8.48.1 OK for: @typescript-eslint/eslint-plugin@8.48.1 want: ^8.48.1
1630 silly fetch manifest ignore@^7.0.0
1631 silly fetch manifest graphemer@^1.4.0
1632 silly fetch manifest ts-api-utils@^2.1.0
1633 silly fetch manifest @typescript-eslint/type-utils@8.48.1
1634 silly fetch manifest @typescript-eslint/visitor-keys@8.48.1
1635 silly fetch manifest @typescript-eslint/scope-manager@8.48.1
1636 silly fetch manifest @typescript-eslint/types@8.48.1
1637 silly placeDep ROOT @typescript-eslint/typescript-estree@8.48.1 OK for: typescript-eslint@8.48.1 want: 8.48.1
1638 silly fetch manifest semver@^7.6.0
1639 silly fetch manifest minimatch@^9.0.4
1640 silly fetch manifest @typescript-eslint/tsconfig-utils@8.48.1
1641 silly fetch manifest @typescript-eslint/project-service@8.48.1
1642 silly placeDep ROOT @typescript-eslint/utils@8.48.1 OK for: typescript-eslint@8.48.1 want: 8.48.1
1643 http fetch GET 200 https://registry.npmjs.org/graphemer 140ms (cache miss)
1644 http fetch GET 200 https://registry.npmjs.org/@typescript-eslint%2ftsconfig-utils 331ms (cache miss)
1645 http fetch GET 200 https://registry.npmjs.org/@typescript-eslint%2fproject-service 435ms (cache miss)
1646 http fetch GET 200 https://registry.npmjs.org/ts-api-utils 1065ms (cache miss)
1647 http fetch GET 200 https://registry.npmjs.org/@typescript-eslint%2ftype-utils 2875ms (cache miss)
1648 http fetch GET 200 https://registry.npmjs.org/@typescript-eslint%2ftypes 3153ms (cache miss)
1649 http fetch GET 200 https://registry.npmjs.org/@typescript-eslint%2fvisitor-keys 3346ms (cache miss)
1650 http fetch GET 200 https://registry.npmjs.org/@typescript-eslint%2fscope-manager 3561ms (cache miss)
1651 timing idealTree:node_modules/typescript-eslint Completed in 3787ms
1652 silly placeDep ROOT @typescript-eslint/scope-manager@8.48.1 OK for: @typescript-eslint/eslint-plugin@8.48.1 want: 8.48.1
1653 silly placeDep ROOT @typescript-eslint/type-utils@8.48.1 OK for: @typescript-eslint/eslint-plugin@8.48.1 want: 8.48.1
1654 silly placeDep ROOT @typescript-eslint/visitor-keys@8.48.1 OK for: @typescript-eslint/eslint-plugin@8.48.1 want: 8.48.1
1655 silly placeDep ROOT graphemer@1.4.0 OK for: @typescript-eslint/eslint-plugin@8.48.1 want: ^1.4.0
1656 silly placeDep node_modules/@typescript-eslint/eslint-plugin ignore@7.0.5 OK for: @typescript-eslint/eslint-plugin@8.48.1 want: ^7.0.0
1657 silly placeDep ROOT ts-api-utils@2.1.0 OK for: @typescript-eslint/eslint-plugin@8.48.1 want: ^2.1.0
1658 timing idealTree:node_modules/@typescript-eslint/eslint-plugin Completed in 44ms
1659 silly placeDep ROOT @typescript-eslint/types@8.48.1 OK for: @typescript-eslint/parser@8.48.1 want: 8.48.1
1660 timing idealTree:node_modules/@typescript-eslint/parser Completed in 6ms
1661 timing idealTree:node_modules/@typescript-eslint/scope-manager Completed in 0ms
1662 timing idealTree:node_modules/@typescript-eslint/type-utils Completed in 0ms
1663 timing idealTree:node_modules/@typescript-eslint/types Completed in 0ms
1664 silly placeDep ROOT @typescript-eslint/project-service@8.48.1 OK for: @typescript-eslint/typescript-estree@8.48.1 want: 8.48.1
1665 silly fetch manifest @typescript-eslint/tsconfig-utils@^8.48.1
1666 silly placeDep ROOT @typescript-eslint/tsconfig-utils@8.48.1 OK for: @typescript-eslint/typescript-estree@8.48.1 want: 8.48.1
1667 silly placeDep node_modules/@typescript-eslint/typescript-estree minimatch@9.0.5 OK for: @typescript-eslint/typescript-estree@8.48.1 want: ^9.0.4
1668 silly fetch manifest brace-expansion@^2.0.1
1669 silly placeDep node_modules/@typescript-eslint/typescript-estree semver@7.7.3 OK for: @typescript-eslint/typescript-estree@8.48.1 want: ^7.6.0
1670 timing idealTree:node_modules/@typescript-eslint/typescript-estree Completed in 31ms
1671 timing idealTree:node_modules/@typescript-eslint/project-service Completed in 0ms
1672 timing idealTree:node_modules/@typescript-eslint/tsconfig-utils Completed in 0ms
1673 timing idealTree:node_modules/@typescript-eslint/utils Completed in 0ms
1674 timing idealTree:node_modules/@typescript-eslint/visitor-keys Completed in 0ms
1675 timing idealTree:node_modules/graphemer Completed in 0ms
1676 timing idealTree:node_modules/ts-api-utils Completed in 0ms
1677 silly placeDep ROOT has-bigints@1.1.0 OK for: unbox-primitive@1.1.0 want: ^1.0.2
1678 silly placeDep ROOT which-boxed-primitive@1.1.1 OK for: unbox-primitive@1.1.0 want: ^1.1.1
1679 silly fetch manifest is-bigint@^1.1.0
1680 silly fetch manifest is-boolean-object@^1.2.1
1681 silly fetch manifest is-number-object@^1.1.1
1682 http fetch GET 200 https://registry.npmjs.org/is-boolean-object 212ms (cache miss)
1683 http fetch GET 200 https://registry.npmjs.org/is-bigint 229ms (cache miss)
1684 http fetch GET 200 https://registry.npmjs.org/is-number-object 230ms (cache miss)
1685 timing idealTree:node_modules/unbox-primitive Completed in 252ms
1686 timing idealTree:node_modules/has-bigints Completed in 0ms
1687 timing idealTree:node_modules/undici-types Completed in 0ms
1688 silly placeDep ROOT @unrs/resolver-binding-android-arm-eabi@1.11.1 OK for: unrs-resolver@1.11.1 want: 1.11.1
1689 silly placeDep ROOT @unrs/resolver-binding-android-arm64@1.11.1 OK for: unrs-resolver@1.11.1 want: 1.11.1
1690 silly placeDep ROOT @unrs/resolver-binding-darwin-arm64@1.11.1 OK for: unrs-resolver@1.11.1 want: 1.11.1
1691 silly placeDep ROOT @unrs/resolver-binding-darwin-x64@1.11.1 OK for: unrs-resolver@1.11.1 want: 1.11.1
1692 silly placeDep ROOT @unrs/resolver-binding-freebsd-x64@1.11.1 OK for: unrs-resolver@1.11.1 want: 1.11.1
1693 silly placeDep ROOT @unrs/resolver-binding-linux-arm-gnueabihf@1.11.1 OK for: unrs-resolver@1.11.1 want: 1.11.1
1694 silly placeDep ROOT @unrs/resolver-binding-linux-arm-musleabihf@1.11.1 OK for: unrs-resolver@1.11.1 want: 1.11.1
1695 silly placeDep ROOT @unrs/resolver-binding-linux-arm64-gnu@1.11.1 OK for: unrs-resolver@1.11.1 want: 1.11.1
1696 silly placeDep ROOT @unrs/resolver-binding-linux-arm64-musl@1.11.1 OK for: unrs-resolver@1.11.1 want: 1.11.1
1697 silly placeDep ROOT @unrs/resolver-binding-linux-ppc64-gnu@1.11.1 OK for: unrs-resolver@1.11.1 want: 1.11.1
1698 silly placeDep ROOT @unrs/resolver-binding-linux-riscv64-gnu@1.11.1 OK for: unrs-resolver@1.11.1 want: 1.11.1
1699 silly placeDep ROOT @unrs/resolver-binding-linux-riscv64-musl@1.11.1 OK for: unrs-resolver@1.11.1 want: 1.11.1
1700 silly placeDep ROOT @unrs/resolver-binding-linux-s390x-gnu@1.11.1 OK for: unrs-resolver@1.11.1 want: 1.11.1
1701 silly placeDep ROOT @unrs/resolver-binding-linux-x64-gnu@1.11.1 OK for: unrs-resolver@1.11.1 want: 1.11.1
1702 silly placeDep ROOT @unrs/resolver-binding-linux-x64-musl@1.11.1 OK for: unrs-resolver@1.11.1 want: 1.11.1
1703 silly placeDep ROOT @unrs/resolver-binding-wasm32-wasi@1.11.1 OK for: unrs-resolver@1.11.1 want: 1.11.1
1704 silly fetch manifest @napi-rs/wasm-runtime@^0.2.11
1705 silly placeDep ROOT @unrs/resolver-binding-win32-arm64-msvc@1.11.1 OK for: unrs-resolver@1.11.1 want: 1.11.1
1706 silly placeDep ROOT @unrs/resolver-binding-win32-ia32-msvc@1.11.1 OK for: unrs-resolver@1.11.1 want: 1.11.1
1707 silly placeDep ROOT @unrs/resolver-binding-win32-x64-msvc@1.11.1 OK for: unrs-resolver@1.11.1 want: 1.11.1
1708 silly placeDep ROOT napi-postinstall@0.3.4 OK for: unrs-resolver@1.11.1 want: ^0.3.0
1709 http fetch GET 200 https://registry.npmjs.org/@napi-rs%2fwasm-runtime 760ms (cache miss)
1710 timing idealTree:node_modules/unrs-resolver Completed in 894ms
1711 timing idealTree:node_modules/@unrs/resolver-binding-android-arm-eabi Completed in 0ms
1712 timing idealTree:node_modules/@unrs/resolver-binding-android-arm64 Completed in 0ms
1713 timing idealTree:node_modules/@unrs/resolver-binding-darwin-arm64 Completed in 0ms
1714 timing idealTree:node_modules/@unrs/resolver-binding-darwin-x64 Completed in 0ms
1715 timing idealTree:node_modules/@unrs/resolver-binding-freebsd-x64 Completed in 2ms
1716 timing idealTree:node_modules/@unrs/resolver-binding-linux-arm-gnueabihf Completed in 0ms
1717 timing idealTree:node_modules/@unrs/resolver-binding-linux-arm-musleabihf Completed in 0ms
1718 timing idealTree:node_modules/@unrs/resolver-binding-linux-arm64-gnu Completed in 0ms
1719 timing idealTree:node_modules/@unrs/resolver-binding-linux-arm64-musl Completed in 0ms
1720 timing idealTree:node_modules/@unrs/resolver-binding-linux-ppc64-gnu Completed in 0ms
1721 timing idealTree:node_modules/@unrs/resolver-binding-linux-riscv64-gnu Completed in 0ms
1722 timing idealTree:node_modules/@unrs/resolver-binding-linux-riscv64-musl Completed in 0ms
1723 timing idealTree:node_modules/@unrs/resolver-binding-linux-s390x-gnu Completed in 0ms
1724 timing idealTree:node_modules/@unrs/resolver-binding-linux-x64-gnu Completed in 0ms
1725 timing idealTree:node_modules/@unrs/resolver-binding-linux-x64-musl Completed in 0ms
1726 silly placeDep ROOT @napi-rs/wasm-runtime@0.2.12 OK for: @unrs/resolver-binding-wasm32-wasi@1.11.1 want: ^0.2.11
1727 silly fetch manifest @emnapi/core@^1.4.3
1728 silly fetch manifest @tybys/wasm-util@^0.10.0
1729 http fetch GET 200 https://registry.npmjs.org/@emnapi%2fcore 167ms (cache miss)
1730 http fetch GET 200 https://registry.npmjs.org/@tybys%2fwasm-util 685ms (cache miss)
1731 timing idealTree:node_modules/@unrs/resolver-binding-wasm32-wasi Completed in 706ms
1732 silly placeDep ROOT @emnapi/core@1.7.1 OK for: @napi-rs/wasm-runtime@0.2.12 want: ^1.4.3
1733 silly fetch manifest @emnapi/wasi-threads@1.1.0
1734 silly placeDep ROOT @tybys/wasm-util@0.10.1 OK for: @napi-rs/wasm-runtime@0.2.12 want: ^0.10.0
1735 http fetch GET 200 https://registry.npmjs.org/@emnapi%2fwasi-threads 706ms (cache miss)
1736 timing idealTree:node_modules/@napi-rs/wasm-runtime Completed in 741ms
1737 silly placeDep ROOT @emnapi/wasi-threads@1.1.0 OK for: @emnapi/core@1.7.1 want: 1.1.0
1738 timing idealTree:node_modules/@emnapi/core Completed in 7ms
1739 timing idealTree:node_modules/@emnapi/wasi-threads Completed in 0ms
1740 timing idealTree:node_modules/@tybys/wasm-util Completed in 0ms
1741 timing idealTree:node_modules/@unrs/resolver-binding-win32-arm64-msvc Completed in 0ms
1742 timing idealTree:node_modules/@unrs/resolver-binding-win32-ia32-msvc Completed in 0ms
1743 timing idealTree:node_modules/@unrs/resolver-binding-win32-x64-msvc Completed in 0ms
1744 timing idealTree:node_modules/napi-postinstall Completed in 0ms
1745 silly placeDep ROOT escalade@3.2.0 OK for: update-browserslist-db@1.2.2 want: ^3.2.0
1746 timing idealTree:node_modules/update-browserslist-db Completed in 5ms
1747 timing idealTree:node_modules/escalade Completed in 0ms
1748 silly placeDep ROOT punycode@2.3.1 OK for: uri-js@4.4.1 want: ^2.1.0
1749 timing idealTree:node_modules/uri-js Completed in 5ms
1750 timing idealTree:node_modules/punycode Completed in 0ms
1751 silly placeDep ROOT isexe@2.0.0 OK for: which@2.0.2 want: ^2.0.0
1752 timing idealTree:node_modules/which Completed in 4ms
1753 timing idealTree:node_modules/isexe Completed in 1ms
1754 silly placeDep ROOT is-bigint@1.1.0 OK for: which-boxed-primitive@1.1.1 want: ^1.1.0
1755 silly placeDep ROOT is-boolean-object@1.2.2 OK for: which-boxed-primitive@1.1.1 want: ^1.2.1
1756 silly placeDep ROOT is-number-object@1.1.1 OK for: which-boxed-primitive@1.1.1 want: ^1.1.1
1757 timing idealTree:node_modules/which-boxed-primitive Completed in 17ms
1758 timing idealTree:node_modules/is-bigint Completed in 0ms
1759 timing idealTree:node_modules/is-boolean-object Completed in 0ms
1760 timing idealTree:node_modules/is-number-object Completed in 0ms
1761 silly placeDep ROOT is-async-function@2.1.1 OK for: which-builtin-type@1.2.1 want: ^2.0.0
1762 silly fetch manifest async-function@^1.0.0
1763 silly placeDep ROOT is-finalizationregistry@1.1.1 OK for: which-builtin-type@1.2.1 want: ^1.1.0
1764 silly placeDep ROOT is-generator-function@1.1.2 OK for: which-builtin-type@1.2.1 want: ^1.0.10
1765 silly fetch manifest generator-function@^2.0.0
1766 silly placeDep ROOT which-collection@1.0.2 OK for: which-builtin-type@1.2.1 want: ^1.0.2
1767 silly fetch manifest is-map@^2.0.3
1768 silly fetch manifest is-weakmap@^2.0.2
1769 silly fetch manifest is-weakset@^2.0.3
1770 http fetch GET 200 https://registry.npmjs.org/generator-function 199ms (cache miss)
1771 http fetch GET 200 https://registry.npmjs.org/is-map 199ms (cache miss)
1772 http fetch GET 200 https://registry.npmjs.org/is-weakmap 239ms (cache miss)
1773 http fetch GET 200 https://registry.npmjs.org/is-weakset 246ms (cache miss)
1774 http fetch GET 200 https://registry.npmjs.org/async-function 313ms (cache miss)
1775 timing idealTree:node_modules/which-builtin-type Completed in 331ms
1776 silly placeDep ROOT async-function@1.0.0 OK for: is-async-function@2.1.1 want: ^1.0.0
1777 timing idealTree:node_modules/is-async-function Completed in 9ms
1778 timing idealTree:node_modules/async-function Completed in 0ms
1779 timing idealTree:node_modules/is-finalizationregistry Completed in 1ms
1780 silly placeDep ROOT generator-function@2.0.1 OK for: is-generator-function@1.1.2 want: ^2.0.0
1781 timing idealTree:node_modules/is-generator-function Completed in 5ms
1782 timing idealTree:node_modules/generator-function Completed in 0ms
1783 silly placeDep ROOT is-map@2.0.3 OK for: which-collection@1.0.2 want: ^2.0.3
1784 silly placeDep ROOT is-weakmap@2.0.2 OK for: which-collection@1.0.2 want: ^2.0.2
1785 silly placeDep ROOT is-weakset@2.0.4 OK for: which-collection@1.0.2 want: ^2.0.3
1786 timing idealTree:node_modules/which-collection Completed in 26ms
1787 timing idealTree:node_modules/is-map Completed in 0ms
1788 timing idealTree:node_modules/is-weakmap Completed in 0ms
1789 timing idealTree:node_modules/is-weakset Completed in 0ms
1790 timing idealTree:node_modules/which-typed-array Completed in 0ms
1791 timing idealTree:node_modules/word-wrap Completed in 0ms
1792 timing idealTree:node_modules/yallist Completed in 0ms
1793 timing idealTree:node_modules/yocto-queue Completed in 0ms
1794 timing idealTree:node_modules/zod Completed in 1ms
1795 timing idealTree:node_modules/zod-validation-error Completed in 0ms
1796 timing idealTree:node_modules/@eslint-community/eslint-utils/node_modules/eslint-visitor-keys Completed in 0ms
1797 timing idealTree:node_modules/@typescript-eslint/eslint-plugin/node_modules/ignore Completed in 0ms
1798 silly placeDep node_modules/@typescript-eslint/typescript-estree brace-expansion@2.0.2 OK for: minimatch@9.0.5 want: ^2.0.1
1799 timing idealTree:node_modules/@typescript-eslint/typescript-estree/node_modules/minimatch Completed in 8ms
1800 timing idealTree:node_modules/@typescript-eslint/typescript-estree/node_modules/brace-expansion Completed in 0ms
1801 timing idealTree:node_modules/@typescript-eslint/typescript-estree/node_modules/semver Completed in 0ms
1802 timing idealTree:node_modules/eslint-config-next/node_modules/globals Completed in 1ms
1803 timing idealTree:node_modules/eslint-import-resolver-node/node_modules/debug Completed in 0ms
1804 timing idealTree:node_modules/eslint-module-utils/node_modules/debug Completed in 0ms
1805 timing idealTree:node_modules/eslint-plugin-import/node_modules/debug Completed in 0ms
1806 timing idealTree:node_modules/eslint-plugin-react/node_modules/resolve Completed in 0ms
1807 timing idealTree:node_modules/fast-glob/node_modules/glob-parent Completed in 0ms
1808 timing idealTree:node_modules/is-bun-module/node_modules/semver Completed in 0ms
1809 timing idealTree:node_modules/next/node_modules/postcss Completed in 0ms
1810 timing idealTree:node_modules/sharp/node_modules/semver Completed in 0ms
1811 timing idealTree:node_modules/tinyglobby/node_modules/fdir Completed in 0ms
1812 timing idealTree:node_modules/tinyglobby/node_modules/picomatch Completed in 0ms
1813 timing idealTree:node_modules/tsconfig-paths/node_modules/json5 Completed in 0ms
1814 timing idealTree:buildDeps Completed in 66252ms
1815 timing idealTree:fixDepFlags Completed in 21ms
1816 timing idealTree Completed in 66520ms
1817 timing reify:loadTrees Completed in 66526ms
1818 timing reify:diffTrees Completed in 23ms
1819 silly reify moves {}
1820 timing reify:retireShallow Completed in 6ms
1821 timing reify:createSparse Completed in 463ms
1822 verbose reify failed optional dependency /home/chand/ON-CBT/frontend/node_modules/@tailwindcss/oxide-wasm32-wasi
1823 silly reify mark deleted [
1823 silly reify   '/home/chand/ON-CBT/frontend/node_modules/@tailwindcss/oxide-wasm32-wasi'
1823 silly reify ]
1824 timing reifyNode:node_modules/@tailwindcss/oxide-wasm32-wasi Completed in 24ms
1825 timing arborist:ctor Completed in 5ms
1826 timing reify:diffTrees Completed in 23ms
1827 timing reify:loadBundles Completed in 75ms
1828 silly audit bulk request {
1828 silly audit   '@tailwindcss/postcss': [ '4.1.17' ],
1828 silly audit   '@types/node': [ '20.19.25' ],
1828 silly audit   '@types/react': [ '19.2.7' ],
1828 silly audit   '@types/react-dom': [ '19.2.3' ],
1828 silly audit   eslint: [ '9.39.1' ],
1828 silly audit   'eslint-config-next': [ '16.0.7' ],
1828 silly audit   next: [ '16.0.7' ],
1828 silly audit   react: [ '19.2.0' ],
1828 silly audit   'react-dom': [ '19.2.0' ],
1828 silly audit   tailwindcss: [ '4.1.17' ],
1828 silly audit   typescript: [ '5.9.3' ],
1828 silly audit   '@alloc/quick-lru': [ '5.2.0' ],
1828 silly audit   '@tailwindcss/node': [ '4.1.17' ],
1828 silly audit   '@tailwindcss/oxide': [ '4.1.17' ],
1828 silly audit   postcss: [ '8.5.6', '8.4.31' ],
1828 silly audit   '@jridgewell/remapping': [ '2.3.5' ],
1828 silly audit   'enhanced-resolve': [ '5.18.3' ],
1828 silly audit   jiti: [ '2.6.1' ],
1828 silly audit   lightningcss: [ '1.30.2' ],
1828 silly audit   'magic-string': [ '0.30.21' ],
1828 silly audit   'source-map-js': [ '1.2.1' ],
1828 silly audit   '@jridgewell/gen-mapping': [ '0.3.13' ],
1828 silly audit   '@jridgewell/trace-mapping': [ '0.3.31' ],
1828 silly audit   '@jridgewell/sourcemap-codec': [ '1.5.5' ],
1828 silly audit   '@jridgewell/resolve-uri': [ '3.1.2' ],
1828 silly audit   '@tailwindcss/oxide-android-arm64': [ '4.1.17' ],
1828 silly audit   '@tailwindcss/oxide-darwin-arm64': [ '4.1.17' ],
1828 silly audit   '@tailwindcss/oxide-darwin-x64': [ '4.1.17' ],
1828 silly audit   '@tailwindcss/oxide-freebsd-x64': [ '4.1.17' ],
1828 silly audit   '@tailwindcss/oxide-linux-arm-gnueabihf': [ '4.1.17' ],
1828 silly audit   '@tailwindcss/oxide-linux-arm64-gnu': [ '4.1.17' ],
1828 silly audit   '@tailwindcss/oxide-linux-arm64-musl': [ '4.1.17' ],
1828 silly audit   '@tailwindcss/oxide-linux-x64-gnu': [ '4.1.17' ],
1828 silly audit   '@tailwindcss/oxide-linux-x64-musl': [ '4.1.17' ],
1828 silly audit   '@tailwindcss/oxide-win32-arm64-msvc': [ '4.1.17' ],
1828 silly audit   '@tailwindcss/oxide-win32-x64-msvc': [ '4.1.17' ],
1828 silly audit   'undici-types': [ '6.21.0' ],
1828 silly audit   csstype: [ '3.2.3' ],
1828 silly audit   'graceful-fs': [ '4.2.11' ],
1828 silly audit   tapable: [ '2.3.0' ],
1828 silly audit   '@eslint-community/eslint-utils': [ '4.9.0' ],
1828 silly audit   '@eslint-community/regexpp': [ '4.12.2' ],
1828 silly audit   '@eslint/config-array': [ '0.21.1' ],
1828 silly audit   '@eslint/config-helpers': [ '0.4.2' ],
1828 silly audit   '@eslint/core': [ '0.17.0' ],
1828 silly audit   '@eslint/eslintrc': [ '3.3.3' ],
1828 silly audit   '@eslint/js': [ '9.39.1' ],
1828 silly audit   '@eslint/plugin-kit': [ '0.4.1' ],
1828 silly audit   '@humanfs/node': [ '0.16.7' ],
1828 silly audit   '@humanwhocodes/module-importer': [ '1.0.1' ],
1828 silly audit   '@humanwhocodes/retry': [ '0.4.3' ],
1828 silly audit   '@types/estree': [ '1.0.8' ],
1828 silly audit   ajv: [ '6.12.6' ],
1828 silly audit   chalk: [ '4.1.2' ],
1828 silly audit   'cross-spawn': [ '7.0.6' ],
1828 silly audit   debug: [ '4.4.3', '3.2.7' ],
1828 silly audit   'escape-string-regexp': [ '4.0.0' ],
1828 silly audit   'eslint-scope': [ '8.4.0' ],
1828 silly audit   'eslint-visitor-keys': [ '4.2.1', '3.4.3' ],
1828 silly audit   espree: [ '10.4.0' ],
1828 silly audit   esquery: [ '1.6.0' ],
1828 silly audit   esutils: [ '2.0.3' ],
1828 silly audit   'fast-deep-equal': [ '3.1.3' ],
1828 silly audit   'file-entry-cache': [ '8.0.0' ],
1828 silly audit   'find-up': [ '5.0.0' ],
1828 silly audit   'glob-parent': [ '6.0.2', '5.1.2' ],
1828 silly audit   ignore: [ '5.3.2', '7.0.5' ],
1828 silly audit   imurmurhash: [ '0.1.4' ],
1828 silly audit   'is-glob': [ '4.0.3' ],
1828 silly audit   'json-stable-stringify-without-jsonify': [ '1.0.1' ],
1828 silly audit   'lodash.merge': [ '4.6.2' ],
1828 silly audit   minimatch: [ '3.1.2', '9.0.5' ],
1828 silly audit   'natural-compare': [ '1.4.0' ],
1828 silly audit   optionator: [ '0.9.4' ],
1828 silly audit   '@eslint/object-schema': [ '2.1.7' ],
1828 silly audit   '@types/json-schema': [ '7.0.15' ],
1828 silly audit   globals: [ '14.0.0', '16.4.0' ],
1828 silly audit   'import-fresh': [ '3.3.1' ],
1828 silly audit   'js-yaml': [ '4.1.1' ],
1828 silly audit   'strip-json-comments': [ '3.1.1' ],
1828 silly audit   levn: [ '0.4.1' ],
1828 silly audit   '@humanfs/core': [ '0.19.1' ],
1828 silly audit   'fast-json-stable-stringify': [ '2.1.0' ],
1828 silly audit   'json-schema-traverse': [ '0.4.1' ],
1828 silly audit   'uri-js': [ '4.4.1' ],
1828 silly audit   'ansi-styles': [ '4.3.0' ],
1828 silly audit   'supports-color': [ '7.2.0' ],
1828 silly audit   'color-convert': [ '2.0.1' ],
1828 silly audit   'color-name': [ '1.1.4' ],
1828 silly audit   'path-key': [ '3.1.1' ],
1828 silly audit   'shebang-command': [ '2.0.0' ],
1828 silly audit   which: [ '2.0.2' ],
1828 silly audit   ms: [ '2.1.3' ],
1828 silly audit   '@next/eslint-plugin-next': [ '16.0.7' ],
1828 silly audit   'eslint-import-resolver-node': [ '0.3.9' ],
1828 silly audit   'eslint-import-resolver-typescript': [ '3.10.1' ],
1828 silly audit   'eslint-plugin-import': [ '2.32.0' ],
1828 silly audit   'eslint-plugin-jsx-a11y': [ '6.10.2' ],
1828 silly audit   'eslint-plugin-react': [ '7.37.5' ],
1828 silly audit   'eslint-plugin-react-hooks': [ '7.0.1' ],
1828 silly audit   'typescript-eslint': [ '8.48.1' ],
1828 silly audit   'fast-glob': [ '3.3.1' ],
1828 silly audit   'is-core-module': [ '2.16.1' ],
1828 silly audit   resolve: [ '1.22.11', '2.0.0-next.5' ],
1828 silly audit   '@nolyfill/is-core-module': [ '1.0.39' ],
1828 silly audit   'get-tsconfig': [ '4.13.0' ],
1828 silly audit   'is-bun-module': [ '2.0.0' ],
1828 silly audit   'stable-hash': [ '0.0.5' ],
1828 silly audit   tinyglobby: [ '0.2.15' ],
1828 silly audit   'unrs-resolver': [ '1.11.1' ],
1828 silly audit   '@rtsao/scc': [ '1.1.0' ],
1828 silly audit   'array-includes': [ '3.1.9' ],
1828 silly audit   'array.prototype.findlastindex': [ '1.2.6' ],
1828 silly audit   'array.prototype.flat': [ '1.3.3' ],
1828 silly audit   'array.prototype.flatmap': [ '1.3.3' ],
1828 silly audit   doctrine: [ '2.1.0' ],
1828 silly audit   'eslint-module-utils': [ '2.12.1' ],
1828 silly audit   hasown: [ '2.0.2' ],
1828 silly audit   'object.fromentries': [ '2.0.8' ],
1828 silly audit   'object.groupby': [ '1.0.3' ],
1828 silly audit   'object.values': [ '1.2.1' ],
1828 silly audit   semver: [ '6.3.1', '7.7.3' ],
1828 silly audit   'string.prototype.trimend': [ '1.0.9' ],
1828 silly audit   'tsconfig-paths': [ '3.15.0' ],
1828 silly audit   'call-bind': [ '1.0.8' ],
1828 silly audit   'call-bound': [ '1.0.4' ],
1828 silly audit   'define-properties': [ '1.2.1' ],
1828 silly audit   'es-abstract': [ '1.24.0' ],
1828 silly audit   'es-object-atoms': [ '1.1.1' ],
1828 silly audit   'get-intrinsic': [ '1.3.0' ],
1828 silly audit   'is-string': [ '1.1.1' ],
1828 silly audit   'math-intrinsics': [ '1.1.0' ],
1828 silly audit   'es-errors': [ '1.3.0' ],
1828 silly audit   'es-shim-unscopables': [ '1.1.0' ],
1828 silly audit   'call-bind-apply-helpers': [ '1.0.2' ],
1828 silly audit   'es-define-property': [ '1.0.1' ],
1828 silly audit   'set-function-length': [ '1.2.2' ],
1828 silly audit   'function-bind': [ '1.1.2' ],
1828 silly audit   'define-data-property': [ '1.1.4' ],
1828 silly audit   'has-property-descriptors': [ '1.0.2' ],
1828 silly audit   'object-keys': [ '1.1.1' ],
1828 silly audit   gopd: [ '1.2.0' ],
1828 silly audit   'array-buffer-byte-length': [ '1.0.2' ],
1828 silly audit   'arraybuffer.prototype.slice': [ '1.0.4' ],
1828 silly audit   'available-typed-arrays': [ '1.0.7' ],
1828 silly audit   'data-view-buffer': [ '1.0.2' ],
1828 silly audit   'data-view-byte-length': [ '1.0.2' ],
1828 silly audit   'data-view-byte-offset': [ '1.0.1' ],
1828 silly audit   'es-set-tostringtag': [ '2.1.0' ],
1828 silly audit   'es-to-primitive': [ '1.3.0' ],
1828 silly audit   'function.prototype.name': [ '1.1.8' ],
1828 silly audit   'get-proto': [ '1.0.1' ],
1828 silly audit   'get-symbol-description': [ '1.1.0' ],
1828 silly audit   globalthis: [ '1.0.4' ],
1828 silly audit   'has-proto': [ '1.2.0' ],
1828 silly audit   'has-symbols': [ '1.1.0' ],
1828 silly audit   'internal-slot': [ '1.1.0' ],
1828 silly audit   'is-array-buffer': [ '3.0.5' ],
1828 silly audit   'is-callable': [ '1.2.7' ],
1828 silly audit   'is-data-view': [ '1.0.2' ],
1828 silly audit   'is-negative-zero': [ '2.0.3' ],
1828 silly audit   'is-regex': [ '1.2.1' ],
1828 silly audit   'is-set': [ '2.0.3' ],
1828 silly audit   'is-shared-array-buffer': [ '1.0.4' ],
1828 silly audit   'is-typed-array': [ '1.1.15' ],
1828 silly audit   'is-weakref': [ '1.1.1' ],
1828 silly audit   'object-inspect': [ '1.13.4' ],
1828 silly audit   'object.assign': [ '4.1.7' ],
1828 silly audit   'own-keys': [ '1.0.1' ],
1828 silly audit   'regexp.prototype.flags': [ '1.5.4' ],
1828 silly audit   'safe-array-concat': [ '1.1.3' ],
1828 silly audit   'safe-push-apply': [ '1.0.0' ],
1828 silly audit   'safe-regex-test': [ '1.1.0' ],
1828 silly audit   'set-proto': [ '1.0.0' ],
1828 silly audit   'stop-iteration-iterator': [ '1.1.0' ],
1828 silly audit   'string.prototype.trim': [ '1.2.10' ],
1828 silly audit   'string.prototype.trimstart': [ '1.0.8' ],
1828 silly audit   'typed-array-buffer': [ '1.0.3' ],
1828 silly audit   'typed-array-byte-length': [ '1.0.3' ],
1828 silly audit   'typed-array-byte-offset': [ '1.0.4' ],
1828 silly audit   'typed-array-length': [ '1.0.7' ],
1828 silly audit   'unbox-primitive': [ '1.1.0' ],
1828 silly audit   'which-typed-array': [ '1.1.19' ],
1828 silly audit   'possible-typed-array-names': [ '1.1.0' ],
1828 silly audit   'has-tostringtag': [ '1.0.2' ],
1828 silly audit   'is-date-object': [ '1.1.0' ],
1828 silly audit   'is-symbol': [ '1.1.1' ],
1828 silly audit   'aria-query': [ '5.3.2' ],
1828 silly audit   'ast-types-flow': [ '0.0.8' ],
1828 silly audit   'axe-core': [ '4.11.0' ],
1828 silly audit   'axobject-query': [ '4.1.0' ],
1828 silly audit   'damerau-levenshtein': [ '1.0.8' ],
1828 silly audit   'emoji-regex': [ '9.2.2' ],
1828 silly audit   'jsx-ast-utils': [ '3.3.5' ],
1828 silly audit   'language-tags': [ '1.0.9' ],
1828 silly audit   'string.prototype.includes': [ '2.0.1' ],
1828 silly audit   'array.prototype.findlast': [ '1.2.5' ],
1828 silly audit   'array.prototype.tosorted': [ '1.1.4' ],
1828 silly audit   'es-iterator-helpers': [ '1.2.1' ],
1828 silly audit   estraverse: [ '5.3.0' ],
1828 silly audit   'object.entries': [ '1.1.9' ],
1828 silly audit   'prop-types': [ '15.8.1' ],
1828 silly audit   'string.prototype.matchall': [ '4.0.12' ],
1828 silly audit   'string.prototype.repeat': [ '1.0.0' ],
1828 silly audit   'iterator.prototype': [ '1.1.5' ],
1828 silly audit   '@babel/core': [ '7.28.5' ],
1828 silly audit   '@babel/parser': [ '7.28.5' ],
1828 silly audit   'hermes-parser': [ '0.25.1' ],
1828 silly audit   zod: [ '4.1.13' ],
1828 silly audit   'zod-validation-error': [ '4.0.2' ],
1828 silly audit   '@babel/code-frame': [ '7.27.1' ],
1828 silly audit   '@babel/generator': [ '7.28.5' ],
1828 silly audit   '@babel/helper-compilation-targets': [ '7.27.2' ],
1828 silly audit   '@babel/helper-module-transforms': [ '7.28.3' ],
1828 silly audit   '@babel/helpers': [ '7.28.4' ],
1828 silly audit   '@babel/template': [ '7.27.2' ],
1828 silly audit   '@babel/traverse': [ '7.28.5' ],
1828 silly audit   '@babel/types': [ '7.28.5' ],
1828 silly audit   'convert-source-map': [ '2.0.0' ],
1828 silly audit   gensync: [ '1.0.0-beta.2' ],
1828 silly audit   json5: [ '2.2.3', '1.0.2' ],
1828 silly audit   '@babel/helper-validator-identifier': [ '7.28.5' ],
1828 silly audit   'js-tokens': [ '4.0.0' ],
1828 silly audit   picocolors: [ '1.1.1' ],
1828 silly audit   jsesc: [ '3.1.0' ],
1828 silly audit   '@babel/compat-data': [ '7.28.5' ],
1828 silly audit   '@babel/helper-validator-option': [ '7.27.1' ],
1828 silly audit   browserslist: [ '4.28.1' ],
1828 silly audit   'lru-cache': [ '5.1.1' ],
1828 silly audit   '@babel/helper-module-imports': [ '7.27.1' ],
1828 silly audit   '@babel/helper-globals': [ '7.28.0' ],
1828 silly audit   '@babel/helper-string-parser': [ '7.27.1' ],
1828 silly audit   'baseline-browser-mapping': [ '2.9.3' ],
1828 silly audit   'caniuse-lite': [ '1.0.30001759' ],
1828 silly audit   'electron-to-chromium': [ '1.5.266' ],
1828 silly audit   'node-releases': [ '2.0.27' ],
1828 silly audit   'update-browserslist-db': [ '1.2.2' ],
1828 silly audit   esrecurse: [ '4.3.0' ],
1828 silly audit   acorn: [ '8.15.0' ],
1828 silly audit   'acorn-jsx': [ '5.3.2' ],
1828 silly audit   '@nodelib/fs.stat': [ '2.0.5' ],
1828 silly audit   '@nodelib/fs.walk': [ '1.2.8' ],
1828 silly audit   merge2: [ '1.4.1' ],
1828 silly audit   micromatch: [ '4.0.8' ],
1828 silly audit   '@nodelib/fs.scandir': [ '2.1.5' ],
1828 silly audit   fastq: [ '1.19.1' ],
1828 silly audit   'run-parallel': [ '1.2.0' ],
1828 silly audit   reusify: [ '1.1.0' ],
1828 silly audit   'flat-cache': [ '4.0.1' ],
1828 silly audit   'locate-path': [ '6.0.0' ],
1828 silly audit   'path-exists': [ '4.0.0' ],
1828 silly audit   flatted: [ '3.3.3' ],
1828 silly audit   keyv: [ '4.5.4' ],
1828 silly audit   'functions-have-names': [ '1.2.3' ],
1828 silly audit   'dunder-proto': [ '1.0.1' ],
1828 silly audit   'resolve-pkg-maps': [ '1.0.0' ],
1828 silly audit   'hermes-estree': [ '0.25.1' ],
1828 silly audit   'parent-module': [ '1.0.1' ],
1828 silly audit   'resolve-from': [ '4.0.0' ],
1828 silly audit   'side-channel': [ '1.1.0' ],
1828 silly audit   'is-extglob': [ '2.1.1' ],
1828 silly audit   'set-function-name': [ '2.0.2' ],
1828 silly audit   argparse: [ '2.0.1' ],
1828 silly audit   'json-buffer': [ '3.0.1' ],
1828 silly audit   'language-subtag-registry': [ '0.3.23' ],
1828 silly audit   'prelude-ls': [ '1.2.1' ],
1828 silly audit   'type-check': [ '0.4.0' ],
1828 silly audit   'detect-libc': [ '2.1.2' ],
1828 silly audit   'lightningcss-android-arm64': [ '1.30.2' ],
1828 silly audit   'lightningcss-darwin-arm64': [ '1.30.2' ],
1828 silly audit   'lightningcss-darwin-x64': [ '1.30.2' ],
1828 silly audit   'lightningcss-freebsd-x64': [ '1.30.2' ],
1828 silly audit   'lightningcss-linux-arm-gnueabihf': [ '1.30.2' ],
1828 silly audit   'lightningcss-linux-arm64-gnu': [ '1.30.2' ],
1828 silly audit   'lightningcss-linux-arm64-musl': [ '1.30.2' ],
1828 silly audit   'lightningcss-linux-x64-gnu': [ '1.30.2' ],
1828 silly audit   'lightningcss-linux-x64-musl': [ '1.30.2' ],
1828 silly audit   'lightningcss-win32-arm64-msvc': [ '1.30.2' ],
1828 silly audit   'lightningcss-win32-x64-msvc': [ '1.30.2' ],
1828 silly audit   'p-locate': [ '5.0.0' ],
1828 silly audit   yallist: [ '3.1.1' ],
1828 silly audit   braces: [ '3.0.3' ],
1828 silly audit   picomatch: [ '2.3.1', '4.0.3' ],
1828 silly audit   'fill-range': [ '7.1.1' ],
1828 silly audit   'to-regex-range': [ '5.0.1' ],
1828 silly audit   'brace-expansion': [ '1.1.12', '2.0.2' ],
1828 silly audit   'balanced-match': [ '1.0.2' ],
1828 silly audit   'concat-map': [ '0.0.1' ],
1828 silly audit   '@next/env': [ '16.0.7' ],
1828 silly audit   '@next/swc-darwin-arm64': [ '16.0.7' ],
1828 silly audit   '@next/swc-darwin-x64': [ '16.0.7' ],
1828 silly audit   '@next/swc-linux-arm64-gnu': [ '16.0.7' ],
1828 silly audit   '@next/swc-linux-arm64-musl': [ '16.0.7' ],
1828 silly audit   '@next/swc-linux-x64-gnu': [ '16.0.7' ],
1828 silly audit   '@next/swc-linux-x64-musl': [ '16.0.7' ],
1828 silly audit   '@next/swc-win32-arm64-msvc': [ '16.0.7' ],
1828 silly audit   '@next/swc-win32-x64-msvc': [ '16.0.7' ],
1828 silly audit   '@swc/helpers': [ '0.5.15' ],
1828 silly audit   sharp: [ '0.34.5' ],
1828 silly audit   'styled-jsx': [ '5.1.6' ],
1828 silly audit   tslib: [ '2.8.1' ],
1828 silly audit   'deep-is': [ '0.1.4' ],
1828 silly audit   'fast-levenshtein': [ '2.0.6' ],
1828 silly audit   'word-wrap': [ '1.2.5' ],
1828 silly audit   'p-limit': [ '3.1.0' ],
1828 silly audit   'yocto-queue': [ '0.1.0' ],
1828 silly audit   callsites: [ '3.1.0' ],
1828 silly audit   nanoid: [ '3.3.11' ],
1828 silly audit   'loose-envify': [ '1.4.0' ],
1828 silly audit   'object-assign': [ '4.1.1' ],
1828 silly audit   'react-is': [ '16.13.1' ],
1828 silly audit   scheduler: [ '0.27.0' ],
1828 silly audit   'path-parse': [ '1.0.7' ],
1828 silly audit   'supports-preserve-symlinks-flag': [ '1.0.0' ],
1828 silly audit   'queue-microtask': [ '1.2.3' ],
1828 silly audit   isarray: [ '2.0.5' ],
1828 silly audit   '@img/colour': [ '1.0.0' ],
1828 silly audit   '@img/sharp-darwin-arm64': [ '0.34.5' ],
1828 silly audit   '@img/sharp-darwin-x64': [ '0.34.5' ],
1828 silly audit   '@img/sharp-libvips-darwin-arm64': [ '1.2.4' ],
1828 silly audit   '@img/sharp-libvips-darwin-x64': [ '1.2.4' ],
1828 silly audit   '@img/sharp-libvips-linux-arm': [ '1.2.4' ],
1828 silly audit   '@img/sharp-libvips-linux-arm64': [ '1.2.4' ],
1828 silly audit   '@img/sharp-libvips-linux-ppc64': [ '1.2.4' ],
1828 silly audit   '@img/sharp-libvips-linux-riscv64': [ '1.2.4' ],
1828 silly audit   '@img/sharp-libvips-linux-s390x': [ '1.2.4' ],
1828 silly audit   '@img/sharp-libvips-linux-x64': [ '1.2.4' ],
1828 silly audit   '@img/sharp-libvips-linuxmusl-arm64': [ '1.2.4' ],
1828 silly audit   '@img/sharp-libvips-linuxmusl-x64': [ '1.2.4' ],
1828 silly audit   '@img/sharp-linux-arm': [ '0.34.5' ],
1828 silly audit   '@img/sharp-linux-arm64': [ '0.34.5' ],
1828 silly audit   '@img/sharp-linux-ppc64': [ '0.34.5' ],
1828 silly audit   '@img/sharp-linux-riscv64': [ '0.34.5' ],
1828 silly audit   '@img/sharp-linux-s390x': [ '0.34.5' ],
1828 silly audit   '@img/sharp-linux-x64': [ '0.34.5' ],
1828 silly audit   '@img/sharp-linuxmusl-arm64': [ '0.34.5' ],
1828 silly audit   '@img/sharp-linuxmusl-x64': [ '0.34.5' ],
1828 silly audit   '@img/sharp-wasm32': [ '0.34.5' ],
1828 silly audit   '@img/sharp-win32-arm64': [ '0.34.5' ],
1828 silly audit   '@img/sharp-win32-ia32': [ '0.34.5' ],
1828 silly audit   '@img/sharp-win32-x64': [ '0.34.5' ],
1828 silly audit   '@emnapi/runtime': [ '1.7.1' ],
1828 silly audit   'shebang-regex': [ '3.0.0' ],
1828 silly audit   'side-channel-list': [ '1.0.0' ],
1828 silly audit   'side-channel-map': [ '1.0.1' ],
1828 silly audit   'side-channel-weakmap': [ '1.0.2' ],
1828 silly audit   'client-only': [ '0.0.1' ],
1828 silly audit   'has-flag': [ '4.0.0' ],
1828 silly audit   fdir: [ '6.5.0' ],
1828 silly audit   'is-number': [ '7.0.0' ],
1828 silly audit   '@types/json5': [ '0.0.29' ],
1828 silly audit   minimist: [ '1.2.8' ],
1828 silly audit   'strip-bom': [ '3.0.0' ],
1828 silly audit   'for-each': [ '0.3.5' ],
1828 silly audit   'reflect.getprototypeof': [ '1.0.10' ],
1828 silly audit   'which-builtin-type': [ '1.2.1' ],
1828 silly audit   '@typescript-eslint/eslint-plugin': [ '8.48.1' ],
1828 silly audit   '@typescript-eslint/parser': [ '8.48.1' ],
1828 silly audit   '@typescript-eslint/typescript-estree': [ '8.48.1' ],
1828 silly audit   '@typescript-eslint/utils': [ '8.48.1' ],
1828 silly audit   '@typescript-eslint/scope-manager': [ '8.48.1' ],
1828 silly audit   '@typescript-eslint/type-utils': [ '8.48.1' ],
1828 silly audit   '@typescript-eslint/visitor-keys': [ '8.48.1' ],
1828 silly audit   graphemer: [ '1.4.0' ],
1828 silly audit   'ts-api-utils': [ '2.1.0' ],
1828 silly audit   '@typescript-eslint/types': [ '8.48.1' ],
1828 silly audit   '@typescript-eslint/project-service': [ '8.48.1' ],
1828 silly audit   '@typescript-eslint/tsconfig-utils': [ '8.48.1' ],
1828 silly audit   'has-bigints': [ '1.1.0' ],
1828 silly audit   'which-boxed-primitive': [ '1.1.1' ],
1828 silly audit   '@unrs/resolver-binding-android-arm-eabi': [ '1.11.1' ],
1828 silly audit   '@unrs/resolver-binding-android-arm64': [ '1.11.1' ],
1828 silly audit   '@unrs/resolver-binding-darwin-arm64': [ '1.11.1' ],
1828 silly audit   '@unrs/resolver-binding-darwin-x64': [ '1.11.1' ],
1828 silly audit   '@unrs/resolver-binding-freebsd-x64': [ '1.11.1' ],
1828 silly audit   '@unrs/resolver-binding-linux-arm-gnueabihf': [ '1.11.1' ],
1828 silly audit   '@unrs/resolver-binding-linux-arm-musleabihf': [ '1.11.1' ],
1828 silly audit   '@unrs/resolver-binding-linux-arm64-gnu': [ '1.11.1' ],
1828 silly audit   '@unrs/resolver-binding-linux-arm64-musl': [ '1.11.1' ],
1828 silly audit   '@unrs/resolver-binding-linux-ppc64-gnu': [ '1.11.1' ],
1828 silly audit   '@unrs/resolver-binding-linux-riscv64-gnu': [ '1.11.1' ],
1828 silly audit   '@unrs/resolver-binding-linux-riscv64-musl': [ '1.11.1' ],
1828 silly audit   '@unrs/resolver-binding-linux-s390x-gnu': [ '1.11.1' ],
1828 silly audit   '@unrs/resolver-binding-linux-x64-gnu': [ '1.11.1' ],
1828 silly audit   '@unrs/resolver-binding-linux-x64-musl': [ '1.11.1' ],
1828 silly audit   '@unrs/resolver-binding-wasm32-wasi': [ '1.11.1' ],
1828 silly audit   '@unrs/resolver-binding-win32-arm64-msvc': [ '1.11.1' ],
1828 silly audit   '@unrs/resolver-binding-win32-ia32-msvc': [ '1.11.1' ],
1828 silly audit   '@unrs/resolver-binding-win32-x64-msvc': [ '1.11.1' ],
1828 silly audit   'napi-postinstall': [ '0.3.4' ],
1828 silly audit   '@napi-rs/wasm-runtime': [ '0.2.12' ],
1828 silly audit   '@emnapi/core': [ '1.7.1' ],
1828 silly audit   '@tybys/wasm-util': [ '0.10.1' ],
1828 silly audit   '@emnapi/wasi-threads': [ '1.1.0' ],
1828 silly audit   escalade: [ '3.2.0' ],
1828 silly audit   punycode: [ '2.3.1' ],
1828 silly audit   isexe: [ '2.0.0' ],
1828 silly audit   'is-bigint': [ '1.1.0' ],
1828 silly audit   'is-boolean-object': [ '1.2.2' ],
1828 silly audit   'is-number-object': [ '1.1.1' ],
1828 silly audit   'is-async-function': [ '2.1.1' ],
1828 silly audit   'is-finalizationregistry': [ '1.1.1' ],
1828 silly audit   'is-generator-function': [ '1.1.2' ],
1828 silly audit   'which-collection': [ '1.0.2' ],
1828 silly audit   'async-function': [ '1.0.0' ],
1828 silly audit   'generator-function': [ '2.0.1' ],
1828 silly audit   'is-map': [ '2.0.3' ],
1828 silly audit   'is-weakmap': [ '2.0.2' ],
1828 silly audit   'is-weakset': [ '2.0.4' ],
1828 silly audit   '@tailwindcss/oxide-wasm32-wasi': [ '4.1.17' ]
1828 silly audit }
1829 verbose reify failed optional dependency /home/chand/ON-CBT/frontend/node_modules/@unrs/resolver-binding-win32-x64-msvc
1830 silly reify mark deleted [
1830 silly reify   '/home/chand/ON-CBT/frontend/node_modules/@unrs/resolver-binding-win32-x64-msvc'
1830 silly reify ]
1831 verbose reify failed optional dependency /home/chand/ON-CBT/frontend/node_modules/@unrs/resolver-binding-win32-ia32-msvc
1832 silly reify mark deleted [
1832 silly reify   '/home/chand/ON-CBT/frontend/node_modules/@unrs/resolver-binding-win32-ia32-msvc'
1832 silly reify ]
1833 verbose reify failed optional dependency /home/chand/ON-CBT/frontend/node_modules/@unrs/resolver-binding-win32-arm64-msvc
1834 silly reify mark deleted [
1834 silly reify   '/home/chand/ON-CBT/frontend/node_modules/@unrs/resolver-binding-win32-arm64-msvc'
1834 silly reify ]
1835 verbose reify failed optional dependency /home/chand/ON-CBT/frontend/node_modules/@unrs/resolver-binding-wasm32-wasi
1836 silly reify mark deleted [
1836 silly reify   '/home/chand/ON-CBT/frontend/node_modules/@unrs/resolver-binding-wasm32-wasi'
1836 silly reify ]
1837 verbose reify failed optional dependency /home/chand/ON-CBT/frontend/node_modules/@unrs/resolver-binding-linux-s390x-gnu
1838 silly reify mark deleted [
1838 silly reify   '/home/chand/ON-CBT/frontend/node_modules/@unrs/resolver-binding-linux-s390x-gnu'
1838 silly reify ]
1839 verbose reify failed optional dependency /home/chand/ON-CBT/frontend/node_modules/@unrs/resolver-binding-linux-riscv64-musl
1840 silly reify mark deleted [
1840 silly reify   '/home/chand/ON-CBT/frontend/node_modules/@unrs/resolver-binding-linux-riscv64-musl'
1840 silly reify ]
1841 verbose reify failed optional dependency /home/chand/ON-CBT/frontend/node_modules/@unrs/resolver-binding-linux-riscv64-gnu
1842 silly reify mark deleted [
1842 silly reify   '/home/chand/ON-CBT/frontend/node_modules/@unrs/resolver-binding-linux-riscv64-gnu'
1842 silly reify ]
1843 verbose reify failed optional dependency /home/chand/ON-CBT/frontend/node_modules/@unrs/resolver-binding-linux-ppc64-gnu
1844 silly reify mark deleted [
1844 silly reify   '/home/chand/ON-CBT/frontend/node_modules/@unrs/resolver-binding-linux-ppc64-gnu'
1844 silly reify ]
1845 verbose reify failed optional dependency /home/chand/ON-CBT/frontend/node_modules/@unrs/resolver-binding-linux-arm64-musl
1846 silly reify mark deleted [
1846 silly reify   '/home/chand/ON-CBT/frontend/node_modules/@unrs/resolver-binding-linux-arm64-musl'
1846 silly reify ]
1847 verbose reify failed optional dependency /home/chand/ON-CBT/frontend/node_modules/@unrs/resolver-binding-linux-arm64-gnu
1848 silly reify mark deleted [
1848 silly reify   '/home/chand/ON-CBT/frontend/node_modules/@unrs/resolver-binding-linux-arm64-gnu'
1848 silly reify ]
1849 verbose reify failed optional dependency /home/chand/ON-CBT/frontend/node_modules/@unrs/resolver-binding-linux-arm-musleabihf
1850 silly reify mark deleted [
1850 silly reify   '/home/chand/ON-CBT/frontend/node_modules/@unrs/resolver-binding-linux-arm-musleabihf'
1850 silly reify ]
1851 verbose reify failed optional dependency /home/chand/ON-CBT/frontend/node_modules/@unrs/resolver-binding-linux-arm-gnueabihf
1852 silly reify mark deleted [
1852 silly reify   '/home/chand/ON-CBT/frontend/node_modules/@unrs/resolver-binding-linux-arm-gnueabihf'
1852 silly reify ]
1853 verbose reify failed optional dependency /home/chand/ON-CBT/frontend/node_modules/@unrs/resolver-binding-freebsd-x64
1854 silly reify mark deleted [
1854 silly reify   '/home/chand/ON-CBT/frontend/node_modules/@unrs/resolver-binding-freebsd-x64'
1854 silly reify ]
1855 verbose reify failed optional dependency /home/chand/ON-CBT/frontend/node_modules/@unrs/resolver-binding-darwin-x64
1856 silly reify mark deleted [
1856 silly reify   '/home/chand/ON-CBT/frontend/node_modules/@unrs/resolver-binding-darwin-x64'
1856 silly reify ]
1857 verbose reify failed optional dependency /home/chand/ON-CBT/frontend/node_modules/@unrs/resolver-binding-darwin-arm64
1858 silly reify mark deleted [
1858 silly reify   '/home/chand/ON-CBT/frontend/node_modules/@unrs/resolver-binding-darwin-arm64'
1858 silly reify ]
1859 verbose reify failed optional dependency /home/chand/ON-CBT/frontend/node_modules/@unrs/resolver-binding-android-arm64
1860 silly reify mark deleted [
1860 silly reify   '/home/chand/ON-CBT/frontend/node_modules/@unrs/resolver-binding-android-arm64'
1860 silly reify ]
1861 verbose reify failed optional dependency /home/chand/ON-CBT/frontend/node_modules/@unrs/resolver-binding-android-arm-eabi
1862 silly reify mark deleted [
1862 silly reify   '/home/chand/ON-CBT/frontend/node_modules/@unrs/resolver-binding-android-arm-eabi'
1862 silly reify ]
1863 verbose reify failed optional dependency /home/chand/ON-CBT/frontend/node_modules/@img/sharp-win32-x64
1864 silly reify mark deleted [ '/home/chand/ON-CBT/frontend/node_modules/@img/sharp-win32-x64' ]
1865 verbose reify failed optional dependency /home/chand/ON-CBT/frontend/node_modules/@img/sharp-win32-ia32
1866 silly reify mark deleted [ '/home/chand/ON-CBT/frontend/node_modules/@img/sharp-win32-ia32' ]
1867 verbose reify failed optional dependency /home/chand/ON-CBT/frontend/node_modules/@img/sharp-win32-arm64
1868 silly reify mark deleted [ '/home/chand/ON-CBT/frontend/node_modules/@img/sharp-win32-arm64' ]
1869 verbose reify failed optional dependency /home/chand/ON-CBT/frontend/node_modules/@img/sharp-wasm32
1870 silly reify mark deleted [ '/home/chand/ON-CBT/frontend/node_modules/@img/sharp-wasm32' ]
1871 verbose reify failed optional dependency /home/chand/ON-CBT/frontend/node_modules/@img/sharp-linuxmusl-arm64
1872 silly reify mark deleted [
1872 silly reify   '/home/chand/ON-CBT/frontend/node_modules/@img/sharp-linuxmusl-arm64'
1872 silly reify ]
1873 verbose reify failed optional dependency /home/chand/ON-CBT/frontend/node_modules/@img/sharp-linux-s390x
1874 silly reify mark deleted [ '/home/chand/ON-CBT/frontend/node_modules/@img/sharp-linux-s390x' ]
1875 verbose reify failed optional dependency /home/chand/ON-CBT/frontend/node_modules/@img/sharp-linux-riscv64
1876 silly reify mark deleted [ '/home/chand/ON-CBT/frontend/node_modules/@img/sharp-linux-riscv64' ]
1877 verbose reify failed optional dependency /home/chand/ON-CBT/frontend/node_modules/@img/sharp-linux-ppc64
1878 silly reify mark deleted [ '/home/chand/ON-CBT/frontend/node_modules/@img/sharp-linux-ppc64' ]
1879 verbose reify failed optional dependency /home/chand/ON-CBT/frontend/node_modules/@img/sharp-linux-arm64
1880 silly reify mark deleted [ '/home/chand/ON-CBT/frontend/node_modules/@img/sharp-linux-arm64' ]
1881 verbose reify failed optional dependency /home/chand/ON-CBT/frontend/node_modules/@img/sharp-linux-arm
1882 silly reify mark deleted [ '/home/chand/ON-CBT/frontend/node_modules/@img/sharp-linux-arm' ]
1883 verbose reify failed optional dependency /home/chand/ON-CBT/frontend/node_modules/@img/sharp-libvips-linuxmusl-arm64
1884 silly reify mark deleted [
1884 silly reify   '/home/chand/ON-CBT/frontend/node_modules/@img/sharp-libvips-linuxmusl-arm64'
1884 silly reify ]
1885 verbose reify failed optional dependency /home/chand/ON-CBT/frontend/node_modules/@img/sharp-libvips-linux-s390x
1886 silly reify mark deleted [
1886 silly reify   '/home/chand/ON-CBT/frontend/node_modules/@img/sharp-libvips-linux-s390x'
1886 silly reify ]
1887 verbose reify failed optional dependency /home/chand/ON-CBT/frontend/node_modules/@img/sharp-libvips-linux-riscv64
1888 silly reify mark deleted [
1888 silly reify   '/home/chand/ON-CBT/frontend/node_modules/@img/sharp-libvips-linux-riscv64'
1888 silly reify ]
1889 verbose reify failed optional dependency /home/chand/ON-CBT/frontend/node_modules/@img/sharp-libvips-linux-ppc64
1890 silly reify mark deleted [
1890 silly reify   '/home/chand/ON-CBT/frontend/node_modules/@img/sharp-libvips-linux-ppc64'
1890 silly reify ]
1891 verbose reify failed optional dependency /home/chand/ON-CBT/frontend/node_modules/@img/sharp-libvips-linux-arm64
1892 silly reify mark deleted [
1892 silly reify   '/home/chand/ON-CBT/frontend/node_modules/@img/sharp-libvips-linux-arm64'
1892 silly reify ]
1893 verbose reify failed optional dependency /home/chand/ON-CBT/frontend/node_modules/@img/sharp-libvips-linux-arm
1894 silly reify mark deleted [
1894 silly reify   '/home/chand/ON-CBT/frontend/node_modules/@img/sharp-libvips-linux-arm'
1894 silly reify ]
1895 verbose reify failed optional dependency /home/chand/ON-CBT/frontend/node_modules/@img/sharp-libvips-darwin-x64
1896 silly reify mark deleted [
1896 silly reify   '/home/chand/ON-CBT/frontend/node_modules/@img/sharp-libvips-darwin-x64'
1896 silly reify ]
1897 verbose reify failed optional dependency /home/chand/ON-CBT/frontend/node_modules/@img/sharp-libvips-darwin-arm64
1898 silly reify mark deleted [
1898 silly reify   '/home/chand/ON-CBT/frontend/node_modules/@img/sharp-libvips-darwin-arm64'
1898 silly reify ]
1899 verbose reify failed optional dependency /home/chand/ON-CBT/frontend/node_modules/@img/sharp-darwin-x64
1900 silly reify mark deleted [ '/home/chand/ON-CBT/frontend/node_modules/@img/sharp-darwin-x64' ]
1901 verbose reify failed optional dependency /home/chand/ON-CBT/frontend/node_modules/@img/sharp-darwin-arm64
1902 silly reify mark deleted [ '/home/chand/ON-CBT/frontend/node_modules/@img/sharp-darwin-arm64' ]
1903 verbose reify failed optional dependency /home/chand/ON-CBT/frontend/node_modules/@next/swc-win32-x64-msvc
1904 silly reify mark deleted [ '/home/chand/ON-CBT/frontend/node_modules/@next/swc-win32-x64-msvc' ]
1905 verbose reify failed optional dependency /home/chand/ON-CBT/frontend/node_modules/@next/swc-win32-arm64-msvc
1906 silly reify mark deleted [
1906 silly reify   '/home/chand/ON-CBT/frontend/node_modules/@next/swc-win32-arm64-msvc'
1906 silly reify ]
1907 verbose reify failed optional dependency /home/chand/ON-CBT/frontend/node_modules/@next/swc-linux-arm64-musl
1908 silly reify mark deleted [
1908 silly reify   '/home/chand/ON-CBT/frontend/node_modules/@next/swc-linux-arm64-musl'
1908 silly reify ]
1909 verbose reify failed optional dependency /home/chand/ON-CBT/frontend/node_modules/@next/swc-linux-arm64-gnu
1910 silly reify mark deleted [
1910 silly reify   '/home/chand/ON-CBT/frontend/node_modules/@next/swc-linux-arm64-gnu'
1910 silly reify ]
1911 verbose reify failed optional dependency /home/chand/ON-CBT/frontend/node_modules/@next/swc-darwin-x64
1912 silly reify mark deleted [ '/home/chand/ON-CBT/frontend/node_modules/@next/swc-darwin-x64' ]
1913 verbose reify failed optional dependency /home/chand/ON-CBT/frontend/node_modules/@next/swc-darwin-arm64
1914 silly reify mark deleted [ '/home/chand/ON-CBT/frontend/node_modules/@next/swc-darwin-arm64' ]
1915 verbose reify failed optional dependency /home/chand/ON-CBT/frontend/node_modules/lightningcss-win32-x64-msvc
1916 silly reify mark deleted [
1916 silly reify   '/home/chand/ON-CBT/frontend/node_modules/lightningcss-win32-x64-msvc'
1916 silly reify ]
1917 verbose reify failed optional dependency /home/chand/ON-CBT/frontend/node_modules/lightningcss-win32-arm64-msvc
1918 silly reify mark deleted [
1918 silly reify   '/home/chand/ON-CBT/frontend/node_modules/lightningcss-win32-arm64-msvc'
1918 silly reify ]
1919 verbose reify failed optional dependency /home/chand/ON-CBT/frontend/node_modules/lightningcss-linux-arm64-musl
1920 silly reify mark deleted [
1920 silly reify   '/home/chand/ON-CBT/frontend/node_modules/lightningcss-linux-arm64-musl'
1920 silly reify ]
1921 verbose reify failed optional dependency /home/chand/ON-CBT/frontend/node_modules/lightningcss-linux-arm64-gnu
1922 silly reify mark deleted [
1922 silly reify   '/home/chand/ON-CBT/frontend/node_modules/lightningcss-linux-arm64-gnu'
1922 silly reify ]
1923 verbose reify failed optional dependency /home/chand/ON-CBT/frontend/node_modules/lightningcss-linux-arm-gnueabihf
1924 silly reify mark deleted [
1924 silly reify   '/home/chand/ON-CBT/frontend/node_modules/lightningcss-linux-arm-gnueabihf'
1924 silly reify ]
1925 verbose reify failed optional dependency /home/chand/ON-CBT/frontend/node_modules/lightningcss-freebsd-x64
1926 silly reify mark deleted [ '/home/chand/ON-CBT/frontend/node_modules/lightningcss-freebsd-x64' ]
1927 verbose reify failed optional dependency /home/chand/ON-CBT/frontend/node_modules/lightningcss-darwin-x64
1928 silly reify mark deleted [ '/home/chand/ON-CBT/frontend/node_modules/lightningcss-darwin-x64' ]
1929 verbose reify failed optional dependency /home/chand/ON-CBT/frontend/node_modules/lightningcss-darwin-arm64
1930 silly reify mark deleted [
1930 silly reify   '/home/chand/ON-CBT/frontend/node_modules/lightningcss-darwin-arm64'
1930 silly reify ]
1931 verbose reify failed optional dependency /home/chand/ON-CBT/frontend/node_modules/lightningcss-android-arm64
1932 silly reify mark deleted [
1932 silly reify   '/home/chand/ON-CBT/frontend/node_modules/lightningcss-android-arm64'
1932 silly reify ]
1933 verbose reify failed optional dependency /home/chand/ON-CBT/frontend/node_modules/@tailwindcss/oxide-win32-x64-msvc
1934 silly reify mark deleted [
1934 silly reify   '/home/chand/ON-CBT/frontend/node_modules/@tailwindcss/oxide-win32-x64-msvc'
1934 silly reify ]
1935 verbose reify failed optional dependency /home/chand/ON-CBT/frontend/node_modules/@tailwindcss/oxide-win32-arm64-msvc
1936 silly reify mark deleted [
1936 silly reify   '/home/chand/ON-CBT/frontend/node_modules/@tailwindcss/oxide-win32-arm64-msvc'
1936 silly reify ]
1937 verbose reify failed optional dependency /home/chand/ON-CBT/frontend/node_modules/@tailwindcss/oxide-linux-arm64-musl
1938 silly reify mark deleted [
1938 silly reify   '/home/chand/ON-CBT/frontend/node_modules/@tailwindcss/oxide-linux-arm64-musl'
1938 silly reify ]
1939 verbose reify failed optional dependency /home/chand/ON-CBT/frontend/node_modules/@tailwindcss/oxide-linux-arm64-gnu
1940 silly reify mark deleted [
1940 silly reify   '/home/chand/ON-CBT/frontend/node_modules/@tailwindcss/oxide-linux-arm64-gnu'
1940 silly reify ]
1941 verbose reify failed optional dependency /home/chand/ON-CBT/frontend/node_modules/@tailwindcss/oxide-linux-arm-gnueabihf
1942 silly reify mark deleted [
1942 silly reify   '/home/chand/ON-CBT/frontend/node_modules/@tailwindcss/oxide-linux-arm-gnueabihf'
1942 silly reify ]
1943 verbose reify failed optional dependency /home/chand/ON-CBT/frontend/node_modules/@tailwindcss/oxide-freebsd-x64
1944 silly reify mark deleted [
1944 silly reify   '/home/chand/ON-CBT/frontend/node_modules/@tailwindcss/oxide-freebsd-x64'
1944 silly reify ]
1945 verbose reify failed optional dependency /home/chand/ON-CBT/frontend/node_modules/@tailwindcss/oxide-darwin-x64
1946 silly reify mark deleted [
1946 silly reify   '/home/chand/ON-CBT/frontend/node_modules/@tailwindcss/oxide-darwin-x64'
1946 silly reify ]
1947 verbose reify failed optional dependency /home/chand/ON-CBT/frontend/node_modules/@tailwindcss/oxide-darwin-arm64
1948 silly reify mark deleted [
1948 silly reify   '/home/chand/ON-CBT/frontend/node_modules/@tailwindcss/oxide-darwin-arm64'
1948 silly reify ]
1949 verbose reify failed optional dependency /home/chand/ON-CBT/frontend/node_modules/@tailwindcss/oxide-android-arm64
1950 silly reify mark deleted [
1950 silly reify   '/home/chand/ON-CBT/frontend/node_modules/@tailwindcss/oxide-android-arm64'
1950 silly reify ]
1951 timing reifyNode:node_modules/@unrs/resolver-binding-win32-x64-msvc Completed in 795ms
1952 timing reifyNode:node_modules/@unrs/resolver-binding-win32-ia32-msvc Completed in 794ms
1953 timing reifyNode:node_modules/@unrs/resolver-binding-win32-arm64-msvc Completed in 794ms
1954 timing reifyNode:node_modules/@unrs/resolver-binding-wasm32-wasi Completed in 796ms
1955 timing reifyNode:node_modules/@unrs/resolver-binding-linux-s390x-gnu Completed in 796ms
1956 timing reifyNode:node_modules/@unrs/resolver-binding-linux-riscv64-musl Completed in 798ms
1957 timing reifyNode:node_modules/@unrs/resolver-binding-linux-riscv64-gnu Completed in 800ms
1958 timing reifyNode:node_modules/@unrs/resolver-binding-linux-ppc64-gnu Completed in 800ms
1959 timing reifyNode:node_modules/@unrs/resolver-binding-linux-arm64-musl Completed in 804ms
1960 timing reifyNode:node_modules/@unrs/resolver-binding-linux-arm64-gnu Completed in 806ms
1961 timing reifyNode:node_modules/@unrs/resolver-binding-linux-arm-musleabihf Completed in 809ms
1962 timing reifyNode:node_modules/@unrs/resolver-binding-linux-arm-gnueabihf Completed in 810ms
1963 timing reifyNode:node_modules/@unrs/resolver-binding-freebsd-x64 Completed in 810ms
1964 timing reifyNode:node_modules/@unrs/resolver-binding-darwin-x64 Completed in 813ms
1965 timing reifyNode:node_modules/@unrs/resolver-binding-darwin-arm64 Completed in 813ms
1966 timing reifyNode:node_modules/@unrs/resolver-binding-android-arm64 Completed in 814ms
1967 timing reifyNode:node_modules/@unrs/resolver-binding-android-arm-eabi Completed in 813ms
1968 timing reifyNode:node_modules/@img/sharp-win32-x64 Completed in 796ms
1969 timing reifyNode:node_modules/@img/sharp-win32-ia32 Completed in 795ms
1970 timing reifyNode:node_modules/@img/sharp-win32-arm64 Completed in 796ms
1971 timing reifyNode:node_modules/@img/sharp-wasm32 Completed in 794ms
1972 timing reifyNode:node_modules/@img/sharp-linuxmusl-arm64 Completed in 794ms
1973 timing reifyNode:node_modules/@img/sharp-linux-s390x Completed in 793ms
1974 timing reifyNode:node_modules/@img/sharp-linux-riscv64 Completed in 792ms
1975 timing reifyNode:node_modules/@img/sharp-linux-ppc64 Completed in 793ms
1976 timing reifyNode:node_modules/@img/sharp-linux-arm64 Completed in 790ms
1977 timing reifyNode:node_modules/@img/sharp-linux-arm Completed in 791ms
1978 timing reifyNode:node_modules/@img/sharp-libvips-linuxmusl-arm64 Completed in 788ms
1979 timing reifyNode:node_modules/@img/sharp-libvips-linux-s390x Completed in 788ms
1980 timing reifyNode:node_modules/@img/sharp-libvips-linux-riscv64 Completed in 787ms
1981 timing reifyNode:node_modules/@img/sharp-libvips-linux-ppc64 Completed in 787ms
1982 timing reifyNode:node_modules/@img/sharp-libvips-linux-arm64 Completed in 786ms
1983 timing reifyNode:node_modules/@img/sharp-libvips-linux-arm Completed in 787ms
1984 timing reifyNode:node_modules/@img/sharp-libvips-darwin-x64 Completed in 783ms
1985 timing reifyNode:node_modules/@img/sharp-libvips-darwin-arm64 Completed in 783ms
1986 timing reifyNode:node_modules/@img/sharp-darwin-x64 Completed in 783ms
1987 timing reifyNode:node_modules/@img/sharp-darwin-arm64 Completed in 783ms
1988 timing reifyNode:node_modules/@next/swc-win32-x64-msvc Completed in 769ms
1989 timing reifyNode:node_modules/@next/swc-win32-arm64-msvc Completed in 769ms
1990 timing reifyNode:node_modules/@next/swc-linux-arm64-musl Completed in 768ms
1991 timing reifyNode:node_modules/@next/swc-linux-arm64-gnu Completed in 766ms
1992 timing reifyNode:node_modules/@next/swc-darwin-x64 Completed in 766ms
1993 timing reifyNode:node_modules/@next/swc-darwin-arm64 Completed in 765ms
1994 timing reifyNode:node_modules/lightningcss-win32-x64-msvc Completed in 757ms
1995 timing reifyNode:node_modules/lightningcss-win32-arm64-msvc Completed in 756ms
1996 timing reifyNode:node_modules/lightningcss-linux-arm64-musl Completed in 754ms
1997 timing reifyNode:node_modules/lightningcss-linux-arm64-gnu Completed in 754ms
1998 timing reifyNode:node_modules/lightningcss-linux-arm-gnueabihf Completed in 754ms
1999 timing reifyNode:node_modules/lightningcss-freebsd-x64 Completed in 755ms
2000 timing reifyNode:node_modules/lightningcss-darwin-x64 Completed in 755ms
2001 timing reifyNode:node_modules/lightningcss-darwin-arm64 Completed in 755ms
2002 timing reifyNode:node_modules/lightningcss-android-arm64 Completed in 755ms
2003 timing reifyNode:node_modules/@tailwindcss/oxide-win32-x64-msvc Completed in 554ms
2004 timing reifyNode:node_modules/@tailwindcss/oxide-win32-arm64-msvc Completed in 552ms
2005 timing reifyNode:node_modules/@tailwindcss/oxide-linux-arm64-musl Completed in 552ms
2006 timing reifyNode:node_modules/@tailwindcss/oxide-linux-arm64-gnu Completed in 552ms
2007 timing reifyNode:node_modules/@tailwindcss/oxide-linux-arm-gnueabihf Completed in 550ms
2008 timing reifyNode:node_modules/@tailwindcss/oxide-freebsd-x64 Completed in 548ms
2009 timing reifyNode:node_modules/@tailwindcss/oxide-darwin-x64 Completed in 548ms
2010 timing reifyNode:node_modules/@tailwindcss/oxide-darwin-arm64 Completed in 546ms
2011 timing reifyNode:node_modules/@tailwindcss/oxide-android-arm64 Completed in 547ms
2012 silly tarball no local data for has-flag@https://registry.npmjs.org/has-flag/-/has-flag-4.0.0.tgz. Extracting by manifest.
2013 silly tarball no local data for client-only@https://registry.npmjs.org/client-only/-/client-only-0.0.1.tgz. Extracting by manifest.
2014 silly tarball no local data for side-channel-map@https://registry.npmjs.org/side-channel-map/-/side-channel-map-1.0.1.tgz. Extracting by manifest.
2015 silly tarball no local data for side-channel-weakmap@https://registry.npmjs.org/side-channel-weakmap/-/side-channel-weakmap-1.0.2.tgz. Extracting by manifest.
2016 silly tarball no local data for shebang-regex@https://registry.npmjs.org/shebang-regex/-/shebang-regex-3.0.0.tgz. Extracting by manifest.
2017 silly tarball no local data for side-channel-list@https://registry.npmjs.org/side-channel-list/-/side-channel-list-1.0.0.tgz. Extracting by manifest.
2018 silly tarball no local data for @emnapi/runtime@https://registry.npmjs.org/@emnapi/runtime/-/runtime-1.7.1.tgz. Extracting by manifest.
2019 silly tarball no local data for @img/sharp-linuxmusl-x64@https://registry.npmjs.org/@img/sharp-linuxmusl-x64/-/sharp-linuxmusl-x64-0.34.5.tgz. Extracting by manifest.
2020 silly tarball no local data for @img/sharp-linux-x64@https://registry.npmjs.org/@img/sharp-linux-x64/-/sharp-linux-x64-0.34.5.tgz. Extracting by manifest.
2021 silly tarball no local data for @img/sharp-libvips-linuxmusl-x64@https://registry.npmjs.org/@img/sharp-libvips-linuxmusl-x64/-/sharp-libvips-linuxmusl-x64-1.2.4.tgz. Extracting by manifest.
2022 silly tarball no local data for @img/sharp-libvips-linux-x64@https://registry.npmjs.org/@img/sharp-libvips-linux-x64/-/sharp-libvips-linux-x64-1.2.4.tgz. Extracting by manifest.
2023 silly tarball no local data for @img/colour@https://registry.npmjs.org/@img/colour/-/colour-1.0.0.tgz. Extracting by manifest.
2024 silly tarball no local data for isarray@https://registry.npmjs.org/isarray/-/isarray-2.0.5.tgz. Extracting by manifest.
2025 silly tarball no local data for queue-microtask@https://registry.npmjs.org/queue-microtask/-/queue-microtask-1.2.3.tgz. Extracting by manifest.
2026 silly tarball no local data for supports-preserve-symlinks-flag@https://registry.npmjs.org/supports-preserve-symlinks-flag/-/supports-preserve-symlinks-flag-1.0.0.tgz. Extracting by manifest.
2027 silly tarball no local data for path-parse@https://registry.npmjs.org/path-parse/-/path-parse-1.0.7.tgz. Extracting by manifest.
2028 silly tarball no local data for scheduler@https://registry.npmjs.org/scheduler/-/scheduler-0.27.0.tgz. Extracting by manifest.
2029 silly tarball no local data for react-is@https://registry.npmjs.org/react-is/-/react-is-16.13.1.tgz. Extracting by manifest.
2030 silly tarball no local data for object-assign@https://registry.npmjs.org/object-assign/-/object-assign-4.1.1.tgz. Extracting by manifest.
2031 silly tarball no local data for loose-envify@https://registry.npmjs.org/loose-envify/-/loose-envify-1.4.0.tgz. Extracting by manifest.
2032 silly tarball no local data for nanoid@https://registry.npmjs.org/nanoid/-/nanoid-3.3.11.tgz. Extracting by manifest.
2033 silly tarball no local data for callsites@https://registry.npmjs.org/callsites/-/callsites-3.1.0.tgz. Extracting by manifest.
2034 silly tarball no local data for yocto-queue@https://registry.npmjs.org/yocto-queue/-/yocto-queue-0.1.0.tgz. Extracting by manifest.
2035 silly tarball no local data for p-limit@https://registry.npmjs.org/p-limit/-/p-limit-3.1.0.tgz. Extracting by manifest.
2036 silly tarball no local data for word-wrap@https://registry.npmjs.org/word-wrap/-/word-wrap-1.2.5.tgz. Extracting by manifest.
2037 silly tarball no local data for fast-levenshtein@https://registry.npmjs.org/fast-levenshtein/-/fast-levenshtein-2.0.6.tgz. Extracting by manifest.
2038 silly tarball no local data for deep-is@https://registry.npmjs.org/deep-is/-/deep-is-0.1.4.tgz. Extracting by manifest.
2039 silly tarball no local data for tslib@https://registry.npmjs.org/tslib/-/tslib-2.8.1.tgz. Extracting by manifest.
2040 silly tarball no local data for styled-jsx@https://registry.npmjs.org/styled-jsx/-/styled-jsx-5.1.6.tgz. Extracting by manifest.
2041 silly tarball no local data for sharp@https://registry.npmjs.org/sharp/-/sharp-0.34.5.tgz. Extracting by manifest.
2042 silly tarball no local data for @swc/helpers@https://registry.npmjs.org/@swc/helpers/-/helpers-0.5.15.tgz. Extracting by manifest.
2043 silly tarball no local data for @next/swc-linux-x64-musl@https://registry.npmjs.org/@next/swc-linux-x64-musl/-/swc-linux-x64-musl-16.0.7.tgz. Extracting by manifest.
2044 silly tarball no local data for @next/swc-linux-x64-gnu@https://registry.npmjs.org/@next/swc-linux-x64-gnu/-/swc-linux-x64-gnu-16.0.7.tgz. Extracting by manifest.
2045 silly tarball no local data for @next/env@https://registry.npmjs.org/@next/env/-/env-16.0.7.tgz. Extracting by manifest.
2046 silly tarball no local data for concat-map@https://registry.npmjs.org/concat-map/-/concat-map-0.0.1.tgz. Extracting by manifest.
2047 silly tarball no local data for balanced-match@https://registry.npmjs.org/balanced-match/-/balanced-match-1.0.2.tgz. Extracting by manifest.
2048 silly tarball no local data for brace-expansion@https://registry.npmjs.org/brace-expansion/-/brace-expansion-1.1.12.tgz. Extracting by manifest.
2049 silly tarball no local data for to-regex-range@https://registry.npmjs.org/to-regex-range/-/to-regex-range-5.0.1.tgz. Extracting by manifest.
2050 silly tarball no local data for fill-range@https://registry.npmjs.org/fill-range/-/fill-range-7.1.1.tgz. Extracting by manifest.
2051 silly tarball no local data for picomatch@https://registry.npmjs.org/picomatch/-/picomatch-2.3.1.tgz. Extracting by manifest.
2052 silly tarball no local data for braces@https://registry.npmjs.org/braces/-/braces-3.0.3.tgz. Extracting by manifest.
2053 silly tarball no local data for yallist@https://registry.npmjs.org/yallist/-/yallist-3.1.1.tgz. Extracting by manifest.
2054 silly tarball no local data for p-locate@https://registry.npmjs.org/p-locate/-/p-locate-5.0.0.tgz. Extracting by manifest.
2055 silly tarball no local data for lightningcss-linux-x64-gnu@https://registry.npmjs.org/lightningcss-linux-x64-gnu/-/lightningcss-linux-x64-gnu-1.30.2.tgz. Extracting by manifest.
2056 silly tarball no local data for detect-libc@https://registry.npmjs.org/detect-libc/-/detect-libc-2.1.2.tgz. Extracting by manifest.
2057 silly tarball no local data for lightningcss-linux-x64-musl@https://registry.npmjs.org/lightningcss-linux-x64-musl/-/lightningcss-linux-x64-musl-1.30.2.tgz. Extracting by manifest.
2058 silly tarball no local data for type-check@https://registry.npmjs.org/type-check/-/type-check-0.4.0.tgz. Extracting by manifest.
2059 silly tarball no local data for prelude-ls@https://registry.npmjs.org/prelude-ls/-/prelude-ls-1.2.1.tgz. Extracting by manifest.
2060 silly tarball no local data for language-subtag-registry@https://registry.npmjs.org/language-subtag-registry/-/language-subtag-registry-0.3.23.tgz. Extracting by manifest.
2061 silly tarball no local data for json-buffer@https://registry.npmjs.org/json-buffer/-/json-buffer-3.0.1.tgz. Extracting by manifest.
2062 silly tarball no local data for set-function-name@https://registry.npmjs.org/set-function-name/-/set-function-name-2.0.2.tgz. Extracting by manifest.
2063 silly tarball no local data for argparse@https://registry.npmjs.org/argparse/-/argparse-2.0.1.tgz. Extracting by manifest.
2064 silly tarball no local data for is-extglob@https://registry.npmjs.org/is-extglob/-/is-extglob-2.1.1.tgz. Extracting by manifest.
2065 silly tarball no local data for side-channel@https://registry.npmjs.org/side-channel/-/side-channel-1.1.0.tgz. Extracting by manifest.
2066 silly tarball no local data for resolve-from@https://registry.npmjs.org/resolve-from/-/resolve-from-4.0.0.tgz. Extracting by manifest.
2067 silly tarball no local data for parent-module@https://registry.npmjs.org/parent-module/-/parent-module-1.0.1.tgz. Extracting by manifest.
2068 silly tarball no local data for hermes-estree@https://registry.npmjs.org/hermes-estree/-/hermes-estree-0.25.1.tgz. Extracting by manifest.
2069 silly tarball no local data for resolve-pkg-maps@https://registry.npmjs.org/resolve-pkg-maps/-/resolve-pkg-maps-1.0.0.tgz. Extracting by manifest.
2070 silly tarball no local data for dunder-proto@https://registry.npmjs.org/dunder-proto/-/dunder-proto-1.0.1.tgz. Extracting by manifest.
2071 silly tarball no local data for functions-have-names@https://registry.npmjs.org/functions-have-names/-/functions-have-names-1.2.3.tgz. Extracting by manifest.
2072 silly tarball no local data for keyv@https://registry.npmjs.org/keyv/-/keyv-4.5.4.tgz. Extracting by manifest.
2073 silly tarball no local data for path-exists@https://registry.npmjs.org/path-exists/-/path-exists-4.0.0.tgz. Extracting by manifest.
2074 silly tarball no local data for flatted@https://registry.npmjs.org/flatted/-/flatted-3.3.3.tgz. Extracting by manifest.
2075 silly tarball no local data for locate-path@https://registry.npmjs.org/locate-path/-/locate-path-6.0.0.tgz. Extracting by manifest.
2076 silly tarball no local data for flat-cache@https://registry.npmjs.org/flat-cache/-/flat-cache-4.0.1.tgz. Extracting by manifest.
2077 silly tarball no local data for reusify@https://registry.npmjs.org/reusify/-/reusify-1.1.0.tgz. Extracting by manifest.
2078 silly tarball no local data for run-parallel@https://registry.npmjs.org/run-parallel/-/run-parallel-1.2.0.tgz. Extracting by manifest.
2079 silly tarball no local data for fastq@https://registry.npmjs.org/fastq/-/fastq-1.19.1.tgz. Extracting by manifest.
2080 silly tarball no local data for @nodelib/fs.walk@https://registry.npmjs.org/@nodelib/fs.walk/-/fs.walk-1.2.8.tgz. Extracting by manifest.
2081 silly tarball no local data for @nodelib/fs.scandir@https://registry.npmjs.org/@nodelib/fs.scandir/-/fs.scandir-2.1.5.tgz. Extracting by manifest.
2082 silly tarball no local data for acorn-jsx@https://registry.npmjs.org/acorn-jsx/-/acorn-jsx-5.3.2.tgz. Extracting by manifest.
2083 silly tarball no local data for acorn@https://registry.npmjs.org/acorn/-/acorn-8.15.0.tgz. Extracting by manifest.
2084 silly tarball no local data for esrecurse@https://registry.npmjs.org/esrecurse/-/esrecurse-4.3.0.tgz. Extracting by manifest.
2085 silly tarball no local data for update-browserslist-db@https://registry.npmjs.org/update-browserslist-db/-/update-browserslist-db-1.2.2.tgz. Extracting by manifest.
2086 silly tarball no local data for node-releases@https://registry.npmjs.org/node-releases/-/node-releases-2.0.27.tgz. Extracting by manifest.
2087 silly tarball no local data for electron-to-chromium@https://registry.npmjs.org/electron-to-chromium/-/electron-to-chromium-1.5.266.tgz. Extracting by manifest.
2088 silly tarball no local data for caniuse-lite@https://registry.npmjs.org/caniuse-lite/-/caniuse-lite-1.0.30001759.tgz. Extracting by manifest.
2089 silly tarball no local data for baseline-browser-mapping@https://registry.npmjs.org/baseline-browser-mapping/-/baseline-browser-mapping-2.9.3.tgz. Extracting by manifest.
2090 silly tarball no local data for @babel/helper-string-parser@https://registry.npmjs.org/@babel/helper-string-parser/-/helper-string-parser-7.27.1.tgz. Extracting by manifest.
2091 silly tarball no local data for @babel/helper-globals@https://registry.npmjs.org/@babel/helper-globals/-/helper-globals-7.28.0.tgz. Extracting by manifest.
2092 silly tarball no local data for @babel/helper-module-imports@https://registry.npmjs.org/@babel/helper-module-imports/-/helper-module-imports-7.27.1.tgz. Extracting by manifest.
2093 silly tarball no local data for lru-cache@https://registry.npmjs.org/lru-cache/-/lru-cache-5.1.1.tgz. Extracting by manifest.
2094 silly tarball no local data for browserslist@https://registry.npmjs.org/browserslist/-/browserslist-4.28.1.tgz. Extracting by manifest.
2095 silly tarball no local data for @babel/helper-validator-option@https://registry.npmjs.org/@babel/helper-validator-option/-/helper-validator-option-7.27.1.tgz. Extracting by manifest.
2096 silly tarball no local data for @babel/compat-data@https://registry.npmjs.org/@babel/compat-data/-/compat-data-7.28.5.tgz. Extracting by manifest.
2097 silly tarball no local data for jsesc@https://registry.npmjs.org/jsesc/-/jsesc-3.1.0.tgz. Extracting by manifest.
2098 silly tarball no local data for picocolors@https://registry.npmjs.org/picocolors/-/picocolors-1.1.1.tgz. Extracting by manifest.
2099 silly tarball no local data for js-tokens@https://registry.npmjs.org/js-tokens/-/js-tokens-4.0.0.tgz. Extracting by manifest.
2100 silly tarball no local data for is-weakset@https://registry.npmjs.org/is-weakset/-/is-weakset-2.0.4.tgz. Extracting by manifest.
2101 silly tarball no local data for is-weakmap@https://registry.npmjs.org/is-weakmap/-/is-weakmap-2.0.2.tgz. Extracting by manifest.
2102 silly tarball no local data for is-map@https://registry.npmjs.org/is-map/-/is-map-2.0.3.tgz. Extracting by manifest.
2103 silly tarball no local data for generator-function@https://registry.npmjs.org/generator-function/-/generator-function-2.0.1.tgz. Extracting by manifest.
2104 silly tarball no local data for async-function@https://registry.npmjs.org/async-function/-/async-function-1.0.0.tgz. Extracting by manifest.
2105 silly tarball no local data for which-collection@https://registry.npmjs.org/which-collection/-/which-collection-1.0.2.tgz. Extracting by manifest.
2106 silly tarball no local data for is-generator-function@https://registry.npmjs.org/is-generator-function/-/is-generator-function-1.1.2.tgz. Extracting by manifest.
2107 silly tarball no local data for is-finalizationregistry@https://registry.npmjs.org/is-finalizationregistry/-/is-finalizationregistry-1.1.1.tgz. Extracting by manifest.
2108 silly tarball no local data for is-async-function@https://registry.npmjs.org/is-async-function/-/is-async-function-2.1.1.tgz. Extracting by manifest.
2109 silly tarball no local data for is-number-object@https://registry.npmjs.org/is-number-object/-/is-number-object-1.1.1.tgz. Extracting by manifest.
2110 silly tarball no local data for is-bigint@https://registry.npmjs.org/is-bigint/-/is-bigint-1.1.0.tgz. Extracting by manifest.
2111 silly tarball no local data for isexe@https://registry.npmjs.org/isexe/-/isexe-2.0.0.tgz. Extracting by manifest.
2112 silly tarball no local data for punycode@https://registry.npmjs.org/punycode/-/punycode-2.3.1.tgz. Extracting by manifest.
2113 silly tarball no local data for escalade@https://registry.npmjs.org/escalade/-/escalade-3.2.0.tgz. Extracting by manifest.
2114 silly tarball no local data for @emnapi/wasi-threads@https://registry.npmjs.org/@emnapi/wasi-threads/-/wasi-threads-1.1.0.tgz. Extracting by manifest.
2115 silly tarball no local data for @tybys/wasm-util@https://registry.npmjs.org/@tybys/wasm-util/-/wasm-util-0.10.1.tgz. Extracting by manifest.
2116 silly tarball no local data for @emnapi/core@https://registry.npmjs.org/@emnapi/core/-/core-1.7.1.tgz. Extracting by manifest.
2117 silly tarball no local data for @napi-rs/wasm-runtime@https://registry.npmjs.org/@napi-rs/wasm-runtime/-/wasm-runtime-0.2.12.tgz. Extracting by manifest.
2118 silly tarball no local data for napi-postinstall@https://registry.npmjs.org/napi-postinstall/-/napi-postinstall-0.3.4.tgz. Extracting by manifest.
2119 silly tarball no local data for @unrs/resolver-binding-linux-x64-musl@https://registry.npmjs.org/@unrs/resolver-binding-linux-x64-musl/-/resolver-binding-linux-x64-musl-1.11.1.tgz. Extracting by manifest.
2120 silly tarball no local data for @unrs/resolver-binding-linux-x64-gnu@https://registry.npmjs.org/@unrs/resolver-binding-linux-x64-gnu/-/resolver-binding-linux-x64-gnu-1.11.1.tgz. Extracting by manifest.
2121 silly tarball no local data for which-boxed-primitive@https://registry.npmjs.org/which-boxed-primitive/-/which-boxed-primitive-1.1.1.tgz. Extracting by manifest.
2122 silly tarball no local data for has-bigints@https://registry.npmjs.org/has-bigints/-/has-bigints-1.1.0.tgz. Extracting by manifest.
2123 silly tarball no local data for @typescript-eslint/tsconfig-utils@https://registry.npmjs.org/@typescript-eslint/tsconfig-utils/-/tsconfig-utils-8.48.1.tgz. Extracting by manifest.
2124 silly tarball no local data for @typescript-eslint/project-service@https://registry.npmjs.org/@typescript-eslint/project-service/-/project-service-8.48.1.tgz. Extracting by manifest.
2125 silly tarball no local data for is-boolean-object@https://registry.npmjs.org/is-boolean-object/-/is-boolean-object-1.2.2.tgz. Extracting by manifest.
2126 silly tarball no local data for @typescript-eslint/types@https://registry.npmjs.org/@typescript-eslint/types/-/types-8.48.1.tgz. Extracting by manifest.
2127 silly tarball no local data for ts-api-utils@https://registry.npmjs.org/ts-api-utils/-/ts-api-utils-2.1.0.tgz. Extracting by manifest.
2128 silly tarball no local data for graphemer@https://registry.npmjs.org/graphemer/-/graphemer-1.4.0.tgz. Extracting by manifest.
2129 silly tarball no local data for @typescript-eslint/visitor-keys@https://registry.npmjs.org/@typescript-eslint/visitor-keys/-/visitor-keys-8.48.1.tgz. Extracting by manifest.
2130 silly tarball no local data for @typescript-eslint/type-utils@https://registry.npmjs.org/@typescript-eslint/type-utils/-/type-utils-8.48.1.tgz. Extracting by manifest.
2131 silly tarball no local data for @typescript-eslint/scope-manager@https://registry.npmjs.org/@typescript-eslint/scope-manager/-/scope-manager-8.48.1.tgz. Extracting by manifest.
2132 silly tarball no local data for @typescript-eslint/utils@https://registry.npmjs.org/@typescript-eslint/utils/-/utils-8.48.1.tgz. Extracting by manifest.
2133 silly tarball no local data for @typescript-eslint/typescript-estree@https://registry.npmjs.org/@typescript-eslint/typescript-estree/-/typescript-estree-8.48.1.tgz. Extracting by manifest.
2134 silly tarball no local data for @typescript-eslint/parser@https://registry.npmjs.org/@typescript-eslint/parser/-/parser-8.48.1.tgz. Extracting by manifest.
2135 silly tarball no local data for @typescript-eslint/eslint-plugin@https://registry.npmjs.org/@typescript-eslint/eslint-plugin/-/eslint-plugin-8.48.1.tgz. Extracting by manifest.
2136 silly tarball no local data for which-builtin-type@https://registry.npmjs.org/which-builtin-type/-/which-builtin-type-1.2.1.tgz. Extracting by manifest.
2137 silly tarball no local data for reflect.getprototypeof@https://registry.npmjs.org/reflect.getprototypeof/-/reflect.getprototypeof-1.0.10.tgz. Extracting by manifest.
2138 silly tarball no local data for for-each@https://registry.npmjs.org/for-each/-/for-each-0.3.5.tgz. Extracting by manifest.
2139 silly tarball no local data for strip-bom@https://registry.npmjs.org/strip-bom/-/strip-bom-3.0.0.tgz. Extracting by manifest.
2140 silly tarball no local data for minimist@https://registry.npmjs.org/minimist/-/minimist-1.2.8.tgz. Extracting by manifest.
2141 silly tarball no local data for @types/json5@https://registry.npmjs.org/@types/json5/-/json5-0.0.29.tgz. Extracting by manifest.
2142 silly tarball no local data for is-number@https://registry.npmjs.org/is-number/-/is-number-7.0.0.tgz. Extracting by manifest.
2143 silly tarball no local data for typed-array-byte-length@https://registry.npmjs.org/typed-array-byte-length/-/typed-array-byte-length-1.0.3.tgz. Extracting by manifest.
2144 silly tarball no local data for typed-array-buffer@https://registry.npmjs.org/typed-array-buffer/-/typed-array-buffer-1.0.3.tgz. Extracting by manifest.
2145 silly tarball no local data for string.prototype.trimstart@https://registry.npmjs.org/string.prototype.trimstart/-/string.prototype.trimstart-1.0.8.tgz. Extracting by manifest.
2146 silly tarball no local data for string.prototype.trim@https://registry.npmjs.org/string.prototype.trim/-/string.prototype.trim-1.2.10.tgz. Extracting by manifest.
2147 silly tarball no local data for stop-iteration-iterator@https://registry.npmjs.org/stop-iteration-iterator/-/stop-iteration-iterator-1.1.0.tgz. Extracting by manifest.
2148 silly tarball no local data for set-proto@https://registry.npmjs.org/set-proto/-/set-proto-1.0.0.tgz. Extracting by manifest.
2149 silly tarball no local data for safe-regex-test@https://registry.npmjs.org/safe-regex-test/-/safe-regex-test-1.1.0.tgz. Extracting by manifest.
2150 silly tarball no local data for safe-push-apply@https://registry.npmjs.org/safe-push-apply/-/safe-push-apply-1.0.0.tgz. Extracting by manifest.
2151 silly tarball no local data for safe-array-concat@https://registry.npmjs.org/safe-array-concat/-/safe-array-concat-1.1.3.tgz. Extracting by manifest.
2152 silly tarball no local data for regexp.prototype.flags@https://registry.npmjs.org/regexp.prototype.flags/-/regexp.prototype.flags-1.5.4.tgz. Extracting by manifest.
2153 silly tarball no local data for own-keys@https://registry.npmjs.org/own-keys/-/own-keys-1.0.1.tgz. Extracting by manifest.
2154 silly tarball no local data for object.assign@https://registry.npmjs.org/object.assign/-/object.assign-4.1.7.tgz. Extracting by manifest.
2155 silly tarball no local data for object-inspect@https://registry.npmjs.org/object-inspect/-/object-inspect-1.13.4.tgz. Extracting by manifest.
2156 silly tarball no local data for is-weakref@https://registry.npmjs.org/is-weakref/-/is-weakref-1.1.1.tgz. Extracting by manifest.
2157 silly tarball no local data for is-typed-array@https://registry.npmjs.org/is-typed-array/-/is-typed-array-1.1.15.tgz. Extracting by manifest.
2158 silly tarball no local data for is-shared-array-buffer@https://registry.npmjs.org/is-shared-array-buffer/-/is-shared-array-buffer-1.0.4.tgz. Extracting by manifest.
2159 silly tarball no local data for is-set@https://registry.npmjs.org/is-set/-/is-set-2.0.3.tgz. Extracting by manifest.
2160 silly tarball no local data for is-regex@https://registry.npmjs.org/is-regex/-/is-regex-1.2.1.tgz. Extracting by manifest.
2161 silly tarball no local data for is-negative-zero@https://registry.npmjs.org/is-negative-zero/-/is-negative-zero-2.0.3.tgz. Extracting by manifest.
2162 silly tarball no local data for is-data-view@https://registry.npmjs.org/is-data-view/-/is-data-view-1.0.2.tgz. Extracting by manifest.
2163 silly tarball no local data for is-callable@https://registry.npmjs.org/is-callable/-/is-callable-1.2.7.tgz. Extracting by manifest.
2164 silly tarball no local data for path-key@https://registry.npmjs.org/path-key/-/path-key-3.1.1.tgz. Extracting by manifest.
2165 silly tarball no local data for color-name@https://registry.npmjs.org/color-name/-/color-name-1.1.4.tgz. Extracting by manifest.
2166 silly tarball no local data for color-convert@https://registry.npmjs.org/color-convert/-/color-convert-2.0.1.tgz. Extracting by manifest.
2167 silly tarball no local data for string.prototype.trimend@https://registry.npmjs.org/string.prototype.trimend/-/string.prototype.trimend-1.0.9.tgz. Extracting by manifest.
2168 silly tarball no local data for ansi-styles@https://registry.npmjs.org/ansi-styles/-/ansi-styles-4.3.0.tgz. Extracting by manifest.
2169 silly tarball no local data for uri-js@https://registry.npmjs.org/uri-js/-/uri-js-4.4.1.tgz. Extracting by manifest.
2170 silly tarball no local data for json-schema-traverse@https://registry.npmjs.org/json-schema-traverse/-/json-schema-traverse-0.4.1.tgz. Extracting by manifest.
2171 silly tarball no local data for @babel/helper-validator-identifier@https://registry.npmjs.org/@babel/helper-validator-identifier/-/helper-validator-identifier-7.28.5.tgz. Extracting by manifest.
2172 silly tarball no local data for json5@https://registry.npmjs.org/json5/-/json5-2.2.3.tgz. Extracting by manifest.
2173 silly tarball no local data for gensync@https://registry.npmjs.org/gensync/-/gensync-1.0.0-beta.2.tgz. Extracting by manifest.
2174 silly tarball no local data for convert-source-map@https://registry.npmjs.org/convert-source-map/-/convert-source-map-2.0.0.tgz. Extracting by manifest.
2175 silly tarball no local data for @babel/types@https://registry.npmjs.org/@babel/types/-/types-7.28.5.tgz. Extracting by manifest.
2176 silly tarball no local data for @babel/traverse@https://registry.npmjs.org/@babel/traverse/-/traverse-7.28.5.tgz. Extracting by manifest.
2177 silly tarball no local data for @babel/template@https://registry.npmjs.org/@babel/template/-/template-7.27.2.tgz. Extracting by manifest.
2178 silly tarball no local data for @babel/helpers@https://registry.npmjs.org/@babel/helpers/-/helpers-7.28.4.tgz. Extracting by manifest.
2179 silly tarball no local data for @babel/helper-module-transforms@https://registry.npmjs.org/@babel/helper-module-transforms/-/helper-module-transforms-7.28.3.tgz. Extracting by manifest.
2180 silly tarball no local data for @babel/helper-compilation-targets@https://registry.npmjs.org/@babel/helper-compilation-targets/-/helper-compilation-targets-7.27.2.tgz. Extracting by manifest.
2181 silly tarball no local data for @babel/generator@https://registry.npmjs.org/@babel/generator/-/generator-7.28.5.tgz. Extracting by manifest.
2182 silly tarball no local data for @babel/code-frame@https://registry.npmjs.org/@babel/code-frame/-/code-frame-7.27.1.tgz. Extracting by manifest.
2183 silly tarball no local data for zod-validation-error@https://registry.npmjs.org/zod-validation-error/-/zod-validation-error-4.0.2.tgz. Extracting by manifest.
2184 silly tarball no local data for zod@https://registry.npmjs.org/zod/-/zod-4.1.13.tgz. Extracting by manifest.
2185 silly tarball no local data for hermes-parser@https://registry.npmjs.org/hermes-parser/-/hermes-parser-0.25.1.tgz. Extracting by manifest.
2186 silly tarball no local data for @babel/parser@https://registry.npmjs.org/@babel/parser/-/parser-7.28.5.tgz. Extracting by manifest.
2187 silly tarball no local data for @babel/core@https://registry.npmjs.org/@babel/core/-/core-7.28.5.tgz. Extracting by manifest.
2188 silly tarball no local data for iterator.prototype@https://registry.npmjs.org/iterator.prototype/-/iterator.prototype-1.1.5.tgz. Extracting by manifest.
2189 silly tarball no local data for string.prototype.repeat@https://registry.npmjs.org/string.prototype.repeat/-/string.prototype.repeat-1.0.0.tgz. Extracting by manifest.
2190 silly tarball no local data for string.prototype.matchall@https://registry.npmjs.org/string.prototype.matchall/-/string.prototype.matchall-4.0.12.tgz. Extracting by manifest.
2191 silly tarball no local data for prop-types@https://registry.npmjs.org/prop-types/-/prop-types-15.8.1.tgz. Extracting by manifest.
2192 silly tarball no local data for object.entries@https://registry.npmjs.org/object.entries/-/object.entries-1.1.9.tgz. Extracting by manifest.
2193 silly tarball no local data for estraverse@https://registry.npmjs.org/estraverse/-/estraverse-5.3.0.tgz. Extracting by manifest.
2194 silly tarball no local data for es-iterator-helpers@https://registry.npmjs.org/es-iterator-helpers/-/es-iterator-helpers-1.2.1.tgz. Extracting by manifest.
2195 silly tarball no local data for array.prototype.tosorted@https://registry.npmjs.org/array.prototype.tosorted/-/array.prototype.tosorted-1.1.4.tgz. Extracting by manifest.
2196 silly tarball no local data for array.prototype.findlast@https://registry.npmjs.org/array.prototype.findlast/-/array.prototype.findlast-1.2.5.tgz. Extracting by manifest.
2197 silly tarball no local data for string.prototype.includes@https://registry.npmjs.org/string.prototype.includes/-/string.prototype.includes-2.0.1.tgz. Extracting by manifest.
2198 silly tarball no local data for language-tags@https://registry.npmjs.org/language-tags/-/language-tags-1.0.9.tgz. Extracting by manifest.
2199 silly tarball no local data for jsx-ast-utils@https://registry.npmjs.org/jsx-ast-utils/-/jsx-ast-utils-3.3.5.tgz. Extracting by manifest.
2200 silly tarball no local data for emoji-regex@https://registry.npmjs.org/emoji-regex/-/emoji-regex-9.2.2.tgz. Extracting by manifest.
2201 silly tarball no local data for damerau-levenshtein@https://registry.npmjs.org/damerau-levenshtein/-/damerau-levenshtein-1.0.8.tgz. Extracting by manifest.
2202 silly tarball no local data for axobject-query@https://registry.npmjs.org/axobject-query/-/axobject-query-4.1.0.tgz. Extracting by manifest.
2203 silly tarball no local data for axe-core@https://registry.npmjs.org/axe-core/-/axe-core-4.11.0.tgz. Extracting by manifest.
2204 silly tarball no local data for ast-types-flow@https://registry.npmjs.org/ast-types-flow/-/ast-types-flow-0.0.8.tgz. Extracting by manifest.
2205 silly tarball no local data for micromatch@https://registry.npmjs.org/micromatch/-/micromatch-4.0.8.tgz. Extracting by manifest.
2206 silly tarball no local data for is-symbol@https://registry.npmjs.org/is-symbol/-/is-symbol-1.1.1.tgz. Extracting by manifest.
2207 silly tarball no local data for is-date-object@https://registry.npmjs.org/is-date-object/-/is-date-object-1.1.0.tgz. Extracting by manifest.
2208 silly tarball no local data for has-tostringtag@https://registry.npmjs.org/has-tostringtag/-/has-tostringtag-1.0.2.tgz. Extracting by manifest.
2209 silly tarball no local data for possible-typed-array-names@https://registry.npmjs.org/possible-typed-array-names/-/possible-typed-array-names-1.1.0.tgz. Extracting by manifest.
2210 silly tarball no local data for which-typed-array@https://registry.npmjs.org/which-typed-array/-/which-typed-array-1.1.19.tgz. Extracting by manifest.
2211 silly tarball no local data for unbox-primitive@https://registry.npmjs.org/unbox-primitive/-/unbox-primitive-1.1.0.tgz. Extracting by manifest.
2212 silly tarball no local data for typed-array-length@https://registry.npmjs.org/typed-array-length/-/typed-array-length-1.0.7.tgz. Extracting by manifest.
2213 silly tarball no local data for typed-array-byte-offset@https://registry.npmjs.org/typed-array-byte-offset/-/typed-array-byte-offset-1.0.4.tgz. Extracting by manifest.
2214 silly tarball no local data for is-array-buffer@https://registry.npmjs.org/is-array-buffer/-/is-array-buffer-3.0.5.tgz. Extracting by manifest.
2215 silly tarball no local data for internal-slot@https://registry.npmjs.org/internal-slot/-/internal-slot-1.1.0.tgz. Extracting by manifest.
2216 silly tarball no local data for has-symbols@https://registry.npmjs.org/has-symbols/-/has-symbols-1.1.0.tgz. Extracting by manifest.
2217 silly tarball no local data for has-proto@https://registry.npmjs.org/has-proto/-/has-proto-1.2.0.tgz. Extracting by manifest.
2218 silly tarball no local data for globalthis@https://registry.npmjs.org/globalthis/-/globalthis-1.0.4.tgz. Extracting by manifest.
2219 silly tarball no local data for get-symbol-description@https://registry.npmjs.org/get-symbol-description/-/get-symbol-description-1.1.0.tgz. Extracting by manifest.
2220 silly tarball no local data for get-proto@https://registry.npmjs.org/get-proto/-/get-proto-1.0.1.tgz. Extracting by manifest.
2221 silly tarball no local data for function.prototype.name@https://registry.npmjs.org/function.prototype.name/-/function.prototype.name-1.1.8.tgz. Extracting by manifest.
2222 silly tarball no local data for es-to-primitive@https://registry.npmjs.org/es-to-primitive/-/es-to-primitive-1.3.0.tgz. Extracting by manifest.
2223 silly tarball no local data for es-set-tostringtag@https://registry.npmjs.org/es-set-tostringtag/-/es-set-tostringtag-2.1.0.tgz. Extracting by manifest.
2224 silly tarball no local data for data-view-byte-offset@https://registry.npmjs.org/data-view-byte-offset/-/data-view-byte-offset-1.0.1.tgz. Extracting by manifest.
2225 silly tarball no local data for data-view-byte-length@https://registry.npmjs.org/data-view-byte-length/-/data-view-byte-length-1.0.2.tgz. Extracting by manifest.
2226 silly tarball no local data for data-view-buffer@https://registry.npmjs.org/data-view-buffer/-/data-view-buffer-1.0.2.tgz. Extracting by manifest.
2227 silly tarball no local data for available-typed-arrays@https://registry.npmjs.org/available-typed-arrays/-/available-typed-arrays-1.0.7.tgz. Extracting by manifest.
2228 silly tarball no local data for arraybuffer.prototype.slice@https://registry.npmjs.org/arraybuffer.prototype.slice/-/arraybuffer.prototype.slice-1.0.4.tgz. Extracting by manifest.
2229 silly tarball no local data for array-buffer-byte-length@https://registry.npmjs.org/array-buffer-byte-length/-/array-buffer-byte-length-1.0.2.tgz. Extracting by manifest.
2230 silly tarball no local data for aria-query@https://registry.npmjs.org/aria-query/-/aria-query-5.3.2.tgz. Extracting by manifest.
2231 silly tarball no local data for object-keys@https://registry.npmjs.org/object-keys/-/object-keys-1.1.1.tgz. Extracting by manifest.
2232 silly tarball no local data for has-property-descriptors@https://registry.npmjs.org/has-property-descriptors/-/has-property-descriptors-1.0.2.tgz. Extracting by manifest.
2233 silly tarball no local data for define-data-property@https://registry.npmjs.org/define-data-property/-/define-data-property-1.1.4.tgz. Extracting by manifest.
2234 silly tarball no local data for function-bind@https://registry.npmjs.org/function-bind/-/function-bind-1.1.2.tgz. Extracting by manifest.
2235 silly tarball no local data for set-function-length@https://registry.npmjs.org/set-function-length/-/set-function-length-1.2.2.tgz. Extracting by manifest.
2236 silly tarball no local data for es-define-property@https://registry.npmjs.org/es-define-property/-/es-define-property-1.0.1.tgz. Extracting by manifest.
2237 silly tarball no local data for call-bind-apply-helpers@https://registry.npmjs.org/call-bind-apply-helpers/-/call-bind-apply-helpers-1.0.2.tgz. Extracting by manifest.
2238 silly tarball no local data for es-shim-unscopables@https://registry.npmjs.org/es-shim-unscopables/-/es-shim-unscopables-1.1.0.tgz. Extracting by manifest.
2239 silly tarball no local data for es-errors@https://registry.npmjs.org/es-errors/-/es-errors-1.3.0.tgz. Extracting by manifest.
2240 silly tarball no local data for math-intrinsics@https://registry.npmjs.org/math-intrinsics/-/math-intrinsics-1.1.0.tgz. Extracting by manifest.
2241 silly tarball no local data for is-string@https://registry.npmjs.org/is-string/-/is-string-1.1.1.tgz. Extracting by manifest.
2242 silly tarball no local data for get-intrinsic@https://registry.npmjs.org/get-intrinsic/-/get-intrinsic-1.3.0.tgz. Extracting by manifest.
2243 silly tarball no local data for es-object-atoms@https://registry.npmjs.org/es-object-atoms/-/es-object-atoms-1.1.1.tgz. Extracting by manifest.
2244 silly tarball no local data for es-abstract@https://registry.npmjs.org/es-abstract/-/es-abstract-1.24.0.tgz. Extracting by manifest.
2245 silly tarball no local data for define-properties@https://registry.npmjs.org/define-properties/-/define-properties-1.2.1.tgz. Extracting by manifest.
2246 silly tarball no local data for call-bound@https://registry.npmjs.org/call-bound/-/call-bound-1.0.4.tgz. Extracting by manifest.
2247 silly tarball no local data for merge2@https://registry.npmjs.org/merge2/-/merge2-1.4.1.tgz. Extracting by manifest.
2248 silly tarball no local data for @nodelib/fs.stat@https://registry.npmjs.org/@nodelib/fs.stat/-/fs.stat-2.0.5.tgz. Extracting by manifest.
2249 silly tarball no local data for gopd@https://registry.npmjs.org/gopd/-/gopd-1.2.0.tgz. Extracting by manifest.
2250 silly tarball no local data for call-bind@https://registry.npmjs.org/call-bind/-/call-bind-1.0.8.tgz. Extracting by manifest.
2251 silly tarball no local data for object.values@https://registry.npmjs.org/object.values/-/object.values-1.2.1.tgz. Extracting by manifest.
2252 silly tarball no local data for object.groupby@https://registry.npmjs.org/object.groupby/-/object.groupby-1.0.3.tgz. Extracting by manifest.
2253 silly tarball no local data for object.fromentries@https://registry.npmjs.org/object.fromentries/-/object.fromentries-2.0.8.tgz. Extracting by manifest.
2254 silly tarball no local data for hasown@https://registry.npmjs.org/hasown/-/hasown-2.0.2.tgz. Extracting by manifest.
2255 silly tarball no local data for strip-json-comments@https://registry.npmjs.org/strip-json-comments/-/strip-json-comments-3.1.1.tgz. Extracting by manifest.
2256 silly tarball no local data for js-yaml@https://registry.npmjs.org/js-yaml/-/js-yaml-4.1.1.tgz. Extracting by manifest.
2257 silly tarball no local data for import-fresh@https://registry.npmjs.org/import-fresh/-/import-fresh-3.3.1.tgz. Extracting by manifest.
2258 silly tarball no local data for globals@https://registry.npmjs.org/globals/-/globals-14.0.0.tgz. Extracting by manifest.
2259 silly tarball no local data for @types/json-schema@https://registry.npmjs.org/@types/json-schema/-/json-schema-7.0.15.tgz. Extracting by manifest.
2260 silly tarball no local data for @eslint/object-schema@https://registry.npmjs.org/@eslint/object-schema/-/object-schema-2.1.7.tgz. Extracting by manifest.
2261 silly tarball no local data for optionator@https://registry.npmjs.org/optionator/-/optionator-0.9.4.tgz. Extracting by manifest.
2262 silly tarball no local data for natural-compare@https://registry.npmjs.org/natural-compare/-/natural-compare-1.4.0.tgz. Extracting by manifest.
2263 silly tarball no local data for minimatch@https://registry.npmjs.org/minimatch/-/minimatch-3.1.2.tgz. Extracting by manifest.
2264 silly tarball no local data for lodash.merge@https://registry.npmjs.org/lodash.merge/-/lodash.merge-4.6.2.tgz. Extracting by manifest.
2265 silly tarball no local data for json-stable-stringify-without-jsonify@https://registry.npmjs.org/json-stable-stringify-without-jsonify/-/json-stable-stringify-without-jsonify-1.0.1.tgz. Extracting by manifest.
2266 silly tarball no local data for is-glob@https://registry.npmjs.org/is-glob/-/is-glob-4.0.3.tgz. Extracting by manifest.
2267 silly tarball no local data for imurmurhash@https://registry.npmjs.org/imurmurhash/-/imurmurhash-0.1.4.tgz. Extracting by manifest.
2268 silly tarball no local data for ignore@https://registry.npmjs.org/ignore/-/ignore-5.3.2.tgz. Extracting by manifest.
2269 silly tarball no local data for glob-parent@https://registry.npmjs.org/glob-parent/-/glob-parent-6.0.2.tgz. Extracting by manifest.
2270 silly tarball no local data for eslint-module-utils@https://registry.npmjs.org/eslint-module-utils/-/eslint-module-utils-2.12.1.tgz. Extracting by manifest.
2271 silly tarball no local data for doctrine@https://registry.npmjs.org/doctrine/-/doctrine-2.1.0.tgz. Extracting by manifest.
2272 silly tarball no local data for array.prototype.flatmap@https://registry.npmjs.org/array.prototype.flatmap/-/array.prototype.flatmap-1.3.3.tgz. Extracting by manifest.
2273 silly tarball no local data for array.prototype.flat@https://registry.npmjs.org/array.prototype.flat/-/array.prototype.flat-1.3.3.tgz. Extracting by manifest.
2274 silly tarball no local data for array.prototype.findlastindex@https://registry.npmjs.org/array.prototype.findlastindex/-/array.prototype.findlastindex-1.2.6.tgz. Extracting by manifest.
2275 silly tarball no local data for array-includes@https://registry.npmjs.org/array-includes/-/array-includes-3.1.9.tgz. Extracting by manifest.
2276 silly tarball no local data for @rtsao/scc@https://registry.npmjs.org/@rtsao/scc/-/scc-1.1.0.tgz. Extracting by manifest.
2277 silly tarball no local data for unrs-resolver@https://registry.npmjs.org/unrs-resolver/-/unrs-resolver-1.11.1.tgz. Extracting by manifest.
2278 silly tarball no local data for tinyglobby@https://registry.npmjs.org/tinyglobby/-/tinyglobby-0.2.15.tgz. Extracting by manifest.
2279 silly tarball no local data for stable-hash@https://registry.npmjs.org/stable-hash/-/stable-hash-0.0.5.tgz. Extracting by manifest.
2280 silly tarball no local data for is-bun-module@https://registry.npmjs.org/is-bun-module/-/is-bun-module-2.0.0.tgz. Extracting by manifest.
2281 silly tarball no local data for get-tsconfig@https://registry.npmjs.org/get-tsconfig/-/get-tsconfig-4.13.0.tgz. Extracting by manifest.
2282 silly tarball no local data for @nolyfill/is-core-module@https://registry.npmjs.org/@nolyfill/is-core-module/-/is-core-module-1.0.39.tgz. Extracting by manifest.
2283 silly tarball no local data for resolve@https://registry.npmjs.org/resolve/-/resolve-1.22.11.tgz. Extracting by manifest.
2284 silly tarball no local data for is-core-module@https://registry.npmjs.org/is-core-module/-/is-core-module-2.16.1.tgz. Extracting by manifest.
2285 silly tarball no local data for fast-glob@https://registry.npmjs.org/fast-glob/-/fast-glob-3.3.1.tgz. Extracting by manifest.
2286 silly tarball no local data for typescript-eslint@https://registry.npmjs.org/typescript-eslint/-/typescript-eslint-8.48.1.tgz. Extracting by manifest.
2287 silly tarball no local data for eslint-plugin-react@https://registry.npmjs.org/eslint-plugin-react/-/eslint-plugin-react-7.37.5.tgz. Extracting by manifest.
2288 silly tarball no local data for eslint-plugin-jsx-a11y@https://registry.npmjs.org/eslint-plugin-jsx-a11y/-/eslint-plugin-jsx-a11y-6.10.2.tgz. Extracting by manifest.
2289 silly tarball no local data for eslint-plugin-import@https://registry.npmjs.org/eslint-plugin-import/-/eslint-plugin-import-2.32.0.tgz. Extracting by manifest.
2290 silly tarball no local data for eslint-import-resolver-typescript@https://registry.npmjs.org/eslint-import-resolver-typescript/-/eslint-import-resolver-typescript-3.10.1.tgz. Extracting by manifest.
2291 silly tarball no local data for eslint-plugin-react-hooks@https://registry.npmjs.org/eslint-plugin-react-hooks/-/eslint-plugin-react-hooks-7.0.1.tgz. Extracting by manifest.
2292 silly tarball no local data for eslint-import-resolver-node@https://registry.npmjs.org/eslint-import-resolver-node/-/eslint-import-resolver-node-0.3.9.tgz. Extracting by manifest.
2293 silly tarball no local data for @next/eslint-plugin-next@https://registry.npmjs.org/@next/eslint-plugin-next/-/eslint-plugin-next-16.0.7.tgz. Extracting by manifest.
2294 silly tarball no local data for ms@https://registry.npmjs.org/ms/-/ms-2.1.3.tgz. Extracting by manifest.
2295 silly tarball no local data for which@https://registry.npmjs.org/which/-/which-2.0.2.tgz. Extracting by manifest.
2296 silly tarball no local data for shebang-command@https://registry.npmjs.org/shebang-command/-/shebang-command-2.0.0.tgz. Extracting by manifest.
2297 silly tarball no local data for fast-json-stable-stringify@https://registry.npmjs.org/fast-json-stable-stringify/-/fast-json-stable-stringify-2.1.0.tgz. Extracting by manifest.
2298 silly tarball no local data for @humanfs/core@https://registry.npmjs.org/@humanfs/core/-/core-0.19.1.tgz. Extracting by manifest.
2299 silly tarball no local data for levn@https://registry.npmjs.org/levn/-/levn-0.4.1.tgz. Extracting by manifest.
2300 silly tarball no local data for find-up@https://registry.npmjs.org/find-up/-/find-up-5.0.0.tgz. Extracting by manifest.
2301 silly tarball no local data for file-entry-cache@https://registry.npmjs.org/file-entry-cache/-/file-entry-cache-8.0.0.tgz. Extracting by manifest.
2302 silly tarball no local data for fast-deep-equal@https://registry.npmjs.org/fast-deep-equal/-/fast-deep-equal-3.1.3.tgz. Extracting by manifest.
2303 silly tarball no local data for esutils@https://registry.npmjs.org/esutils/-/esutils-2.0.3.tgz. Extracting by manifest.
2304 silly tarball no local data for esquery@https://registry.npmjs.org/esquery/-/esquery-1.6.0.tgz. Extracting by manifest.
2305 silly tarball no local data for supports-color@https://registry.npmjs.org/supports-color/-/supports-color-7.2.0.tgz. Extracting by manifest.
2306 silly tarball no local data for espree@https://registry.npmjs.org/espree/-/espree-10.4.0.tgz. Extracting by manifest.
2307 silly tarball no local data for eslint-visitor-keys@https://registry.npmjs.org/eslint-visitor-keys/-/eslint-visitor-keys-4.2.1.tgz. Extracting by manifest.
2308 silly tarball no local data for eslint-scope@https://registry.npmjs.org/eslint-scope/-/eslint-scope-8.4.0.tgz. Extracting by manifest.
2309 silly tarball no local data for escape-string-regexp@https://registry.npmjs.org/escape-string-regexp/-/escape-string-regexp-4.0.0.tgz. Extracting by manifest.
2310 silly tarball no local data for debug@https://registry.npmjs.org/debug/-/debug-4.4.3.tgz. Extracting by manifest.
2311 silly tarball no local data for cross-spawn@https://registry.npmjs.org/cross-spawn/-/cross-spawn-7.0.6.tgz. Extracting by manifest.
2312 silly tarball no local data for chalk@https://registry.npmjs.org/chalk/-/chalk-4.1.2.tgz. Extracting by manifest.
2313 silly tarball no local data for ajv@https://registry.npmjs.org/ajv/-/ajv-6.12.6.tgz. Extracting by manifest.
2314 silly tarball no local data for @types/estree@https://registry.npmjs.org/@types/estree/-/estree-1.0.8.tgz. Extracting by manifest.
2315 silly tarball no local data for @humanwhocodes/retry@https://registry.npmjs.org/@humanwhocodes/retry/-/retry-0.4.3.tgz. Extracting by manifest.
2316 silly tarball no local data for @humanwhocodes/module-importer@https://registry.npmjs.org/@humanwhocodes/module-importer/-/module-importer-1.0.1.tgz. Extracting by manifest.
2317 silly tarball no local data for @humanfs/node@https://registry.npmjs.org/@humanfs/node/-/node-0.16.7.tgz. Extracting by manifest.
2318 silly tarball no local data for @eslint/plugin-kit@https://registry.npmjs.org/@eslint/plugin-kit/-/plugin-kit-0.4.1.tgz. Extracting by manifest.
2319 silly tarball no local data for @eslint/js@https://registry.npmjs.org/@eslint/js/-/js-9.39.1.tgz. Extracting by manifest.
2320 silly tarball no local data for @eslint/eslintrc@https://registry.npmjs.org/@eslint/eslintrc/-/eslintrc-3.3.3.tgz. Extracting by manifest.
2321 silly tarball no local data for @eslint/core@https://registry.npmjs.org/@eslint/core/-/core-0.17.0.tgz. Extracting by manifest.
2322 silly tarball no local data for @eslint/config-helpers@https://registry.npmjs.org/@eslint/config-helpers/-/config-helpers-0.4.2.tgz. Extracting by manifest.
2323 silly tarball no local data for @eslint/config-array@https://registry.npmjs.org/@eslint/config-array/-/config-array-0.21.1.tgz. Extracting by manifest.
2324 silly tarball no local data for @eslint-community/regexpp@https://registry.npmjs.org/@eslint-community/regexpp/-/regexpp-4.12.2.tgz. Extracting by manifest.
2325 silly tarball no local data for @eslint-community/eslint-utils@https://registry.npmjs.org/@eslint-community/eslint-utils/-/eslint-utils-4.9.0.tgz. Extracting by manifest.
2326 silly tarball no local data for tapable@https://registry.npmjs.org/tapable/-/tapable-2.3.0.tgz. Extracting by manifest.
2327 silly tarball no local data for graceful-fs@https://registry.npmjs.org/graceful-fs/-/graceful-fs-4.2.11.tgz. Extracting by manifest.
2328 silly tarball no local data for csstype@https://registry.npmjs.org/csstype/-/csstype-3.2.3.tgz. Extracting by manifest.
2329 silly tarball no local data for undici-types@https://registry.npmjs.org/undici-types/-/undici-types-6.21.0.tgz. Extracting by manifest.
2330 silly tarball no local data for @tailwindcss/oxide-linux-x64-musl@https://registry.npmjs.org/@tailwindcss/oxide-linux-x64-musl/-/oxide-linux-x64-musl-4.1.17.tgz. Extracting by manifest.
2331 silly tarball no local data for @jridgewell/resolve-uri@https://registry.npmjs.org/@jridgewell/resolve-uri/-/resolve-uri-3.1.2.tgz. Extracting by manifest.
2332 silly tarball no local data for @jridgewell/sourcemap-codec@https://registry.npmjs.org/@jridgewell/sourcemap-codec/-/sourcemap-codec-1.5.5.tgz. Extracting by manifest.
2333 silly tarball no local data for @jridgewell/trace-mapping@https://registry.npmjs.org/@jridgewell/trace-mapping/-/trace-mapping-0.3.31.tgz. Extracting by manifest.
2334 silly tarball no local data for @tailwindcss/oxide-linux-x64-gnu@https://registry.npmjs.org/@tailwindcss/oxide-linux-x64-gnu/-/oxide-linux-x64-gnu-4.1.17.tgz. Extracting by manifest.
2335 silly tarball no local data for @jridgewell/gen-mapping@https://registry.npmjs.org/@jridgewell/gen-mapping/-/gen-mapping-0.3.13.tgz. Extracting by manifest.
2336 silly tarball no local data for source-map-js@https://registry.npmjs.org/source-map-js/-/source-map-js-1.2.1.tgz. Extracting by manifest.
2337 silly tarball no local data for magic-string@https://registry.npmjs.org/magic-string/-/magic-string-0.30.21.tgz. Extracting by manifest.
2338 silly tarball no local data for lightningcss@https://registry.npmjs.org/lightningcss/-/lightningcss-1.30.2.tgz. Extracting by manifest.
2339 silly tarball no local data for jiti@https://registry.npmjs.org/jiti/-/jiti-2.6.1.tgz. Extracting by manifest.
2340 silly tarball no local data for enhanced-resolve@https://registry.npmjs.org/enhanced-resolve/-/enhanced-resolve-5.18.3.tgz. Extracting by manifest.
2341 silly tarball no local data for @jridgewell/remapping@https://registry.npmjs.org/@jridgewell/remapping/-/remapping-2.3.5.tgz. Extracting by manifest.
2342 silly tarball no local data for postcss@https://registry.npmjs.org/postcss/-/postcss-8.5.6.tgz. Extracting by manifest.
2343 silly tarball no local data for @tailwindcss/oxide@https://registry.npmjs.org/@tailwindcss/oxide/-/oxide-4.1.17.tgz. Extracting by manifest.
2344 silly tarball no local data for @alloc/quick-lru@https://registry.npmjs.org/@alloc/quick-lru/-/quick-lru-5.2.0.tgz. Extracting by manifest.
2345 silly tarball no local data for typescript@https://registry.npmjs.org/typescript/-/typescript-5.9.3.tgz. Extracting by manifest.
2346 silly tarball no local data for tailwindcss@https://registry.npmjs.org/tailwindcss/-/tailwindcss-4.1.17.tgz. Extracting by manifest.
2347 silly tarball no local data for react-dom@https://registry.npmjs.org/react-dom/-/react-dom-19.2.0.tgz. Extracting by manifest.
2348 silly tarball no local data for react@https://registry.npmjs.org/react/-/react-19.2.0.tgz. Extracting by manifest.
2349 silly tarball no local data for next@https://registry.npmjs.org/next/-/next-16.0.7.tgz. Extracting by manifest.
2350 silly tarball no local data for eslint-config-next@https://registry.npmjs.org/eslint-config-next/-/eslint-config-next-16.0.7.tgz. Extracting by manifest.
2351 silly tarball no local data for eslint@https://registry.npmjs.org/eslint/-/eslint-9.39.1.tgz. Extracting by manifest.
2352 silly tarball no local data for @types/react@https://registry.npmjs.org/@types/react/-/react-19.2.7.tgz. Extracting by manifest.
2353 silly tarball no local data for @types/react-dom@https://registry.npmjs.org/@types/react-dom/-/react-dom-19.2.3.tgz. Extracting by manifest.
2354 silly tarball no local data for @types/node@https://registry.npmjs.org/@types/node/-/node-20.19.25.tgz. Extracting by manifest.
2355 silly tarball no local data for @tailwindcss/postcss@https://registry.npmjs.org/@tailwindcss/postcss/-/postcss-4.1.17.tgz. Extracting by manifest.
2356 silly tarball no local data for brace-expansion@https://registry.npmjs.org/brace-expansion/-/brace-expansion-2.0.2.tgz. Extracting by manifest.
2357 silly tarball no local data for semver@https://registry.npmjs.org/semver/-/semver-7.7.3.tgz. Extracting by manifest.
2358 silly tarball no local data for minimatch@https://registry.npmjs.org/minimatch/-/minimatch-9.0.5.tgz. Extracting by manifest.
2359 silly tarball no local data for ignore@https://registry.npmjs.org/ignore/-/ignore-7.0.5.tgz. Extracting by manifest.
2360 silly tarball no local data for semver@https://registry.npmjs.org/semver/-/semver-7.7.3.tgz. Extracting by manifest.
2361 silly tarball no local data for json5@https://registry.npmjs.org/json5/-/json5-1.0.2.tgz. Extracting by manifest.
2362 silly tarball no local data for debug@https://registry.npmjs.org/debug/-/debug-3.2.7.tgz. Extracting by manifest.
2363 silly tarball no local data for picomatch@https://registry.npmjs.org/picomatch/-/picomatch-4.0.3.tgz. Extracting by manifest.
2364 silly tarball no local data for fdir@https://registry.npmjs.org/fdir/-/fdir-6.5.0.tgz. Extracting by manifest.
2365 silly tarball no local data for semver@https://registry.npmjs.org/semver/-/semver-7.7.3.tgz. Extracting by manifest.
2366 silly tarball no local data for glob-parent@https://registry.npmjs.org/glob-parent/-/glob-parent-5.1.2.tgz. Extracting by manifest.
2367 silly tarball no local data for resolve@https://registry.npmjs.org/resolve/-/resolve-2.0.0-next.5.tgz. Extracting by manifest.
2368 silly tarball no local data for debug@https://registry.npmjs.org/debug/-/debug-3.2.7.tgz. Extracting by manifest.
2369 silly tarball no local data for debug@https://registry.npmjs.org/debug/-/debug-3.2.7.tgz. Extracting by manifest.
2370 silly tarball no local data for eslint-visitor-keys@https://registry.npmjs.org/eslint-visitor-keys/-/eslint-visitor-keys-3.4.3.tgz. Extracting by manifest.
2371 silly tarball no local data for postcss@https://registry.npmjs.org/postcss/-/postcss-8.4.31.tgz. Extracting by manifest.
2372 silly tarball no local data for semver@https://registry.npmjs.org/semver/-/semver-6.3.1.tgz. Extracting by manifest.
2373 silly tarball no local data for globals@https://registry.npmjs.org/globals/-/globals-16.4.0.tgz. Extracting by manifest.
2374 silly tarball no local data for tsconfig-paths@https://registry.npmjs.org/tsconfig-paths/-/tsconfig-paths-3.15.0.tgz. Extracting by manifest.
2375 silly tarball no local data for @tailwindcss/node@https://registry.npmjs.org/@tailwindcss/node/-/node-4.1.17.tgz. Extracting by manifest.
2376 http fetch POST 200 https://registry.npmjs.org/-/npm/v1/security/advisories/bulk 4918ms
2377 timing auditReport:getReport Completed in 4954ms
2378 silly audit report {}
2379 timing auditReport:init Completed in 0ms
2380 timing reify:audit Completed in 4971ms
2381 http fetch GET 200 https://registry.npmjs.org/has-flag/-/has-flag-4.0.0.tgz 6570ms (cache miss)
2382 timing reifyNode:node_modules/has-flag Completed in 7672ms
2383 http fetch GET 200 https://registry.npmjs.org/shebang-regex/-/shebang-regex-3.0.0.tgz 6558ms (cache miss)
2384 timing reifyNode:node_modules/shebang-regex Completed in 7672ms
2385 http fetch GET 200 https://registry.npmjs.org/client-only/-/client-only-0.0.1.tgz 6571ms (cache miss)
2386 timing reifyNode:node_modules/client-only Completed in 7678ms
2387 http fetch GET 200 https://registry.npmjs.org/side-channel-list/-/side-channel-list-1.0.0.tgz 6551ms (cache miss)
2388 http fetch GET 200 https://registry.npmjs.org/isarray/-/isarray-2.0.5.tgz 6511ms (cache miss)
2389 timing reifyNode:node_modules/isarray Completed in 7657ms
2390 http fetch GET 200 https://registry.npmjs.org/p-limit/-/p-limit-3.1.0.tgz 6474ms (cache miss)
2391 timing reifyNode:node_modules/p-limit Completed in 7655ms
2392 http fetch GET 200 https://registry.npmjs.org/path-parse/-/path-parse-1.0.7.tgz 6498ms (cache miss)
2393 timing reifyNode:node_modules/path-parse Completed in 7663ms
2394 http fetch GET 200 https://registry.npmjs.org/nanoid/-/nanoid-3.3.11.tgz 6489ms (cache miss)
2395 http fetch GET 200 https://registry.npmjs.org/loose-envify/-/loose-envify-1.4.0.tgz 6492ms (cache miss)
2396 timing reifyNode:node_modules/loose-envify Completed in 7667ms
2397 http fetch GET 200 https://registry.npmjs.org/react-is/-/react-is-16.13.1.tgz 6502ms (cache miss)
2398 http fetch GET 200 https://registry.npmjs.org/yocto-queue/-/yocto-queue-0.1.0.tgz 6490ms (cache miss)
2399 timing reifyNode:node_modules/yocto-queue Completed in 7673ms
2400 http fetch GET 200 https://registry.npmjs.org/callsites/-/callsites-3.1.0.tgz 6498ms (cache miss)
2401 timing reifyNode:node_modules/callsites Completed in 7677ms
2402 timing reifyNode:node_modules/react-is Completed in 7692ms
2403 http fetch GET 200 https://registry.npmjs.org/deep-is/-/deep-is-0.1.4.tgz 6558ms (cache miss)
2404 http fetch GET 200 https://registry.npmjs.org/side-channel-map/-/side-channel-map-1.0.1.tgz 6673ms (cache miss)
2405 http fetch GET 200 https://registry.npmjs.org/supports-preserve-symlinks-flag/-/supports-preserve-symlinks-flag-1.0.0.tgz 6601ms (cache miss)
2406 timing reifyNode:node_modules/supports-preserve-symlinks-flag Completed in 7766ms
2407 http fetch GET 200 https://registry.npmjs.org/concat-map/-/concat-map-0.0.1.tgz 6538ms (cache miss)
2408 timing reifyNode:node_modules/concat-map Completed in 7748ms
2409 timing reifyNode:node_modules/deep-is Completed in 7763ms
2410 http fetch GET 200 https://registry.npmjs.org/side-channel-weakmap/-/side-channel-weakmap-1.0.2.tgz 6759ms (cache miss)
2411 http fetch GET 200 https://registry.npmjs.org/queue-microtask/-/queue-microtask-1.2.3.tgz 6704ms (cache miss)
2412 timing reifyNode:node_modules/queue-microtask Completed in 7858ms
2413 timing reifyNode:node_modules/side-channel-weakmap Completed in 8111ms
2414 http fetch GET 200 https://registry.npmjs.org/object-assign/-/object-assign-4.1.1.tgz 6929ms (cache miss)
2415 timing reifyNode:node_modules/object-assign Completed in 8103ms
2416 http fetch GET 200 https://registry.npmjs.org/fill-range/-/fill-range-7.1.1.tgz 6871ms (cache miss)
2417 timing reifyNode:node_modules/fill-range Completed in 8088ms
2418 http fetch GET 200 https://registry.npmjs.org/yallist/-/yallist-3.1.1.tgz 6869ms (cache miss)
2419 timing reifyNode:node_modules/yallist Completed in 8095ms
2420 http fetch GET 200 https://registry.npmjs.org/@img/colour/-/colour-1.0.0.tgz 6985ms (cache miss)
2421 timing reifyNode:node_modules/@img/colour Completed in 8127ms
2422 http fetch GET 200 https://registry.npmjs.org/fast-levenshtein/-/fast-levenshtein-2.0.6.tgz 6937ms (cache miss)
2423 timing reifyNode:node_modules/fast-levenshtein Completed in 8126ms
2424 http fetch GET 200 https://registry.npmjs.org/word-wrap/-/word-wrap-1.2.5.tgz 6965ms (cache miss)
2425 timing reifyNode:node_modules/word-wrap Completed in 8153ms
2426 timing reifyNode:node_modules/side-channel-list Completed in 8431ms
2427 http fetch GET 200 https://registry.npmjs.org/balanced-match/-/balanced-match-1.0.2.tgz 7202ms (cache miss)
2428 timing reifyNode:node_modules/balanced-match Completed in 8414ms
2429 http fetch GET 200 https://registry.npmjs.org/braces/-/braces-3.0.3.tgz 7193ms (cache miss)
2430 http fetch GET 200 https://registry.npmjs.org/p-locate/-/p-locate-5.0.0.tgz 7187ms (cache miss)
2431 timing reifyNode:node_modules/p-locate Completed in 8414ms
2432 http fetch GET 200 https://registry.npmjs.org/detect-libc/-/detect-libc-2.1.2.tgz 7160ms (cache miss)
2433 timing reifyNode:node_modules/side-channel-map Completed in 8653ms
2434 timing reifyNode:node_modules/detect-libc Completed in 8629ms
2435 timing reifyNode:node_modules/braces Completed in 8650ms
2436 http fetch GET 200 https://registry.npmjs.org/to-regex-range/-/to-regex-range-5.0.1.tgz 7443ms (cache miss)
2437 timing reifyNode:node_modules/to-regex-range Completed in 8659ms
2438 http fetch GET 200 https://registry.npmjs.org/picomatch/-/picomatch-2.3.1.tgz 7494ms (cache miss)
2439 http fetch GET 200 https://registry.npmjs.org/set-function-name/-/set-function-name-2.0.2.tgz 7420ms (cache miss)
2440 http fetch GET 200 https://registry.npmjs.org/is-extglob/-/is-extglob-2.1.1.tgz 7408ms (cache miss)
2441 timing reifyNode:node_modules/is-extglob Completed in 8694ms
2442 http fetch GET 200 https://registry.npmjs.org/json-buffer/-/json-buffer-3.0.1.tgz 7440ms (cache miss)
2443 timing reifyNode:node_modules/json-buffer Completed in 8720ms
2444 http fetch GET 200 https://registry.npmjs.org/@next/env/-/env-16.0.7.tgz 7536ms (cache miss)
2445 timing reifyNode:node_modules/@next/env Completed in 8747ms
2446 http fetch GET 200 https://registry.npmjs.org/brace-expansion/-/brace-expansion-1.1.12.tgz 7541ms (cache miss)
2447 timing reifyNode:node_modules/brace-expansion Completed in 8756ms
2448 timing reifyNode:node_modules/set-function-name Completed in 8789ms
2449 http fetch GET 200 https://registry.npmjs.org/side-channel/-/side-channel-1.1.0.tgz 7573ms (cache miss)
2450 http fetch GET 200 https://registry.npmjs.org/resolve-from/-/resolve-from-4.0.0.tgz 7701ms (cache miss)
2451 timing reifyNode:node_modules/resolve-from Completed in 9004ms
2452 http fetch GET 200 https://registry.npmjs.org/prelude-ls/-/prelude-ls-1.2.1.tgz 7765ms (cache miss)
2453 timing reifyNode:node_modules/picomatch Completed in 9051ms
2454 http fetch GET 200 https://registry.npmjs.org/keyv/-/keyv-4.5.4.tgz 7843ms (cache miss)
2455 timing reifyNode:node_modules/keyv Completed in 9188ms
2456 http fetch GET 200 https://registry.npmjs.org/dunder-proto/-/dunder-proto-1.0.1.tgz 7868ms (cache miss)
2457 http fetch GET 200 https://registry.npmjs.org/parent-module/-/parent-module-1.0.1.tgz 7896ms (cache miss)
2458 timing reifyNode:node_modules/parent-module Completed in 9206ms
2459 http fetch GET 200 https://registry.npmjs.org/resolve-pkg-maps/-/resolve-pkg-maps-1.0.0.tgz 7888ms (cache miss)
2460 timing reifyNode:node_modules/resolve-pkg-maps Completed in 9209ms
2461 http fetch GET 200 https://registry.npmjs.org/type-check/-/type-check-0.4.0.tgz 7978ms (cache miss)
2462 timing reifyNode:node_modules/type-check Completed in 9235ms
2463 http fetch GET 200 https://registry.npmjs.org/path-exists/-/path-exists-4.0.0.tgz 7866ms (cache miss)
2464 timing reifyNode:node_modules/path-exists Completed in 9211ms
2465 http fetch GET 200 https://registry.npmjs.org/flatted/-/flatted-3.3.3.tgz 7865ms (cache miss)
2466 timing reifyNode:node_modules/side-channel Completed in 9330ms
2467 http fetch GET 200 https://registry.npmjs.org/tslib/-/tslib-2.8.1.tgz 8280ms (cache miss)
2468 http fetch GET 200 https://registry.npmjs.org/argparse/-/argparse-2.0.1.tgz 8153ms (cache miss)
2469 http fetch GET 200 https://registry.npmjs.org/functions-have-names/-/functions-have-names-1.2.3.tgz 8100ms (cache miss)
2470 timing reifyNode:node_modules/prelude-ls Completed in 9622ms
2471 timing reifyNode:node_modules/functions-have-names Completed in 9623ms
2472 http fetch GET 200 https://registry.npmjs.org/scheduler/-/scheduler-0.27.0.tgz 8614ms (cache miss)
2473 http fetch GET 200 https://registry.npmjs.org/locate-path/-/locate-path-6.0.0.tgz 8409ms (cache miss)
2474 timing reifyNode:node_modules/locate-path Completed in 9766ms
2475 http fetch GET 200 https://registry.npmjs.org/flat-cache/-/flat-cache-4.0.1.tgz 8417ms (cache miss)
2476 timing reifyNode:node_modules/flat-cache Completed in 9775ms
2477 timing reifyNode:node_modules/tslib Completed in 9853ms
2478 timing reifyNode:node_modules/argparse Completed in 9844ms
2479 timing reifyNode:node_modules/dunder-proto Completed in 9877ms
2480 timing reifyNode:node_modules/scheduler Completed in 10040ms
2481 http fetch GET 200 https://registry.npmjs.org/update-browserslist-db/-/update-browserslist-db-1.2.2.tgz 8613ms (cache miss)
2482 timing reifyNode:node_modules/update-browserslist-db Completed in 9990ms
2483 http fetch GET 200 https://registry.npmjs.org/node-releases/-/node-releases-2.0.27.tgz 8647ms (cache miss)
2484 http fetch GET 200 https://registry.npmjs.org/@nodelib/fs.walk/-/fs.walk-1.2.8.tgz 8668ms (cache miss)
2485 http fetch GET 200 https://registry.npmjs.org/acorn-jsx/-/acorn-jsx-5.3.2.tgz 8667ms (cache miss)
2486 timing reifyNode:node_modules/acorn-jsx Completed in 10032ms
2487 timing reifyNode:node_modules/node-releases Completed in 10058ms
2488 http fetch GET 200 https://registry.npmjs.org/@babel/helper-globals/-/helper-globals-7.28.0.tgz 8626ms (cache miss)
2489 timing reifyNode:node_modules/@babel/helper-globals Completed in 10122ms
2490 http fetch GET 200 https://registry.npmjs.org/@babel/helper-validator-option/-/helper-validator-option-7.27.1.tgz 8577ms (cache miss)
2491 http fetch GET 200 https://registry.npmjs.org/@babel/compat-data/-/compat-data-7.28.5.tgz 8566ms (cache miss)
2492 http fetch GET 200 https://registry.npmjs.org/picocolors/-/picocolors-1.1.1.tgz 8542ms (cache miss)
2493 timing reifyNode:node_modules/picocolors Completed in 10142ms
2494 http fetch GET 200 https://registry.npmjs.org/lru-cache/-/lru-cache-5.1.1.tgz 8623ms (cache miss)
2495 timing reifyNode:node_modules/lru-cache Completed in 10148ms
2496 http fetch GET 200 https://registry.npmjs.org/@nodelib/fs.scandir/-/fs.scandir-2.1.5.tgz 8835ms (cache miss)
2497 http fetch GET 200 https://registry.npmjs.org/@babel/helper-string-parser/-/helper-string-parser-7.27.1.tgz 8726ms (cache miss)
2498 timing reifyNode:node_modules/@babel/helper-string-parser Completed in 10196ms
2499 timing reifyNode:node_modules/@babel/helper-validator-option Completed in 10458ms
2500 http fetch GET 200 https://registry.npmjs.org/js-tokens/-/js-tokens-4.0.0.tgz 8915ms (cache miss)
2501 timing reifyNode:node_modules/js-tokens Completed in 10524ms
2502 http fetch GET 200 https://registry.npmjs.org/@img/sharp-linuxmusl-x64/-/sharp-linuxmusl-x64-0.34.5.tgz 9493ms (cache miss)
2503 timing reifyNode:node_modules/@img/sharp-linuxmusl-x64 Completed in 10635ms
2504 http fetch GET 200 https://registry.npmjs.org/run-parallel/-/run-parallel-1.2.0.tgz 9210ms (cache miss)
2505 timing reifyNode:node_modules/run-parallel Completed in 10568ms
2506 http fetch GET 200 https://registry.npmjs.org/fastq/-/fastq-1.19.1.tgz 9229ms (cache miss)
2507 http fetch GET 200 https://registry.npmjs.org/esrecurse/-/esrecurse-4.3.0.tgz 9253ms (cache miss)
2508 timing reifyNode:node_modules/esrecurse Completed in 10640ms
2509 timing reifyNode:node_modules/nanoid Completed in 10967ms
2510 timing reifyNode:node_modules/flatted Completed in 10920ms
2511 http fetch GET 200 https://registry.npmjs.org/jsesc/-/jsesc-3.1.0.tgz 9877ms (cache miss)
2512 timing reifyNode:node_modules/jsesc Completed in 11467ms
2513 http fetch GET 200 https://registry.npmjs.org/browserslist/-/browserslist-4.28.1.tgz 9944ms (cache miss)
2514 http fetch GET 200 https://registry.npmjs.org/reusify/-/reusify-1.1.0.tgz 10150ms (cache miss)
2515 http fetch GET 200 https://registry.npmjs.org/is-weakmap/-/is-weakmap-2.0.2.tgz 9946ms (cache miss)
2516 http fetch GET 200 https://registry.npmjs.org/async-function/-/async-function-1.0.0.tgz 9861ms (cache miss)
2517 http fetch GET 200 https://registry.npmjs.org/is-async-function/-/is-async-function-2.1.1.tgz 9780ms (cache miss)
2518 http fetch GET 200 https://registry.npmjs.org/is-weakset/-/is-weakset-2.0.4.tgz 9995ms (cache miss)
2519 http fetch GET 200 https://registry.npmjs.org/@babel/helper-module-imports/-/helper-module-imports-7.27.1.tgz 10424ms (cache miss)
2520 timing reifyNode:node_modules/browserslist Completed in 12058ms
2521 http fetch GET 200 https://registry.npmjs.org/isexe/-/isexe-2.0.0.tgz 10084ms (cache miss)
2522 timing reifyNode:node_modules/isexe Completed in 12252ms
2523 http fetch GET 200 https://registry.npmjs.org/punycode/-/punycode-2.3.1.tgz 10081ms (cache miss)
2524 timing reifyNode:node_modules/punycode Completed in 12261ms
2525 http fetch GET 200 https://registry.npmjs.org/is-bigint/-/is-bigint-1.1.0.tgz 10101ms (cache miss)
2526 timing reifyNode:node_modules/@babel/helper-module-imports Completed in 12215ms
2527 timing reifyNode:node_modules/is-async-function Completed in 12397ms
2528 timing reifyNode:node_modules/is-weakmap Completed in 12652ms
2529 timing reifyNode:node_modules/is-weakset Completed in 12656ms
2530 timing reifyNode:node_modules/@babel/compat-data Completed in 12515ms
2531 timing reifyNode:node_modules/is-bigint Completed in 12678ms
2532 http fetch GET 200 https://registry.npmjs.org/electron-to-chromium/-/electron-to-chromium-1.5.266.tgz 11423ms (cache miss)
2533 timing reifyNode:node_modules/reusify Completed in 12847ms
2534 timing reifyNode:node_modules/async-function Completed in 12995ms
2535 http fetch GET 200 https://registry.npmjs.org/generator-function/-/generator-function-2.0.1.tgz 10973ms (cache miss)
2536 http fetch GET 200 https://registry.npmjs.org/escalade/-/escalade-3.2.0.tgz 11092ms (cache miss)
2537 timing reifyNode:node_modules/escalade Completed in 13281ms
2538 timing reifyNode:node_modules/electron-to-chromium Completed in 13284ms
2539 http fetch GET 200 https://registry.npmjs.org/baseline-browser-mapping/-/baseline-browser-mapping-2.9.3.tgz 11981ms (cache miss)
2540 http fetch GET 200 https://registry.npmjs.org/@img/sharp-linux-x64/-/sharp-linux-x64-0.34.5.tgz 12552ms (cache miss)
2541 timing reifyNode:node_modules/@img/sharp-linux-x64 Completed in 13700ms
2542 timing reifyNode:node_modules/fastq Completed in 13884ms
2543 timing reifyNode:node_modules/baseline-browser-mapping Completed in 13881ms
2544 timing reifyNode:node_modules/generator-function Completed in 14201ms
2545 timing reifyNode:node_modules/@nodelib/fs.scandir Completed in 15359ms
2546 http fetch GET 200 https://registry.npmjs.org/which-collection/-/which-collection-1.0.2.tgz 13715ms (cache miss)
2547 http fetch GET 200 https://registry.npmjs.org/is-generator-function/-/is-generator-function-1.1.2.tgz 13704ms (cache miss)
2548 http fetch GET 200 https://registry.npmjs.org/is-map/-/is-map-2.0.3.tgz 13796ms (cache miss)
2549 http fetch GET 200 https://registry.npmjs.org/is-number-object/-/is-number-object-1.1.1.tgz 13651ms (cache miss)
2550 http fetch GET 200 https://registry.npmjs.org/is-finalizationregistry/-/is-finalizationregistry-1.1.1.tgz 13704ms (cache miss)
2551 http fetch GET 200 https://registry.npmjs.org/@emnapi/runtime/-/runtime-1.7.1.tgz 15471ms (cache miss)
2552 http fetch GET 200 https://registry.npmjs.org/which-boxed-primitive/-/which-boxed-primitive-1.1.1.tgz 14867ms (cache miss)
2553 http fetch GET 200 https://registry.npmjs.org/has-bigints/-/has-bigints-1.1.0.tgz 15012ms (cache miss)
2554 http fetch GET 200 https://registry.npmjs.org/is-boolean-object/-/is-boolean-object-1.2.2.tgz 15314ms (cache miss)
2555 timing reifyNode:node_modules/@emnapi/runtime Completed in 17691ms
2556 timing reifyNode:node_modules/which-collection Completed in 18184ms
2557 timing reifyNode:node_modules/is-finalizationregistry Completed in 18185ms
2558 timing reifyNode:node_modules/@nodelib/fs.walk Completed in 18383ms
2559 http fetch GET 200 https://registry.npmjs.org/@typescript-eslint/visitor-keys/-/visitor-keys-8.48.1.tgz 16411ms (cache miss)
2560 timing reifyNode:node_modules/@typescript-eslint/visitor-keys Completed in 18691ms
2561 http fetch GET 200 https://registry.npmjs.org/@typescript-eslint/parser/-/parser-8.48.1.tgz 16406ms (cache miss)
2562 timing reifyNode:node_modules/@typescript-eslint/parser Completed in 18688ms
2563 timing reifyNode:node_modules/is-generator-function Completed in 18722ms
2564 timing reifyNode:node_modules/is-number-object Completed in 18733ms
2565 timing reifyNode:node_modules/is-map Completed in 20751ms
2566 timing reifyNode:node_modules/which-boxed-primitive Completed in 20728ms
2567 timing reifyNode:node_modules/has-bigints Completed in 20733ms
2568 http fetch GET 200 https://registry.npmjs.org/@typescript-eslint/project-service/-/project-service-8.48.1.tgz 18608ms (cache miss)
2569 timing reifyNode:node_modules/@typescript-eslint/project-service Completed in 20867ms
2570 http fetch GET 200 https://registry.npmjs.org/@typescript-eslint/tsconfig-utils/-/tsconfig-utils-8.48.1.tgz 18617ms (cache miss)
2571 timing reifyNode:node_modules/@typescript-eslint/tsconfig-utils Completed in 20869ms
2572 http fetch GET 200 https://registry.npmjs.org/reflect.getprototypeof/-/reflect.getprototypeof-1.0.10.tgz 18555ms (cache miss)
2573 http fetch GET 200 https://registry.npmjs.org/strip-bom/-/strip-bom-3.0.0.tgz 18549ms (cache miss)
2574 timing reifyNode:node_modules/strip-bom Completed in 20859ms
2575 http fetch GET 200 https://registry.npmjs.org/hermes-estree/-/hermes-estree-0.25.1.tgz 19885ms (cache miss)
2576 timing reifyNode:node_modules/hermes-estree Completed in 21198ms
2577 http fetch GET 200 https://registry.npmjs.org/which-builtin-type/-/which-builtin-type-1.2.1.tgz 19449ms (cache miss)
2578 http fetch GET 200 https://registry.npmjs.org/set-proto/-/set-proto-1.0.0.tgz 20287ms (cache miss)
2579 http fetch GET 200 https://registry.npmjs.org/is-number/-/is-number-7.0.0.tgz 20312ms (cache miss)
2580 timing reifyNode:node_modules/is-number Completed in 22649ms
2581 http fetch GET 200 https://registry.npmjs.org/stop-iteration-iterator/-/stop-iteration-iterator-1.1.0.tgz 20299ms (cache miss)
2582 http fetch GET 200 https://registry.npmjs.org/typed-array-byte-length/-/typed-array-byte-length-1.0.3.tgz 20319ms (cache miss)
2583 http fetch GET 200 https://registry.npmjs.org/safe-array-concat/-/safe-array-concat-1.1.3.tgz 20374ms (cache miss)
2584 http fetch GET 200 https://registry.npmjs.org/is-data-view/-/is-data-view-1.0.2.tgz 20861ms (cache miss)
2585 http fetch GET 200 https://registry.npmjs.org/path-key/-/path-key-3.1.1.tgz 20765ms (cache miss)
2586 timing reifyNode:node_modules/path-key Completed in 23048ms
2587 timing reifyNode:node_modules/is-boolean-object Completed in 23326ms
2588 http fetch GET 200 https://registry.npmjs.org/typed-array-buffer/-/typed-array-buffer-1.0.3.tgz 21447ms (cache miss)
2589 timing reifyNode:node_modules/stop-iteration-iterator Completed in 23665ms
2590 http fetch GET 200 https://registry.npmjs.org/safe-regex-test/-/safe-regex-test-1.1.0.tgz 21573ms (cache miss)
2591 timing reifyNode:node_modules/which-builtin-type Completed in 24697ms
2592 http fetch GET 200 https://registry.npmjs.org/for-each/-/for-each-0.3.5.tgz 22404ms (cache miss)
2593 timing reifyNode:node_modules/typed-array-buffer Completed in 24615ms
2594 timing reifyNode:node_modules/typed-array-byte-length Completed in 24618ms
2595 http fetch GET 200 https://registry.npmjs.org/is-weakref/-/is-weakref-1.1.1.tgz 22366ms (cache miss)
2596 http fetch GET 200 https://registry.npmjs.org/safe-push-apply/-/safe-push-apply-1.0.0.tgz 22386ms (cache miss)
2597 http fetch GET 200 https://registry.npmjs.org/is-shared-array-buffer/-/is-shared-array-buffer-1.0.4.tgz 22367ms (cache miss)
2598 http fetch GET 200 https://registry.npmjs.org/is-set/-/is-set-2.0.3.tgz 22365ms (cache miss)
2599 timing reifyNode:node_modules/safe-regex-test Completed in 24762ms
2600 http fetch GET 200 https://registry.npmjs.org/own-keys/-/own-keys-1.0.1.tgz 23557ms (cache miss)
2601 timing reifyNode:node_modules/safe-push-apply Completed in 25834ms
2602 http fetch GET 200 https://registry.npmjs.org/color-name/-/color-name-1.1.4.tgz 23542ms (cache miss)
2603 timing reifyNode:node_modules/color-name Completed in 25819ms
2604 http fetch GET 200 https://registry.npmjs.org/string.prototype.trimend/-/string.prototype.trimend-1.0.9.tgz 23538ms (cache miss)
2605 http fetch GET 200 https://registry.npmjs.org/ansi-styles/-/ansi-styles-4.3.0.tgz 23521ms (cache miss)
2606 timing reifyNode:node_modules/ansi-styles Completed in 25816ms
2607 http fetch GET 200 https://registry.npmjs.org/@types/json5/-/json5-0.0.29.tgz 23772ms (cache miss)
2608 timing reifyNode:node_modules/@types/json5 Completed in 26089ms
2609 http fetch GET 200 https://registry.npmjs.org/string.prototype.trimstart/-/string.prototype.trimstart-1.0.8.tgz 23782ms (cache miss)
2610 http fetch GET 200 https://registry.npmjs.org/is-regex/-/is-regex-1.2.1.tgz 24386ms (cache miss)
2611 http fetch GET 200 https://registry.npmjs.org/is-negative-zero/-/is-negative-zero-2.0.3.tgz 24383ms (cache miss)
2612 http fetch GET 200 https://registry.npmjs.org/@babel/helper-validator-identifier/-/helper-validator-identifier-7.28.5.tgz 23809ms (cache miss)
2613 http fetch GET 200 https://registry.npmjs.org/gensync/-/gensync-1.0.0-beta.2.tgz 23801ms (cache miss)
2614 http fetch GET 200 https://registry.npmjs.org/is-typed-array/-/is-typed-array-1.1.15.tgz 24407ms (cache miss)
2615 timing reifyNode:node_modules/reflect.getprototypeof Completed in 26996ms
2616 http fetch GET 200 https://registry.npmjs.org/@emnapi/wasi-threads/-/wasi-threads-1.1.0.tgz 24958ms (cache miss)
2617 http fetch GET 200 https://registry.npmjs.org/json-schema-traverse/-/json-schema-traverse-0.4.1.tgz 24599ms (cache miss)
2618 http fetch GET 200 https://registry.npmjs.org/color-convert/-/color-convert-2.0.1.tgz 24627ms (cache miss)
2619 timing reifyNode:node_modules/color-convert Completed in 26911ms
2620 http fetch GET 200 https://registry.npmjs.org/is-callable/-/is-callable-1.2.7.tgz 24718ms (cache miss)
2621 timing reifyNode:node_modules/gensync Completed in 27051ms
2622 http fetch GET 200 https://registry.npmjs.org/@babel/code-frame/-/code-frame-7.27.1.tgz 24264ms (cache miss)
2623 timing reifyNode:node_modules/@babel/code-frame Completed in 27188ms
2624 http fetch GET 200 https://registry.npmjs.org/string.prototype.matchall/-/string.prototype.matchall-4.0.12.tgz 24283ms (cache miss)
2625 http fetch GET 200 https://registry.npmjs.org/iterator.prototype/-/iterator.prototype-1.1.5.tgz 24308ms (cache miss)
2626 timing reifyNode:node_modules/safe-array-concat Completed in 27473ms
2627 timing reifyNode:node_modules/is-negative-zero Completed in 27616ms
2628 http fetch GET 200 https://registry.npmjs.org/emoji-regex/-/emoji-regex-9.2.2.tgz 24613ms (cache miss)
2629 http fetch GET 200 https://registry.npmjs.org/string.prototype.repeat/-/string.prototype.repeat-1.0.0.tgz 24930ms (cache miss)
2630 http fetch GET 200 https://registry.npmjs.org/estraverse/-/estraverse-5.3.0.tgz 24927ms (cache miss)
2631 timing reifyNode:node_modules/estraverse Completed in 27920ms
2632 http fetch GET 200 https://registry.npmjs.org/has-tostringtag/-/has-tostringtag-1.0.2.tgz 24934ms (cache miss)
2633 http fetch GET 200 https://registry.npmjs.org/possible-typed-array-names/-/possible-typed-array-names-1.1.0.tgz 24938ms (cache miss)
2634 timing reifyNode:node_modules/is-typed-array Completed in 28049ms
2635 http fetch GET 200 https://registry.npmjs.org/object.entries/-/object.entries-1.1.9.tgz 25205ms (cache miss)
2636 http fetch GET 200 https://registry.npmjs.org/array.prototype.tosorted/-/array.prototype.tosorted-1.1.4.tgz 25190ms (cache miss)
2637 http fetch GET 200 https://registry.npmjs.org/array.prototype.findlast/-/array.prototype.findlast-1.2.5.tgz 25188ms (cache miss)
2638 http fetch GET 200 https://registry.npmjs.org/@typescript-eslint/types/-/types-8.48.1.tgz 26071ms (cache miss)
2639 http fetch GET 200 https://registry.npmjs.org/convert-source-map/-/convert-source-map-2.0.0.tgz 25347ms (cache miss)
2640 timing reifyNode:node_modules/convert-source-map Completed in 28228ms
2641 timing reifyNode:node_modules/own-keys Completed in 28273ms
2642 timing reifyNode:node_modules/json-schema-traverse Completed in 28186ms
2643 timing reifyNode:node_modules/for-each Completed in 28464ms
2644 timing reifyNode:node_modules/string.prototype.trimstart Completed in 28393ms
2645 timing reifyNode:node_modules/is-regex Completed in 28417ms
2646 timing reifyNode:node_modules/@emnapi/wasi-threads Completed in 28619ms
2647 http fetch GET 200 https://registry.npmjs.org/damerau-levenshtein/-/damerau-levenshtein-1.0.8.tgz 25576ms (cache miss)
2648 timing reifyNode:node_modules/damerau-levenshtein Completed in 28606ms
2649 http fetch GET 200 https://registry.npmjs.org/acorn/-/acorn-8.15.0.tgz 27303ms (cache miss)
2650 timing reifyNode:node_modules/is-weakref Completed in 28643ms
2651 timing reifyNode:node_modules/is-shared-array-buffer Completed in 28641ms
2652 http fetch GET 200 https://registry.npmjs.org/es-set-tostringtag/-/es-set-tostringtag-2.1.0.tgz 25519ms (cache miss)
2653 http fetch GET 200 https://registry.npmjs.org/napi-postinstall/-/napi-postinstall-0.3.4.tgz 26633ms (cache miss)
2654 http fetch GET 200 https://registry.npmjs.org/which-typed-array/-/which-typed-array-1.1.19.tgz 25818ms (cache miss)
2655 http fetch GET 200 https://registry.npmjs.org/unbox-primitive/-/unbox-primitive-1.1.0.tgz 25929ms (cache miss)
2656 http fetch GET 200 https://registry.npmjs.org/typed-array-length/-/typed-array-length-1.0.7.tgz 25925ms (cache miss)
2657 timing reifyNode:node_modules/iterator.prototype Completed in 29300ms
2658 http fetch GET 200 https://registry.npmjs.org/internal-slot/-/internal-slot-1.1.0.tgz 27166ms (cache miss)
2659 http fetch GET 200 https://registry.npmjs.org/has-symbols/-/has-symbols-1.1.0.tgz 27163ms (cache miss)
2660 http fetch GET 200 https://registry.npmjs.org/function.prototype.name/-/function.prototype.name-1.1.8.tgz 27122ms (cache miss)
2661 http fetch GET 200 https://registry.npmjs.org/globalthis/-/globalthis-1.0.4.tgz 27155ms (cache miss)
2662 http fetch GET 200 https://registry.npmjs.org/is-array-buffer/-/is-array-buffer-3.0.5.tgz 27182ms (cache miss)
2663 http fetch GET 200 https://registry.npmjs.org/get-symbol-description/-/get-symbol-description-1.1.0.tgz 27153ms (cache miss)
2664 timing reifyNode:node_modules/is-data-view Completed in 30290ms
2665 timing reifyNode:node_modules/is-callable Completed in 30292ms
2666 http fetch GET 200 https://registry.npmjs.org/string.prototype.includes/-/string.prototype.includes-2.0.1.tgz 27306ms (cache miss)
2667 timing reifyNode:node_modules/@babel/helper-validator-identifier Completed in 30459ms
2668 http fetch GET 200 https://registry.npmjs.org/function-bind/-/function-bind-1.1.2.tgz 27177ms (cache miss)
2669 http fetch GET 200 https://registry.npmjs.org/es-errors/-/es-errors-1.3.0.tgz 27163ms (cache miss)
2670 http fetch GET 200 https://registry.npmjs.org/micromatch/-/micromatch-4.0.8.tgz 27612ms (cache miss)
2671 timing reifyNode:node_modules/micromatch Completed in 30703ms
2672 http fetch GET 200 https://registry.npmjs.org/is-string/-/is-string-1.1.1.tgz 27328ms (cache miss)
2673 http fetch GET 200 https://registry.npmjs.org/data-view-byte-offset/-/data-view-byte-offset-1.0.1.tgz 27566ms (cache miss)
2674 http fetch GET 200 https://registry.npmjs.org/data-view-byte-length/-/data-view-byte-length-1.0.2.tgz 27566ms (cache miss)
2675 http fetch GET 200 https://registry.npmjs.org/data-view-buffer/-/data-view-buffer-1.0.2.tgz 27564ms (cache miss)
2676 http fetch GET 200 https://registry.npmjs.org/arraybuffer.prototype.slice/-/arraybuffer.prototype.slice-1.0.4.tgz 27436ms (cache miss)
2677 http fetch GET 200 https://registry.npmjs.org/object-keys/-/object-keys-1.1.1.tgz 27397ms (cache miss)
2678 http fetch GET 200 https://registry.npmjs.org/define-data-property/-/define-data-property-1.1.4.tgz 27392ms (cache miss)
2679 http fetch GET 200 https://registry.npmjs.org/language-tags/-/language-tags-1.0.9.tgz 27818ms (cache miss)
2680 timing reifyNode:node_modules/language-tags Completed in 30837ms
2681 timing reifyNode:node_modules/set-proto Completed in 30843ms
2682 timing reifyNode:node_modules/possible-typed-array-names Completed in 30863ms
2683 http fetch GET 200 https://registry.npmjs.org/es-define-property/-/es-define-property-1.0.1.tgz 27476ms (cache miss)
2684 http fetch GET 200 https://registry.npmjs.org/call-bind-apply-helpers/-/call-bind-apply-helpers-1.0.2.tgz 27473ms (cache miss)
2685 http fetch GET 200 https://registry.npmjs.org/set-function-length/-/set-function-length-1.2.2.tgz 27482ms (cache miss)
2686 timing reifyNode:node_modules/acorn Completed in 30909ms
2687 timing reifyNode:node_modules/is-set Completed in 30884ms
2688 timing reifyNode:node_modules/@typescript-eslint/types Completed in 31135ms
2689 http fetch GET 200 https://registry.npmjs.org/define-properties/-/define-properties-1.2.1.tgz 27657ms (cache miss)
2690 http fetch GET 200 https://registry.npmjs.org/has-property-descriptors/-/has-property-descriptors-1.0.2.tgz 27726ms (cache miss)
2691 http fetch GET 200 https://registry.npmjs.org/call-bound/-/call-bound-1.0.4.tgz 27659ms (cache miss)
2692 http fetch GET 200 https://registry.npmjs.org/merge2/-/merge2-1.4.1.tgz 27659ms (cache miss)
2693 timing reifyNode:node_modules/merge2 Completed in 31132ms
2694 http fetch GET 200 https://registry.npmjs.org/gopd/-/gopd-1.2.0.tgz 27655ms (cache miss)
2695 http fetch GET 200 https://registry.npmjs.org/string.prototype.trim/-/string.prototype.trim-1.2.10.tgz 28900ms (cache miss)
2696 http fetch GET 200 https://registry.npmjs.org/is-symbol/-/is-symbol-1.1.1.tgz 28079ms (cache miss)
2697 http fetch GET 200 https://registry.npmjs.org/ast-types-flow/-/ast-types-flow-0.0.8.tgz 28220ms (cache miss)
2698 http fetch GET 200 https://registry.npmjs.org/@eslint/object-schema/-/object-schema-2.1.7.tgz 27687ms (cache miss)
2699 http fetch GET 200 https://registry.npmjs.org/call-bind/-/call-bind-1.0.8.tgz 27828ms (cache miss)
2700 http fetch GET 200 https://registry.npmjs.org/object.groupby/-/object.groupby-1.0.3.tgz 27828ms (cache miss)
2701 http fetch GET 200 https://registry.npmjs.org/object.fromentries/-/object.fromentries-2.0.8.tgz 27826ms (cache miss)
2702 http fetch GET 200 https://registry.npmjs.org/import-fresh/-/import-fresh-3.3.1.tgz 27810ms (cache miss)
2703 timing reifyNode:node_modules/import-fresh Completed in 31271ms
2704 http fetch GET 200 https://registry.npmjs.org/@types/json-schema/-/json-schema-7.0.15.tgz 27810ms (cache miss)
2705 timing reifyNode:node_modules/@types/json-schema Completed in 31280ms
2706 timing reifyNode:node_modules/napi-postinstall Completed in 31590ms
2707 http fetch GET 200 https://registry.npmjs.org/es-to-primitive/-/es-to-primitive-1.3.0.tgz 28282ms (cache miss)
2708 timing reifyNode:node_modules/typed-array-length Completed in 31466ms
2709 http fetch GET 200 https://registry.npmjs.org/regexp.prototype.flags/-/regexp.prototype.flags-1.5.4.tgz 29231ms (cache miss)
2710 http fetch GET 200 https://registry.npmjs.org/available-typed-arrays/-/available-typed-arrays-1.0.7.tgz 28232ms (cache miss)
2711 http fetch GET 200 https://registry.npmjs.org/optionator/-/optionator-0.9.4.tgz 27970ms (cache miss)
2712 http fetch GET 200 https://registry.npmjs.org/strip-json-comments/-/strip-json-comments-3.1.1.tgz 28003ms (cache miss)
2713 timing reifyNode:node_modules/strip-json-comments Completed in 31448ms
2714 http fetch GET 200 https://registry.npmjs.org/typed-array-byte-offset/-/typed-array-byte-offset-1.0.4.tgz 28459ms (cache miss)
2715 timing reifyNode:node_modules/typed-array-byte-offset Completed in 31573ms
2716 http fetch GET 200 https://registry.npmjs.org/lodash.merge/-/lodash.merge-4.6.2.tgz 28142ms (cache miss)
2717 timing reifyNode:node_modules/lodash.merge Completed in 31626ms
2718 http fetch GET 200 https://registry.npmjs.org/json-stable-stringify-without-jsonify/-/json-stable-stringify-without-jsonify-1.0.1.tgz 28147ms (cache miss)
2719 http fetch GET 200 https://registry.npmjs.org/eslint-import-resolver-node/-/eslint-import-resolver-node-0.3.9.tgz 27868ms (cache miss)
2720 timing reifyNode:node_modules/eslint-import-resolver-node Completed in 31690ms
2721 timing reifyNode:node_modules/ast-types-flow Completed in 31857ms
2722 http fetch GET 200 https://registry.npmjs.org/which/-/which-2.0.2.tgz 27919ms (cache miss)
2723 timing reifyNode:node_modules/which Completed in 31752ms
2724 http fetch GET 200 https://registry.npmjs.org/shebang-command/-/shebang-command-2.0.0.tgz 27937ms (cache miss)
2725 timing reifyNode:node_modules/shebang-command Completed in 31774ms
2726 http fetch GET 200 https://registry.npmjs.org/is-glob/-/is-glob-4.0.3.tgz 28276ms (cache miss)
2727 timing reifyNode:node_modules/is-glob Completed in 31760ms
2728 http fetch GET 200 https://registry.npmjs.org/ignore/-/ignore-5.3.2.tgz 28278ms (cache miss)
2729 http fetch GET 200 https://registry.npmjs.org/glob-parent/-/glob-parent-6.0.2.tgz 28279ms (cache miss)
2730 timing reifyNode:node_modules/glob-parent Completed in 31768ms
2731 http fetch GET 200 https://registry.npmjs.org/array.prototype.flatmap/-/array.prototype.flatmap-1.3.3.tgz 28219ms (cache miss)
2732 http fetch GET 200 https://registry.npmjs.org/ms/-/ms-2.1.3.tgz 27979ms (cache miss)
2733 timing reifyNode:node_modules/ms Completed in 31803ms
2734 http fetch GET 200 https://registry.npmjs.org/fast-json-stable-stringify/-/fast-json-stable-stringify-2.1.0.tgz 27966ms (cache miss)
2735 http fetch GET 200 https://registry.npmjs.org/hasown/-/hasown-2.0.2.tgz 28354ms (cache miss)
2736 timing reifyNode:node_modules/hasown Completed in 31870ms
2737 http fetch GET 200 https://registry.npmjs.org/es-shim-unscopables/-/es-shim-unscopables-1.1.0.tgz 28520ms (cache miss)
2738 timing reifyNode:node_modules/es-set-tostringtag Completed in 31923ms
2739 timing reifyNode:node_modules/optionator Completed in 31910ms
2740 http fetch GET 200 https://registry.npmjs.org/array-includes/-/array-includes-3.1.9.tgz 28346ms (cache miss)
2741 http fetch GET 200 https://registry.npmjs.org/array.prototype.findlastindex/-/array.prototype.findlastindex-1.2.6.tgz 28350ms (cache miss)
2742 timing reifyNode:node_modules/define-properties Completed in 32110ms
2743 timing reifyNode:node_modules/has-property-descriptors Completed in 32141ms
2744 http fetch GET 200 https://registry.npmjs.org/globals/-/globals-14.0.0.tgz 28604ms (cache miss)
2745 http fetch GET 200 https://registry.npmjs.org/tinyglobby/-/tinyglobby-0.2.15.tgz 28501ms (cache miss)
2746 http fetch GET 200 https://registry.npmjs.org/is-bun-module/-/is-bun-module-2.0.0.tgz 28482ms (cache miss)
2747 http fetch GET 200 https://registry.npmjs.org/@rtsao/scc/-/scc-1.1.0.tgz 28515ms (cache miss)
2748 timing reifyNode:node_modules/@rtsao/scc Completed in 32160ms
2749 http fetch GET 200 https://registry.npmjs.org/stable-hash/-/stable-hash-0.0.5.tgz 28517ms (cache miss)
2750 timing reifyNode:node_modules/stable-hash Completed in 32166ms
2751 http fetch GET 200 https://registry.npmjs.org/@nolyfill/is-core-module/-/is-core-module-1.0.39.tgz 28601ms (cache miss)
2752 timing reifyNode:node_modules/@nolyfill/is-core-module Completed in 32271ms
2753 http fetch GET 200 https://registry.npmjs.org/typescript-eslint/-/typescript-eslint-8.48.1.tgz 28600ms (cache miss)
2754 http fetch GET 200 https://registry.npmjs.org/array-buffer-byte-length/-/array-buffer-byte-length-1.0.2.tgz 29028ms (cache miss)
2755 timing reifyNode:node_modules/array-buffer-byte-length Completed in 32329ms
2756 http fetch GET 200 https://registry.npmjs.org/is-date-object/-/is-date-object-1.1.0.tgz 29339ms (cache miss)
2757 http fetch GET 200 https://registry.npmjs.org/get-intrinsic/-/get-intrinsic-1.3.0.tgz 29102ms (cache miss)
2758 http fetch GET 200 https://registry.npmjs.org/ts-api-utils/-/ts-api-utils-2.1.0.tgz 30404ms (cache miss)
2759 http fetch GET 200 https://registry.npmjs.org/prop-types/-/prop-types-15.8.1.tgz 29577ms (cache miss)
2760 http fetch GET 200 https://registry.npmjs.org/fast-deep-equal/-/fast-deep-equal-3.1.3.tgz 28585ms (cache miss)
2761 http fetch GET 200 https://registry.npmjs.org/supports-color/-/supports-color-7.2.0.tgz 28580ms (cache miss)
2762 timing reifyNode:node_modules/supports-color Completed in 32459ms
2763 http fetch GET 200 https://registry.npmjs.org/find-up/-/find-up-5.0.0.tgz 28618ms (cache miss)
2764 timing reifyNode:node_modules/find-up Completed in 32450ms
2765 http fetch GET 200 https://registry.npmjs.org/levn/-/levn-0.4.1.tgz 28630ms (cache miss)
2766 timing reifyNode:node_modules/levn Completed in 32465ms
2767 http fetch GET 200 https://registry.npmjs.org/array.prototype.flat/-/array.prototype.flat-1.3.3.tgz 28903ms (cache miss)
2768 timing reifyNode:node_modules/string.prototype.repeat Completed in 32600ms
2769 timing reifyNode:node_modules/is-bun-module Completed in 32538ms
2770 timing reifyNode:node_modules/string.prototype.trimend Completed in 32582ms
2771 http fetch GET 200 https://registry.npmjs.org/natural-compare/-/natural-compare-1.4.0.tgz 29042ms (cache miss)
2772 timing reifyNode:node_modules/natural-compare Completed in 32514ms
2773 http fetch GET 200 https://registry.npmjs.org/escape-string-regexp/-/escape-string-regexp-4.0.0.tgz 28638ms (cache miss)
2774 timing reifyNode:node_modules/escape-string-regexp Completed in 32510ms
2775 http fetch GET 200 https://registry.npmjs.org/is-core-module/-/is-core-module-2.16.1.tgz 28914ms (cache miss)
2776 http fetch GET 200 https://registry.npmjs.org/@humanwhocodes/module-importer/-/module-importer-1.0.1.tgz 28620ms (cache miss)
2777 http fetch GET 200 https://registry.npmjs.org/@types/estree/-/estree-1.0.8.tgz 28627ms (cache miss)
2778 timing reifyNode:node_modules/@types/estree Completed in 32514ms
2779 timing reifyNode:node_modules/call-bound Completed in 32618ms
2780 timing reifyNode:node_modules/is-array-buffer Completed in 32714ms
2781 timing reifyNode:node_modules/string.prototype.trim Completed in 32748ms
2782 timing reifyNode:node_modules/ignore Completed in 32631ms
2783 timing reifyNode:node_modules/is-symbol Completed in 32811ms
2784 http fetch GET 200 https://registry.npmjs.org/minimatch/-/minimatch-3.1.2.tgz 29279ms (cache miss)
2785 timing reifyNode:node_modules/minimatch Completed in 32754ms
2786 http fetch GET 200 https://registry.npmjs.org/imurmurhash/-/imurmurhash-0.1.4.tgz 29299ms (cache miss)
2787 timing reifyNode:node_modules/imurmurhash Completed in 32787ms
2788 http fetch GET 200 https://registry.npmjs.org/esutils/-/esutils-2.0.3.tgz 28993ms (cache miss)
2789 http fetch GET 200 https://registry.npmjs.org/file-entry-cache/-/file-entry-cache-8.0.0.tgz 29015ms (cache miss)
2790 timing reifyNode:node_modules/file-entry-cache Completed in 32856ms
2791 http fetch GET 200 https://registry.npmjs.org/graceful-fs/-/graceful-fs-4.2.11.tgz 28903ms (cache miss)
2792 timing reifyNode:node_modules/graceful-fs Completed in 32847ms
2793 http fetch GET 200 https://registry.npmjs.org/unrs-resolver/-/unrs-resolver-1.11.1.tgz 29371ms (cache miss)
2794 timing reifyNode:node_modules/unrs-resolver Completed in 33020ms
2795 timing reifyNode:node_modules/get-intrinsic Completed in 33037ms
2796 timing reifyNode:node_modules/tinyglobby Completed in 33046ms
2797 timing reifyNode:node_modules/unbox-primitive Completed in 33100ms
2798 timing reifyNode:node_modules/regexp.prototype.flags Completed in 33097ms
2799 timing reifyNode:node_modules/data-view-byte-length Completed in 33088ms
2800 timing reifyNode:node_modules/data-view-byte-offset Completed in 33096ms
2801 timing reifyNode:node_modules/available-typed-arrays Completed in 33094ms
2802 timing reifyNode:node_modules/data-view-buffer Completed in 33101ms
2803 http fetch GET 200 https://registry.npmjs.org/@humanwhocodes/retry/-/retry-0.4.3.tgz 29181ms (cache miss)
2804 http fetch GET 200 https://registry.npmjs.org/@eslint/config-helpers/-/config-helpers-0.4.2.tgz 29141ms (cache miss)
2805 http fetch GET 200 https://registry.npmjs.org/debug/-/debug-4.4.3.tgz 29210ms (cache miss)
2806 timing reifyNode:node_modules/debug Completed in 33087ms
2807 http fetch GET 200 https://registry.npmjs.org/@babel/helper-compilation-targets/-/helper-compilation-targets-7.27.2.tgz 30370ms (cache miss)
2808 timing reifyNode:node_modules/internal-slot Completed in 33255ms
2809 timing reifyNode:node_modules/es-define-property Completed in 33257ms
2810 timing reifyNode:node_modules/set-function-length Completed in 33308ms
2811 http fetch GET 200 https://registry.npmjs.org/chalk/-/chalk-4.1.2.tgz 29348ms (cache miss)
2812 timing reifyNode:node_modules/chalk Completed in 33228ms
2813 timing reifyNode:node_modules/esutils Completed in 33292ms
2814 timing reifyNode:node_modules/es-shim-unscopables Completed in 33426ms
2815 timing reifyNode:node_modules/globals Completed in 33357ms
2816 timing reifyNode:node_modules/ts-api-utils Completed in 33624ms
2817 http fetch GET 200 https://registry.npmjs.org/@alloc/quick-lru/-/quick-lru-5.2.0.tgz 29326ms (cache miss)
2818 timing reifyNode:node_modules/@alloc/quick-lru Completed in 33341ms
2819 http fetch GET 200 https://registry.npmjs.org/@tailwindcss/oxide/-/oxide-4.1.17.tgz 29339ms (cache miss)
2820 timing reifyNode:node_modules/@tailwindcss/oxide Completed in 33348ms
2821 timing reifyNode:node_modules/is-string Completed in 33482ms
2822 timing reifyNode:node_modules/object-keys Completed in 33531ms
2823 http fetch GET 200 https://registry.npmjs.org/cross-spawn/-/cross-spawn-7.0.6.tgz 29581ms (cache miss)
2824 timing reifyNode:node_modules/cross-spawn Completed in 33458ms
2825 http fetch GET 200 https://registry.npmjs.org/eslint-visitor-keys/-/eslint-visitor-keys-4.2.1.tgz 29600ms (cache miss)
2826 http fetch GET 200 https://registry.npmjs.org/has-proto/-/has-proto-1.2.0.tgz 30553ms (cache miss)
2827 timing reifyNode:node_modules/get-symbol-description Completed in 33677ms
2828 timing reifyNode:node_modules/is-date-object Completed in 33732ms
2829 http fetch GET 200 https://registry.npmjs.org/@eslint/js/-/js-9.39.1.tgz 29679ms (cache miss)
2830 http fetch GET 200 https://registry.npmjs.org/eslint-import-resolver-typescript/-/eslint-import-resolver-typescript-3.10.1.tgz 29951ms (cache miss)
2831 timing reifyNode:node_modules/prop-types Completed in 33896ms
2832 http fetch GET 200 https://registry.npmjs.org/brace-expansion/-/brace-expansion-2.0.2.tgz 29664ms (cache miss)
2833 timing reifyNode:node_modules/@typescript-eslint/typescript-estree/node_modules/brace-expansion Completed in 34028ms
2834 timing reifyNode:node_modules/which-typed-array Completed in 33924ms
2835 timing reifyNode:node_modules/is-core-module Completed in 33924ms
2836 timing reifyNode:node_modules/define-data-property Completed in 33978ms
2837 http fetch GET 200 https://registry.npmjs.org/@humanfs/node/-/node-0.16.7.tgz 29990ms (cache miss)
2838 timing reifyNode:node_modules/gopd Completed in 34058ms
2839 http fetch GET 200 https://registry.npmjs.org/get-proto/-/get-proto-1.0.1.tgz 30951ms (cache miss)
2840 http fetch GET 200 https://registry.npmjs.org/doctrine/-/doctrine-2.1.0.tgz 30457ms (cache miss)
2841 timing reifyNode:node_modules/call-bind Completed in 34157ms
2842 timing reifyNode:node_modules/fast-deep-equal Completed in 34088ms
2843 timing reifyNode:node_modules/array.prototype.tosorted Completed in 34293ms
2844 http fetch GET 200 https://registry.npmjs.org/@jridgewell/resolve-uri/-/resolve-uri-3.1.2.tgz 30198ms (cache miss)
2845 timing reifyNode:node_modules/arraybuffer.prototype.slice Completed in 34282ms
2846 http fetch GET 200 https://registry.npmjs.org/es-object-atoms/-/es-object-atoms-1.1.1.tgz 30882ms (cache miss)
2847 http fetch GET 200 https://registry.npmjs.org/eslint-visitor-keys/-/eslint-visitor-keys-3.4.3.tgz 30028ms (cache miss)
2848 http fetch GET 200 https://registry.npmjs.org/ignore/-/ignore-7.0.5.tgz 30077ms (cache miss)
2849 http fetch GET 200 https://registry.npmjs.org/eslint-config-next/-/eslint-config-next-16.0.7.tgz 30118ms (cache miss)
2850 timing reifyNode:node_modules/eslint-config-next Completed in 34156ms
2851 timing reifyNode:node_modules/@humanwhocodes/module-importer Completed in 34192ms
2852 timing reifyNode:node_modules/typescript-eslint Completed in 34272ms
2853 timing reifyNode:node_modules/@babel/helper-compilation-targets Completed in 34354ms
2854 timing reifyNode:node_modules/@eslint/js Completed in 34217ms
2855 timing reifyNode:node_modules/function-bind Completed in 34330ms
2856 http fetch GET 200 https://registry.npmjs.org/@types/react-dom/-/react-dom-19.2.3.tgz 30163ms (cache miss)
2857 http fetch GET 200 https://registry.npmjs.org/fdir/-/fdir-6.5.0.tgz 30112ms (cache miss)
2858 timing reifyNode:node_modules/object.fromentries Completed in 34348ms
2859 http fetch GET 200 https://registry.npmjs.org/object.values/-/object.values-1.2.1.tgz 30843ms (cache miss)
2860 timing reifyNode:node_modules/eslint-visitor-keys Completed in 34274ms
2861 http fetch GET 200 https://registry.npmjs.org/semver/-/semver-6.3.1.tgz 30097ms (cache miss)
2862 timing reifyNode:node_modules/has-proto Completed in 34431ms
2863 timing reifyNode:node_modules/globalthis Completed in 34436ms
2864 timing reifyNode:node_modules/eslint-import-resolver-typescript Completed in 34381ms
2865 http fetch GET 200 https://registry.npmjs.org/picomatch/-/picomatch-4.0.3.tgz 30236ms (cache miss)
2866 timing reifyNode:node_modules/tinyglobby/node_modules/fdir Completed in 34457ms
2867 timing reifyNode:node_modules/has-tostringtag Completed in 34519ms
2868 timing reifyNode:node_modules/string.prototype.matchall Completed in 34533ms
2869 timing reifyNode:node_modules/semver Completed in 34563ms
2870 http fetch GET 200 https://registry.npmjs.org/@eslint/core/-/core-0.17.0.tgz 30570ms (cache miss)
2871 http fetch GET 200 https://registry.npmjs.org/glob-parent/-/glob-parent-5.1.2.tgz 30368ms (cache miss)
2872 timing reifyNode:node_modules/fast-glob/node_modules/glob-parent Completed in 34592ms
2873 timing reifyNode:node_modules/@humanfs/node Completed in 34524ms
2874 http fetch GET 200 https://registry.npmjs.org/@tailwindcss/postcss/-/postcss-4.1.17.tgz 30435ms (cache miss)
2875 http fetch GET 200 https://registry.npmjs.org/object.assign/-/object.assign-4.1.7.tgz 32428ms (cache miss)
2876 http fetch GET 200 https://registry.npmjs.org/espree/-/espree-10.4.0.tgz 30698ms (cache miss)
2877 http fetch GET 200 https://registry.npmjs.org/debug/-/debug-3.2.7.tgz 30575ms (cache miss)
2878 timing reifyNode:node_modules/get-proto Completed in 34831ms
2879 http fetch GET 200 https://registry.npmjs.org/minimist/-/minimist-1.2.8.tgz 32672ms (cache miss)
2880 timing reifyNode:node_modules/doctrine Completed in 34821ms
2881 http fetch GET 200 https://registry.npmjs.org/@humanfs/core/-/core-0.19.1.tgz 31034ms (cache miss)
2882 timing reifyNode:node_modules/object.entries Completed in 34997ms
2883 timing reifyNode:node_modules/array.prototype.findlast Completed in 34997ms
2884 timing reifyNode:node_modules/@jridgewell/resolve-uri Completed in 34882ms
2885 timing reifyNode:node_modules/@typescript-eslint/eslint-plugin/node_modules/ignore Completed in 35163ms
2886 timing reifyNode:node_modules/es-object-atoms Completed in 35067ms
2887 timing reifyNode:node_modules/tinyglobby/node_modules/picomatch Completed in 35122ms
2888 timing reifyNode:node_modules/object.values Completed in 35194ms
2889 timing reifyNode:node_modules/object.groupby Completed in 35195ms
2890 timing reifyNode:node_modules/@eslint/core Completed in 35126ms
2891 timing reifyNode:node_modules/espree Completed in 35172ms
2892 http fetch GET 200 https://registry.npmjs.org/get-tsconfig/-/get-tsconfig-4.13.0.tgz 31651ms (cache miss)
2893 timing reifyNode:node_modules/eslint-module-utils/node_modules/debug Completed in 35336ms
2894 timing reifyNode:node_modules/json-stable-stringify-without-jsonify Completed in 35258ms
2895 http fetch GET 200 https://registry.npmjs.org/debug/-/debug-3.2.7.tgz 31113ms (cache miss)
2896 timing reifyNode:node_modules/eslint-plugin-import/node_modules/debug Completed in 35319ms
2897 http fetch GET 200 https://registry.npmjs.org/debug/-/debug-3.2.7.tgz 31115ms (cache miss)
2898 timing reifyNode:node_modules/eslint-import-resolver-node/node_modules/debug Completed in 35321ms
2899 timing reifyNode:node_modules/has-symbols Completed in 35398ms
2900 timing reifyNode:node_modules/@eslint/object-schema Completed in 35294ms
2901 timing reifyNode:node_modules/array.prototype.flat Completed in 35427ms
2902 timing reifyNode:node_modules/array.prototype.findlastindex Completed in 35434ms
2903 timing reifyNode:node_modules/@eslint-community/eslint-utils/node_modules/eslint-visitor-keys Completed in 35361ms
2904 timing reifyNode:node_modules/@tailwindcss/postcss Completed in 35357ms
2905 timing reifyNode:node_modules/object.assign Completed in 35520ms
2906 timing reifyNode:node_modules/@humanwhocodes/retry Completed in 35460ms
2907 http fetch GET 200 https://registry.npmjs.org/@babel/template/-/template-7.27.2.tgz 32735ms (cache miss)
2908 timing reifyNode:node_modules/minimist Completed in 35767ms
2909 timing reifyNode:node_modules/@humanfs/core Completed in 35637ms
2910 timing reifyNode:node_modules/array-includes Completed in 35710ms
2911 http fetch GET 200 https://registry.npmjs.org/@nodelib/fs.stat/-/fs.stat-2.0.5.tgz 32329ms (cache miss)
2912 timing reifyNode:node_modules/@eslint/config-helpers Completed in 35665ms
2913 timing reifyNode:node_modules/string.prototype.includes Completed in 35864ms
2914 timing reifyNode:node_modules/emoji-regex Completed in 35868ms
2915 timing reifyNode:node_modules/fast-json-stable-stringify Completed in 35824ms
2916 timing reifyNode:node_modules/get-tsconfig Completed in 35978ms
2917 timing reifyNode:node_modules/function.prototype.name Completed in 36103ms
2918 timing reifyNode:node_modules/call-bind-apply-helpers Completed in 36093ms
2919 timing reifyNode:node_modules/array.prototype.flatmap Completed in 36079ms
2920 timing reifyNode:node_modules/@babel/template Completed in 36231ms
2921 http fetch GET 200 https://registry.npmjs.org/json5/-/json5-1.0.2.tgz 31972ms (cache miss)
2922 timing reifyNode:node_modules/@types/react-dom Completed in 36067ms
2923 http fetch GET 200 https://registry.npmjs.org/globals/-/globals-16.4.0.tgz 31996ms (cache miss)
2924 timing reifyNode:node_modules/es-errors Completed in 36282ms
2925 http fetch GET 200 https://registry.npmjs.org/@tailwindcss/node/-/node-4.1.17.tgz 31608ms (cache miss)
2926 timing reifyNode:node_modules/@nodelib/fs.stat Completed in 36372ms
2927 http fetch GET 200 https://registry.npmjs.org/@eslint/plugin-kit/-/plugin-kit-0.4.1.tgz 32315ms (cache miss)
2928 http fetch GET 200 https://registry.npmjs.org/@babel/helper-module-transforms/-/helper-module-transforms-7.28.3.tgz 33486ms (cache miss)
2929 timing reifyNode:node_modules/eslint-config-next/node_modules/globals Completed in 36573ms
2930 http fetch GET 200 https://registry.npmjs.org/tapable/-/tapable-2.3.0.tgz 32705ms (cache miss)
2931 timing reifyNode:node_modules/tsconfig-paths/node_modules/json5 Completed in 36825ms
2932 http fetch GET 200 https://registry.npmjs.org/sharp/-/sharp-0.34.5.tgz 35822ms (cache miss)
2933 timing reifyNode:node_modules/@tailwindcss/node Completed in 36795ms
2934 timing reifyNode:node_modules/@eslint/plugin-kit Completed in 36914ms
2935 timing reifyNode:node_modules/@babel/helper-module-transforms Completed in 37093ms
2936 timing reifyNode:node_modules/sharp Completed in 37213ms
2937 http fetch GET 200 https://registry.npmjs.org/zod-validation-error/-/zod-validation-error-4.0.2.tgz 34274ms (cache miss)
2938 timing reifyNode:node_modules/tapable Completed in 37206ms
2939 timing reifyNode:node_modules/es-to-primitive Completed in 37329ms
2940 http fetch GET 200 https://registry.npmjs.org/json5/-/json5-2.2.3.tgz 34740ms (cache miss)
2941 http fetch GET 200 https://registry.npmjs.org/eslint-scope/-/eslint-scope-8.4.0.tgz 33662ms (cache miss)
2942 http fetch GET 200 https://registry.npmjs.org/source-map-js/-/source-map-js-1.2.1.tgz 33659ms (cache miss)
2943 timing reifyNode:node_modules/zod-validation-error Completed in 37921ms
2944 timing reifyNode:node_modules/eslint-scope Completed in 37963ms
2945 timing reifyNode:node_modules/json5 Completed in 38285ms
2946 timing reifyNode:node_modules/source-map-js Completed in 38155ms
2947 http fetch GET 200 https://registry.npmjs.org/eslint-module-utils/-/eslint-module-utils-2.12.1.tgz 34779ms (cache miss)
2948 http fetch GET 200 https://registry.npmjs.org/object-inspect/-/object-inspect-1.13.4.tgz 36330ms (cache miss)
2949 http fetch GET 200 https://registry.npmjs.org/@typescript-eslint/type-utils/-/type-utils-8.48.1.tgz 36517ms (cache miss)
2950 http fetch GET 200 https://registry.npmjs.org/@jridgewell/sourcemap-codec/-/sourcemap-codec-1.5.5.tgz 34641ms (cache miss)
2951 timing reifyNode:node_modules/eslint-module-utils Completed in 38864ms
2952 http fetch GET 200 https://registry.npmjs.org/math-intrinsics/-/math-intrinsics-1.1.0.tgz 35543ms (cache miss)
2953 timing reifyNode:node_modules/object-inspect Completed in 38962ms
2954 http fetch GET 200 https://registry.npmjs.org/styled-jsx/-/styled-jsx-5.1.6.tgz 37873ms (cache miss)
2955 http fetch GET 200 https://registry.npmjs.org/@jridgewell/remapping/-/remapping-2.3.5.tgz 34897ms (cache miss)
2956 http fetch GET 200 https://registry.npmjs.org/@eslint-community/regexpp/-/regexpp-4.12.2.tgz 35002ms (cache miss)
2957 timing reifyNode:node_modules/@typescript-eslint/type-utils Completed in 39289ms
2958 timing reifyNode:node_modules/@jridgewell/sourcemap-codec Completed in 39096ms
2959 timing reifyNode:node_modules/math-intrinsics Completed in 39421ms
2960 http fetch GET 200 https://registry.npmjs.org/magic-string/-/magic-string-0.30.21.tgz 35424ms (cache miss)
2961 timing reifyNode:node_modules/styled-jsx Completed in 39659ms
2962 timing reifyNode:node_modules/@jridgewell/remapping Completed in 39439ms
2963 timing reifyNode:node_modules/@eslint-community/regexpp Completed in 39473ms
2964 http fetch GET 200 https://registry.npmjs.org/@eslint-community/eslint-utils/-/eslint-utils-4.9.0.tgz 35567ms (cache miss)
2965 timing reifyNode:node_modules/magic-string Completed in 39828ms
2966 timing reifyNode:node_modules/@eslint-community/eslint-utils Completed in 39919ms
2967 http fetch GET 200 https://registry.npmjs.org/@jridgewell/gen-mapping/-/gen-mapping-0.3.13.tgz 36415ms (cache miss)
2968 http fetch GET 200 https://registry.npmjs.org/react/-/react-19.2.0.tgz 36387ms (cache miss)
2969 http fetch GET 200 https://registry.npmjs.org/@types/react/-/react-19.2.7.tgz 36524ms (cache miss)
2970 timing reifyNode:node_modules/@types/react Completed in 40573ms
2971 timing reifyNode:node_modules/react Completed in 40595ms
2972 http fetch GET 200 https://registry.npmjs.org/undici-types/-/undici-types-6.21.0.tgz 36676ms (cache miss)
2973 http fetch GET 200 https://registry.npmjs.org/lightningcss/-/lightningcss-1.30.2.tgz 36690ms (cache miss)
2974 timing reifyNode:node_modules/@jridgewell/gen-mapping Completed in 40713ms
2975 http fetch GET 200 https://registry.npmjs.org/graphemer/-/graphemer-1.4.0.tgz 38878ms (cache miss)
2976 timing reifyNode:node_modules/undici-types Completed in 40942ms
2977 timing reifyNode:node_modules/lightningcss Completed in 40959ms
2978 http fetch GET 200 https://registry.npmjs.org/@eslint/config-array/-/config-array-0.21.1.tgz 37072ms (cache miss)
2979 timing reifyNode:node_modules/graphemer Completed in 41466ms
2980 timing reifyNode:node_modules/@eslint/config-array Completed in 41387ms
2981 http fetch GET 200 https://registry.npmjs.org/language-subtag-registry/-/language-subtag-registry-0.3.23.tgz 41030ms (cache miss)
2982 http fetch GET 200 https://registry.npmjs.org/semver/-/semver-7.7.3.tgz 38041ms (cache miss)
2983 http fetch GET 200 https://registry.npmjs.org/semver/-/semver-7.7.3.tgz 38135ms (cache miss)
2984 http fetch GET 200 https://registry.npmjs.org/semver/-/semver-7.7.3.tgz 38114ms (cache miss)
2985 timing reifyNode:node_modules/language-subtag-registry Completed in 42503ms
2986 http fetch GET 200 https://registry.npmjs.org/@next/eslint-plugin-next/-/eslint-plugin-next-16.0.7.tgz 38581ms (cache miss)
2987 timing reifyNode:node_modules/@typescript-eslint/typescript-estree/node_modules/semver Completed in 42684ms
2988 timing reifyNode:node_modules/sharp/node_modules/semver Completed in 42745ms
2989 timing reifyNode:node_modules/is-bun-module/node_modules/semver Completed in 42613ms
2990 http fetch GET 200 https://registry.npmjs.org/@jridgewell/trace-mapping/-/trace-mapping-0.3.31.tgz 38541ms (cache miss)
2991 timing reifyNode:node_modules/@next/eslint-plugin-next Completed in 42590ms
2992 timing reifyNode:node_modules/@jridgewell/trace-mapping Completed in 42740ms
2993 http fetch GET 200 https://registry.npmjs.org/enhanced-resolve/-/enhanced-resolve-5.18.3.tgz 38816ms (cache miss)
2994 http fetch GET 200 https://registry.npmjs.org/js-yaml/-/js-yaml-4.1.1.tgz 39532ms (cache miss)
2995 timing reifyNode:node_modules/js-yaml Completed in 42995ms
2996 timing reifyNode:node_modules/enhanced-resolve Completed in 42979ms
2997 http fetch GET 200 https://registry.npmjs.org/postcss/-/postcss-8.5.6.tgz 39419ms (cache miss)
2998 http fetch GET 200 https://registry.npmjs.org/fast-glob/-/fast-glob-3.3.1.tgz 39939ms (cache miss)
2999 http fetch GET 200 https://registry.npmjs.org/uri-js/-/uri-js-4.4.1.tgz 41395ms (cache miss)
3000 timing reifyNode:node_modules/postcss Completed in 43712ms
3001 http fetch GET 200 https://registry.npmjs.org/postcss/-/postcss-8.4.31.tgz 39570ms (cache miss)
3002 timing reifyNode:node_modules/fast-glob Completed in 43897ms
3003 http fetch GET 200 https://registry.npmjs.org/esquery/-/esquery-1.6.0.tgz 40000ms (cache miss)
3004 timing reifyNode:node_modules/uri-js Completed in 43924ms
3005 http fetch GET 200 https://registry.npmjs.org/csstype/-/csstype-3.2.3.tgz 39956ms (cache miss)
3006 timing reifyNode:node_modules/next/node_modules/postcss Completed in 43951ms
3007 timing reifyNode:node_modules/esquery Completed in 44027ms
3008 timing reifyNode:node_modules/csstype Completed in 44089ms
3009 http fetch GET 200 https://registry.npmjs.org/@tybys/wasm-util/-/wasm-util-0.10.1.tgz 42270ms (cache miss)
3010 timing reifyNode:node_modules/@tybys/wasm-util Completed in 44609ms
3011 http fetch GET 200 https://registry.npmjs.org/tailwindcss/-/tailwindcss-4.1.17.tgz 40380ms (cache miss)
3012 http fetch GET 200 https://registry.npmjs.org/@eslint/eslintrc/-/eslintrc-3.3.3.tgz 40594ms (cache miss)
3013 timing reifyNode:node_modules/tailwindcss Completed in 44627ms
3014 timing reifyNode:node_modules/@eslint/eslintrc Completed in 44735ms
3015 http fetch GET 200 https://registry.npmjs.org/@babel/generator/-/generator-7.28.5.tgz 42220ms (cache miss)
3016 http fetch GET 200 https://registry.npmjs.org/minimatch/-/minimatch-9.0.5.tgz 41049ms (cache miss)
3017 timing reifyNode:node_modules/@babel/generator Completed in 45309ms
3018 http fetch GET 200 https://registry.npmjs.org/@emnapi/core/-/core-1.7.1.tgz 43242ms (cache miss)
3019 timing reifyNode:node_modules/@emnapi/core Completed in 45481ms
3020 timing reifyNode:node_modules/@typescript-eslint/typescript-estree/node_modules/minimatch Completed in 45501ms
3021 http fetch GET 200 https://registry.npmjs.org/@typescript-eslint/utils/-/utils-8.48.1.tgz 43505ms (cache miss)
3022 http fetch GET 200 https://registry.npmjs.org/tsconfig-paths/-/tsconfig-paths-3.15.0.tgz 41349ms (cache miss)
3023 http fetch GET 200 https://registry.npmjs.org/@typescript-eslint/typescript-estree/-/typescript-estree-8.48.1.tgz 43670ms (cache miss)
3024 timing reifyNode:node_modules/@typescript-eslint/utils Completed in 45996ms
3025 timing reifyNode:node_modules/tsconfig-paths Completed in 45839ms
3026 timing reifyNode:node_modules/@typescript-eslint/typescript-estree Completed in 46175ms
3027 http fetch GET 200 https://registry.npmjs.org/@babel/traverse/-/traverse-7.28.5.tgz 43836ms (cache miss)
3028 timing reifyNode:node_modules/@babel/traverse Completed in 46879ms
3029 http fetch GET 200 https://registry.npmjs.org/hermes-parser/-/hermes-parser-0.25.1.tgz 44014ms (cache miss)
3030 timing reifyNode:node_modules/hermes-parser Completed in 47158ms
3031 http fetch GET 200 https://registry.npmjs.org/jiti/-/jiti-2.6.1.tgz 43191ms (cache miss)
3032 timing reifyNode:node_modules/jiti Completed in 47301ms
3033 http fetch GET 200 https://registry.npmjs.org/axobject-query/-/axobject-query-4.1.0.tgz 44467ms (cache miss)
3034 http fetch GET 200 https://registry.npmjs.org/@babel/parser/-/parser-7.28.5.tgz 44609ms (cache miss)
3035 timing reifyNode:node_modules/@babel/parser Completed in 47548ms
3036 http fetch GET 200 https://registry.npmjs.org/jsx-ast-utils/-/jsx-ast-utils-3.3.5.tgz 44530ms (cache miss)
3037 timing reifyNode:node_modules/axobject-query Completed in 47606ms
3038 timing reifyNode:node_modules/jsx-ast-utils Completed in 47759ms
3039 http fetch GET 200 https://registry.npmjs.org/@unrs/resolver-binding-linux-x64-musl/-/resolver-binding-linux-x64-musl-1.11.1.tgz 45866ms (cache miss)
3040 timing reifyNode:node_modules/@unrs/resolver-binding-linux-x64-musl Completed in 48099ms
3041 http fetch GET 200 https://registry.npmjs.org/@unrs/resolver-binding-linux-x64-gnu/-/resolver-binding-linux-x64-gnu-1.11.1.tgz 46540ms (cache miss)
3042 timing reifyNode:node_modules/@unrs/resolver-binding-linux-x64-gnu Completed in 48779ms
3043 http fetch GET 200 https://registry.npmjs.org/es-iterator-helpers/-/es-iterator-helpers-1.2.1.tgz 46516ms (cache miss)
3044 timing reifyNode:node_modules/es-iterator-helpers Completed in 49696ms
3045 http fetch GET 200 https://registry.npmjs.org/ajv/-/ajv-6.12.6.tgz 45899ms (cache miss)
3046 timing reifyNode:node_modules/ajv Completed in 49884ms
3047 http fetch GET 200 https://registry.npmjs.org/aria-query/-/aria-query-5.3.2.tgz 46749ms (cache miss)
3048 timing reifyNode:node_modules/aria-query Completed in 50193ms
3049 http fetch GET 200 https://registry.npmjs.org/resolve/-/resolve-1.22.11.tgz 47630ms (cache miss)
3050 timing reifyNode:node_modules/resolve Completed in 51332ms
3051 http fetch GET 200 https://registry.npmjs.org/resolve/-/resolve-2.0.0-next.5.tgz 47380ms (cache miss)
3052 timing reifyNode:node_modules/eslint-plugin-react/node_modules/resolve Completed in 51689ms
3053 http fetch GET 200 https://registry.npmjs.org/@tailwindcss/oxide-linux-x64-gnu/-/oxide-linux-x64-gnu-4.1.17.tgz 47637ms (cache miss)
3054 timing reifyNode:node_modules/@tailwindcss/oxide-linux-x64-gnu Completed in 51636ms
3055 http fetch GET 200 https://registry.npmjs.org/axe-core/-/axe-core-4.11.0.tgz 48798ms (cache miss)
3056 http fetch GET 200 https://registry.npmjs.org/@tailwindcss/oxide-linux-x64-musl/-/oxide-linux-x64-musl-4.1.17.tgz 47787ms (cache miss)
3057 timing reifyNode:node_modules/axe-core Completed in 51953ms
3058 http fetch GET 200 https://registry.npmjs.org/@babel/core/-/core-7.28.5.tgz 49068ms (cache miss)
3059 timing reifyNode:node_modules/@tailwindcss/oxide-linux-x64-musl Completed in 51874ms
3060 timing reifyNode:node_modules/@babel/core Completed in 52061ms
3061 http fetch GET 200 https://registry.npmjs.org/@types/node/-/node-20.19.25.tgz 48200ms (cache miss)
3062 timing reifyNode:node_modules/@types/node Completed in 52394ms
3063 http fetch GET 200 https://registry.npmjs.org/eslint-plugin-import/-/eslint-plugin-import-2.32.0.tgz 50655ms (cache miss)
3064 timing reifyNode:node_modules/eslint-plugin-import Completed in 54492ms
3065 http fetch GET 200 https://registry.npmjs.org/eslint-plugin-react-hooks/-/eslint-plugin-react-hooks-7.0.1.tgz 50921ms (cache miss)
3066 timing reifyNode:node_modules/eslint-plugin-react-hooks Completed in 54840ms
3067 http fetch GET 200 https://registry.npmjs.org/@babel/helpers/-/helpers-7.28.4.tgz 53475ms (cache miss)
3068 timing reifyNode:node_modules/@babel/helpers Completed in 56517ms
3069 http fetch GET 200 https://registry.npmjs.org/eslint-plugin-jsx-a11y/-/eslint-plugin-jsx-a11y-6.10.2.tgz 53251ms (cache miss)
3070 timing reifyNode:node_modules/eslint-plugin-jsx-a11y Completed in 57032ms
3071 http fetch GET 200 https://registry.npmjs.org/@typescript-eslint/scope-manager/-/scope-manager-8.48.1.tgz 55147ms (cache miss)
3072 timing reifyNode:node_modules/@typescript-eslint/scope-manager Completed in 57562ms
3073 http fetch GET 200 https://registry.npmjs.org/@babel/types/-/types-7.28.5.tgz 56698ms (cache miss)
3074 timing reifyNode:node_modules/@babel/types Completed in 59687ms
3075 http fetch GET 200 https://registry.npmjs.org/@napi-rs/wasm-runtime/-/wasm-runtime-0.2.12.tgz 59181ms (cache miss)
3076 timing reifyNode:node_modules/@napi-rs/wasm-runtime Completed in 61465ms
3077 http fetch GET 200 https://registry.npmjs.org/eslint-plugin-react/-/eslint-plugin-react-7.37.5.tgz 58252ms (cache miss)
3078 timing reifyNode:node_modules/eslint-plugin-react Completed in 61974ms
3079 http fetch GET 200 https://registry.npmjs.org/react-dom/-/react-dom-19.2.0.tgz 58363ms (cache miss)
3080 timing reifyNode:node_modules/react-dom Completed in 62479ms
3081 http fetch GET 200 https://registry.npmjs.org/lightningcss-linux-x64-gnu/-/lightningcss-linux-x64-gnu-1.30.2.tgz 64151ms (cache miss)
3082 timing reifyNode:node_modules/lightningcss-linux-x64-gnu Completed in 65382ms
3083 http fetch GET 200 https://registry.npmjs.org/lightningcss-linux-x64-musl/-/lightningcss-linux-x64-musl-1.30.2.tgz 64130ms (cache miss)
3084 timing reifyNode:node_modules/lightningcss-linux-x64-musl Completed in 65389ms
3085 http fetch GET 200 https://registry.npmjs.org/@typescript-eslint/eslint-plugin/-/eslint-plugin-8.48.1.tgz 63927ms (cache miss)
3086 timing reifyNode:node_modules/@typescript-eslint/eslint-plugin Completed in 66307ms
3087 http fetch GET 200 https://registry.npmjs.org/@swc/helpers/-/helpers-0.5.15.tgz 65781ms (cache miss)
3088 timing reifyNode:node_modules/@swc/helpers Completed in 67047ms
3089 http fetch GET 200 https://registry.npmjs.org/eslint/-/eslint-9.39.1.tgz 63974ms (cache miss)
3090 timing reifyNode:node_modules/eslint Completed in 68068ms
3091 http fetch GET 200 https://registry.npmjs.org/caniuse-lite/-/caniuse-lite-1.0.30001759.tgz 70570ms (cache miss)
3092 timing reifyNode:node_modules/caniuse-lite Completed in 72048ms
3093 http fetch GET 200 https://registry.npmjs.org/zod/-/zod-4.1.13.tgz 70353ms (cache miss)
3094 timing reifyNode:node_modules/zod Completed in 73347ms
3095 http fetch GET 200 https://registry.npmjs.org/@img/sharp-libvips-linux-x64/-/sharp-libvips-linux-x64-1.2.4.tgz 72558ms (cache miss)
3096 timing reifyNode:node_modules/@img/sharp-libvips-linux-x64 Completed in 73710ms
3097 http fetch GET 200 https://registry.npmjs.org/@img/sharp-libvips-linuxmusl-x64/-/sharp-libvips-linuxmusl-x64-1.2.4.tgz 72772ms (cache miss)
3098 timing reifyNode:node_modules/@img/sharp-libvips-linuxmusl-x64 Completed in 73976ms
3099 http fetch GET 200 https://registry.npmjs.org/typescript/-/typescript-5.9.3.tgz 75615ms (cache miss)
3100 timing reifyNode:node_modules/typescript Completed in 79628ms
3101 http fetch GET 200 https://registry.npmjs.org/es-abstract/-/es-abstract-1.24.0.tgz 84345ms (cache miss)
3102 timing reifyNode:node_modules/es-abstract Completed in 87770ms
3103 http fetch GET 200 https://registry.npmjs.org/@next/swc-linux-x64-gnu/-/swc-linux-x64-gnu-16.0.7.tgz 127902ms (cache miss)
3104 timing reifyNode:node_modules/@next/swc-linux-x64-gnu Completed in 129118ms
3105 http fetch GET 200 https://registry.npmjs.org/@next/swc-linux-x64-musl/-/swc-linux-x64-musl-16.0.7.tgz 128236ms (cache miss)
3106 timing reifyNode:node_modules/@next/swc-linux-x64-musl Completed in 129451ms
3107 http fetch GET 200 https://registry.npmjs.org/next/-/next-16.0.7.tgz 174950ms (cache miss)
3108 timing reifyNode:node_modules/next Completed in 178990ms
3109 timing reify:unpack Completed in 179330ms
3110 timing reify:unretire Completed in 2ms
3111 timing build:queue Completed in 165ms
3112 timing build:link:node_modules/@babel/parser Completed in 89ms
3113 timing build:link:node_modules/is-bun-module/node_modules/semver Completed in 72ms
3114 timing build:link:node_modules/eslint-plugin-react/node_modules/resolve Completed in 73ms
3115 timing build:link:node_modules/@typescript-eslint/typescript-estree/node_modules/semver Completed in 73ms
3116 timing build:link:node_modules/sharp/node_modules/semver Completed in 72ms
3117 timing build:link:node_modules/tsconfig-paths/node_modules/json5 Completed in 72ms
3118 timing build:link:node_modules/acorn Completed in 85ms
3119 timing build:link:node_modules/browserslist Completed in 82ms
3120 timing build:link:node_modules/baseline-browser-mapping Completed in 85ms
3121 timing build:link:node_modules/jiti Completed in 82ms
3122 timing build:link:node_modules/js-yaml Completed in 82ms
3123 timing build:link:node_modules/jsesc Completed in 82ms
3124 timing build:link:node_modules/eslint Completed in 83ms
3125 timing build:link:node_modules/json5 Completed in 82ms
3126 timing build:link:node_modules/loose-envify Completed in 81ms
3127 timing build:link:node_modules/napi-postinstall Completed in 85ms
3128 timing build:link:node_modules/next Completed in 85ms
3129 timing build:link:node_modules/nanoid Completed in 86ms
3130 timing build:link:node_modules/resolve Completed in 86ms
3131 timing build:link:node_modules/which Completed in 83ms
3132 timing build:link:node_modules/typescript Completed in 85ms
3133 timing build:link:node_modules/update-browserslist-db Completed in 85ms
3134 timing build:link:node_modules/semver Completed in 87ms
3135 timing build:link Completed in 102ms
3136 info run sharp@0.34.5 install node_modules/sharp node install/check.js || npm run build
3137 info run sharp@0.34.5 install { code: 0, signal: null }
3138 timing build:run:install:node_modules/sharp Completed in 2017ms
3139 timing build:run:install Completed in 2026ms
3140 info run unrs-resolver@1.11.1 postinstall node_modules/unrs-resolver napi-postinstall unrs-resolver 1.11.1 check
3141 info run unrs-resolver@1.11.1 postinstall { code: 0, signal: null }
3142 timing build:run:postinstall:node_modules/unrs-resolver Completed in 519ms
3143 timing build:run:postinstall Completed in 520ms
3144 timing build:deps Completed in 2821ms
3145 timing build Completed in 2824ms
3146 timing reify:build Completed in 2839ms
3147 timing reify:trash Completed in 88ms
3148 timing reify:save Completed in 1458ms
3149 timing reify Completed in 252239ms
3150 silly ADD node_modules/is-weakset
3151 silly ADD node_modules/is-weakmap
3152 silly ADD node_modules/is-map
3153 silly ADD node_modules/generator-function
3154 silly ADD node_modules/async-function
3155 silly ADD node_modules/which-collection
3156 silly ADD node_modules/is-generator-function
3157 silly ADD node_modules/is-finalizationregistry
3158 silly ADD node_modules/is-async-function
3159 silly ADD node_modules/is-number-object
3160 silly ADD node_modules/is-boolean-object
3161 silly ADD node_modules/is-bigint
3162 silly ADD node_modules/isexe
3163 silly ADD node_modules/punycode
3164 silly ADD node_modules/escalade
3165 silly ADD node_modules/@emnapi/wasi-threads
3166 silly ADD node_modules/@tybys/wasm-util
3167 silly ADD node_modules/@emnapi/core
3168 silly ADD node_modules/@napi-rs/wasm-runtime
3169 silly ADD node_modules/napi-postinstall
3170 silly ADD
3171 silly ADD
3172 silly ADD
3173 silly ADD
3174 silly ADD node_modules/@unrs/resolver-binding-linux-x64-musl
3175 silly ADD node_modules/@unrs/resolver-binding-linux-x64-gnu
3176 silly ADD
3177 silly ADD
3178 silly ADD
3179 silly ADD
3180 silly ADD
3181 silly ADD
3182 silly ADD
3183 silly ADD
3184 silly ADD
3185 silly ADD
3186 silly ADD
3187 silly ADD
3188 silly ADD
3189 silly ADD node_modules/which-boxed-primitive
3190 silly ADD node_modules/has-bigints
3191 silly ADD node_modules/@typescript-eslint/tsconfig-utils
3192 silly ADD node_modules/@typescript-eslint/project-service
3193 silly ADD node_modules/@typescript-eslint/types
3194 silly ADD node_modules/ts-api-utils
3195 silly ADD node_modules/graphemer
3196 silly ADD node_modules/@typescript-eslint/visitor-keys
3197 silly ADD node_modules/@typescript-eslint/type-utils
3198 silly ADD node_modules/@typescript-eslint/scope-manager
3199 silly ADD node_modules/@typescript-eslint/utils
3200 silly ADD node_modules/@typescript-eslint/typescript-estree
3201 silly ADD node_modules/@typescript-eslint/typescript-estree/node_modules/brace-expansion
3202 silly ADD node_modules/@typescript-eslint/typescript-estree/node_modules/semver
3203 silly ADD node_modules/@typescript-eslint/typescript-estree/node_modules/minimatch
3204 silly ADD node_modules/@typescript-eslint/parser
3205 silly ADD node_modules/@typescript-eslint/eslint-plugin
3206 silly ADD node_modules/@typescript-eslint/eslint-plugin/node_modules/ignore
3207 silly ADD node_modules/which-builtin-type
3208 silly ADD node_modules/reflect.getprototypeof
3209 silly ADD node_modules/for-each
3210 silly ADD node_modules/strip-bom
3211 silly ADD node_modules/minimist
3212 silly ADD node_modules/@types/json5
3213 silly ADD node_modules/is-number
3214 silly ADD node_modules/has-flag
3215 silly ADD node_modules/client-only
3216 silly ADD node_modules/side-channel-weakmap
3217 silly ADD node_modules/side-channel-map
3218 silly ADD node_modules/side-channel-list
3219 silly ADD node_modules/shebang-regex
3220 silly ADD node_modules/@emnapi/runtime
3221 silly ADD
3222 silly ADD
3223 silly ADD
3224 silly ADD
3225 silly ADD node_modules/@img/sharp-linuxmusl-x64
3226 silly ADD
3227 silly ADD node_modules/@img/sharp-linux-x64
3228 silly ADD
3229 silly ADD
3230 silly ADD
3231 silly ADD
3232 silly ADD
3233 silly ADD node_modules/@img/sharp-libvips-linuxmusl-x64
3234 silly ADD
3235 silly ADD node_modules/@img/sharp-libvips-linux-x64
3236 silly ADD
3237 silly ADD
3238 silly ADD
3239 silly ADD
3240 silly ADD
3241 silly ADD
3242 silly ADD
3243 silly ADD
3244 silly ADD
3245 silly ADD node_modules/@img/colour
3246 silly ADD node_modules/isarray
3247 silly ADD node_modules/queue-microtask
3248 silly ADD node_modules/supports-preserve-symlinks-flag
3249 silly ADD node_modules/path-parse
3250 silly ADD node_modules/scheduler
3251 silly ADD node_modules/react-is
3252 silly ADD node_modules/object-assign
3253 silly ADD node_modules/loose-envify
3254 silly ADD node_modules/nanoid
3255 silly ADD node_modules/callsites
3256 silly ADD node_modules/yocto-queue
3257 silly ADD node_modules/p-limit
3258 silly ADD node_modules/word-wrap
3259 silly ADD node_modules/fast-levenshtein
3260 silly ADD node_modules/deep-is
3261 silly ADD node_modules/tslib
3262 silly ADD node_modules/styled-jsx
3263 silly ADD node_modules/sharp
3264 silly ADD node_modules/sharp/node_modules/semver
3265 silly ADD node_modules/@swc/helpers
3266 silly ADD
3267 silly ADD
3268 silly ADD node_modules/@next/swc-linux-x64-musl
3269 silly ADD node_modules/@next/swc-linux-x64-gnu
3270 silly ADD
3271 silly ADD
3272 silly ADD
3273 silly ADD
3274 silly ADD node_modules/@next/env
3275 silly ADD node_modules/concat-map
3276 silly ADD node_modules/balanced-match
3277 silly ADD node_modules/brace-expansion
3278 silly ADD node_modules/to-regex-range
3279 silly ADD node_modules/fill-range
3280 silly ADD node_modules/picomatch
3281 silly ADD node_modules/braces
3282 silly ADD node_modules/yallist
3283 silly ADD node_modules/p-locate
3284 silly ADD
3285 silly ADD
3286 silly ADD node_modules/lightningcss-linux-x64-musl
3287 silly ADD node_modules/lightningcss-linux-x64-gnu
3288 silly ADD
3289 silly ADD
3290 silly ADD
3291 silly ADD
3292 silly ADD
3293 silly ADD
3294 silly ADD
3295 silly ADD node_modules/detect-libc
3296 silly ADD node_modules/type-check
3297 silly ADD node_modules/prelude-ls
3298 silly ADD node_modules/language-subtag-registry
3299 silly ADD node_modules/json-buffer
3300 silly ADD node_modules/argparse
3301 silly ADD node_modules/set-function-name
3302 silly ADD node_modules/is-extglob
3303 silly ADD node_modules/side-channel
3304 silly ADD node_modules/resolve-from
3305 silly ADD node_modules/parent-module
3306 silly ADD node_modules/hermes-estree
3307 silly ADD node_modules/resolve-pkg-maps
3308 silly ADD node_modules/dunder-proto
3309 silly ADD node_modules/functions-have-names
3310 silly ADD node_modules/keyv
3311 silly ADD node_modules/flatted
3312 silly ADD node_modules/path-exists
3313 silly ADD node_modules/locate-path
3314 silly ADD node_modules/flat-cache
3315 silly ADD node_modules/reusify
3316 silly ADD node_modules/run-parallel
3317 silly ADD node_modules/fastq
3318 silly ADD node_modules/@nodelib/fs.scandir
3319 silly ADD node_modules/micromatch
3320 silly ADD node_modules/merge2
3321 silly ADD node_modules/@nodelib/fs.walk
3322 silly ADD node_modules/@nodelib/fs.stat
3323 silly ADD node_modules/acorn-jsx
3324 silly ADD node_modules/acorn
3325 silly ADD node_modules/esrecurse
3326 silly ADD node_modules/update-browserslist-db
3327 silly ADD node_modules/node-releases
3328 silly ADD node_modules/electron-to-chromium
3329 silly ADD node_modules/caniuse-lite
3330 silly ADD node_modules/baseline-browser-mapping
3331 silly ADD node_modules/@babel/helper-string-parser
3332 silly ADD node_modules/@babel/helper-globals
3333 silly ADD node_modules/@babel/helper-module-imports
3334 silly ADD node_modules/lru-cache
3335 silly ADD node_modules/browserslist
3336 silly ADD node_modules/@babel/helper-validator-option
3337 silly ADD node_modules/@babel/compat-data
3338 silly ADD node_modules/jsesc
3339 silly ADD node_modules/picocolors
3340 silly ADD node_modules/js-tokens
3341 silly ADD node_modules/@babel/helper-validator-identifier
3342 silly ADD node_modules/json5
3343 silly ADD node_modules/gensync
3344 silly ADD node_modules/convert-source-map
3345 silly ADD node_modules/@babel/types
3346 silly ADD node_modules/@babel/traverse
3347 silly ADD node_modules/@babel/template
3348 silly ADD node_modules/@babel/helpers
3349 silly ADD node_modules/@babel/helper-module-transforms
3350 silly ADD node_modules/@babel/helper-compilation-targets
3351 silly ADD node_modules/@babel/generator
3352 silly ADD node_modules/@babel/code-frame
3353 silly ADD node_modules/zod-validation-error
3354 silly ADD node_modules/zod
3355 silly ADD node_modules/hermes-parser
3356 silly ADD node_modules/@babel/parser
3357 silly ADD node_modules/@babel/core
3358 silly ADD node_modules/iterator.prototype
3359 silly ADD node_modules/string.prototype.repeat
3360 silly ADD node_modules/string.prototype.matchall
3361 silly ADD node_modules/prop-types
3362 silly ADD node_modules/object.entries
3363 silly ADD node_modules/estraverse
3364 silly ADD node_modules/es-iterator-helpers
3365 silly ADD node_modules/array.prototype.tosorted
3366 silly ADD node_modules/array.prototype.findlast
3367 silly ADD node_modules/string.prototype.includes
3368 silly ADD node_modules/language-tags
3369 silly ADD node_modules/jsx-ast-utils
3370 silly ADD node_modules/emoji-regex
3371 silly ADD node_modules/damerau-levenshtein
3372 silly ADD node_modules/axobject-query
3373 silly ADD node_modules/axe-core
3374 silly ADD node_modules/ast-types-flow
3375 silly ADD node_modules/aria-query
3376 silly ADD node_modules/is-symbol
3377 silly ADD node_modules/is-date-object
3378 silly ADD node_modules/has-tostringtag
3379 silly ADD node_modules/possible-typed-array-names
3380 silly ADD node_modules/which-typed-array
3381 silly ADD node_modules/unbox-primitive
3382 silly ADD node_modules/typed-array-length
3383 silly ADD node_modules/typed-array-byte-offset
3384 silly ADD node_modules/typed-array-byte-length
3385 silly ADD node_modules/typed-array-buffer
3386 silly ADD node_modules/string.prototype.trimstart
3387 silly ADD node_modules/string.prototype.trim
3388 silly ADD node_modules/stop-iteration-iterator
3389 silly ADD node_modules/set-proto
3390 silly ADD node_modules/safe-regex-test
3391 silly ADD node_modules/safe-push-apply
3392 silly ADD node_modules/safe-array-concat
3393 silly ADD node_modules/regexp.prototype.flags
3394 silly ADD node_modules/own-keys
3395 silly ADD node_modules/object.assign
3396 silly ADD node_modules/object-inspect
3397 silly ADD node_modules/is-weakref
3398 silly ADD node_modules/is-typed-array
3399 silly ADD node_modules/is-shared-array-buffer
3400 silly ADD node_modules/is-set
3401 silly ADD node_modules/is-regex
3402 silly ADD node_modules/is-negative-zero
3403 silly ADD node_modules/is-data-view
3404 silly ADD node_modules/is-callable
3405 silly ADD node_modules/is-array-buffer
3406 silly ADD node_modules/internal-slot
3407 silly ADD node_modules/has-symbols
3408 silly ADD node_modules/has-proto
3409 silly ADD node_modules/globalthis
3410 silly ADD node_modules/get-symbol-description
3411 silly ADD node_modules/get-proto
3412 silly ADD node_modules/function.prototype.name
3413 silly ADD node_modules/es-to-primitive
3414 silly ADD node_modules/es-set-tostringtag
3415 silly ADD node_modules/data-view-byte-offset
3416 silly ADD node_modules/data-view-byte-length
3417 silly ADD node_modules/data-view-buffer
3418 silly ADD node_modules/available-typed-arrays
3419 silly ADD node_modules/arraybuffer.prototype.slice
3420 silly ADD node_modules/array-buffer-byte-length
3421 silly ADD node_modules/gopd
3422 silly ADD node_modules/object-keys
3423 silly ADD node_modules/has-property-descriptors
3424 silly ADD node_modules/define-data-property
3425 silly ADD node_modules/function-bind
3426 silly ADD node_modules/set-function-length
3427 silly ADD node_modules/es-define-property
3428 silly ADD node_modules/call-bind-apply-helpers
3429 silly ADD node_modules/es-shim-unscopables
3430 silly ADD node_modules/es-errors
3431 silly ADD node_modules/math-intrinsics
3432 silly ADD node_modules/is-string
3433 silly ADD node_modules/get-intrinsic
3434 silly ADD node_modules/es-object-atoms
3435 silly ADD node_modules/es-abstract
3436 silly ADD node_modules/define-properties
3437 silly ADD node_modules/call-bound
3438 silly ADD node_modules/call-bind
3439 silly ADD node_modules/tsconfig-paths
3440 silly ADD node_modules/tsconfig-paths/node_modules/json5
3441 silly ADD node_modules/string.prototype.trimend
3442 silly ADD node_modules/semver
3443 silly ADD node_modules/object.values
3444 silly ADD node_modules/object.groupby
3445 silly ADD node_modules/object.fromentries
3446 silly ADD node_modules/hasown
3447 silly ADD node_modules/eslint-module-utils
3448 silly ADD node_modules/eslint-module-utils/node_modules/debug
3449 silly ADD node_modules/doctrine
3450 silly ADD node_modules/array.prototype.flatmap
3451 silly ADD node_modules/array.prototype.flat
3452 silly ADD node_modules/array.prototype.findlastindex
3453 silly ADD node_modules/array-includes
3454 silly ADD node_modules/@rtsao/scc
3455 silly ADD node_modules/unrs-resolver
3456 silly ADD node_modules/tinyglobby
3457 silly ADD node_modules/tinyglobby/node_modules/picomatch
3458 silly ADD node_modules/tinyglobby/node_modules/fdir
3459 silly ADD node_modules/stable-hash
3460 silly ADD node_modules/is-bun-module
3461 silly ADD node_modules/is-bun-module/node_modules/semver
3462 silly ADD node_modules/get-tsconfig
3463 silly ADD node_modules/@nolyfill/is-core-module
3464 silly ADD node_modules/resolve
3465 silly ADD node_modules/is-core-module
3466 silly ADD node_modules/fast-glob
3467 silly ADD node_modules/fast-glob/node_modules/glob-parent
3468 silly ADD node_modules/typescript-eslint
3469 silly ADD node_modules/eslint-plugin-react-hooks
3470 silly ADD node_modules/eslint-plugin-react
3471 silly ADD node_modules/eslint-plugin-react/node_modules/resolve
3472 silly ADD node_modules/eslint-plugin-jsx-a11y
3473 silly ADD node_modules/eslint-plugin-import
3474 silly ADD node_modules/eslint-plugin-import/node_modules/debug
3475 silly ADD node_modules/eslint-import-resolver-typescript
3476 silly ADD node_modules/eslint-import-resolver-node
3477 silly ADD node_modules/eslint-import-resolver-node/node_modules/debug
3478 silly ADD node_modules/@next/eslint-plugin-next
3479 silly ADD node_modules/ms
3480 silly ADD node_modules/which
3481 silly ADD node_modules/shebang-command
3482 silly ADD node_modules/path-key
3483 silly ADD node_modules/color-name
3484 silly ADD node_modules/color-convert
3485 silly ADD node_modules/supports-color
3486 silly ADD node_modules/ansi-styles
3487 silly ADD node_modules/uri-js
3488 silly ADD node_modules/json-schema-traverse
3489 silly ADD node_modules/fast-json-stable-stringify
3490 silly ADD node_modules/@humanfs/core
3491 silly ADD node_modules/levn
3492 silly ADD node_modules/strip-json-comments
3493 silly ADD node_modules/js-yaml
3494 silly ADD node_modules/import-fresh
3495 silly ADD node_modules/globals
3496 silly ADD node_modules/@types/json-schema
3497 silly ADD node_modules/@eslint/object-schema
3498 silly ADD node_modules/optionator
3499 silly ADD node_modules/natural-compare
3500 silly ADD node_modules/minimatch
3501 silly ADD node_modules/lodash.merge
3502 silly ADD node_modules/json-stable-stringify-without-jsonify
3503 silly ADD node_modules/is-glob
3504 silly ADD node_modules/imurmurhash
3505 silly ADD node_modules/ignore
3506 silly ADD node_modules/glob-parent
3507 silly ADD node_modules/find-up
3508 silly ADD node_modules/file-entry-cache
3509 silly ADD node_modules/fast-deep-equal
3510 silly ADD node_modules/esutils
3511 silly ADD node_modules/esquery
3512 silly ADD node_modules/espree
3513 silly ADD node_modules/eslint-visitor-keys
3514 silly ADD node_modules/eslint-scope
3515 silly ADD node_modules/escape-string-regexp
3516 silly ADD node_modules/debug
3517 silly ADD node_modules/cross-spawn
3518 silly ADD node_modules/chalk
3519 silly ADD node_modules/ajv
3520 silly ADD node_modules/@types/estree
3521 silly ADD node_modules/@humanwhocodes/retry
3522 silly ADD node_modules/@humanwhocodes/module-importer
3523 silly ADD node_modules/@humanfs/node
3524 silly ADD node_modules/@eslint/plugin-kit
3525 silly ADD node_modules/@eslint/js
3526 silly ADD node_modules/@eslint/eslintrc
3527 silly ADD node_modules/@eslint/core
3528 silly ADD node_modules/@eslint/config-helpers
3529 silly ADD node_modules/@eslint/config-array
3530 silly ADD node_modules/@eslint-community/regexpp
3531 silly ADD node_modules/@eslint-community/eslint-utils
3532 silly ADD node_modules/@eslint-community/eslint-utils/node_modules/eslint-visitor-keys
3533 silly ADD node_modules/tapable
3534 silly ADD node_modules/graceful-fs
3535 silly ADD node_modules/csstype
3536 silly ADD node_modules/undici-types
3537 silly ADD
3538 silly ADD
3539 silly ADD
3540 silly ADD node_modules/@tailwindcss/oxide-linux-x64-musl
3541 silly ADD node_modules/@tailwindcss/oxide-linux-x64-gnu
3542 silly ADD
3543 silly ADD
3544 silly ADD
3545 silly ADD
3546 silly ADD
3547 silly ADD
3548 silly ADD
3549 silly ADD node_modules/@jridgewell/resolve-uri
3550 silly ADD node_modules/@jridgewell/sourcemap-codec
3551 silly ADD node_modules/@jridgewell/trace-mapping
3552 silly ADD node_modules/@jridgewell/gen-mapping
3553 silly ADD node_modules/source-map-js
3554 silly ADD node_modules/magic-string
3555 silly ADD node_modules/lightningcss
3556 silly ADD node_modules/jiti
3557 silly ADD node_modules/enhanced-resolve
3558 silly ADD node_modules/@jridgewell/remapping
3559 silly ADD node_modules/postcss
3560 silly ADD node_modules/@tailwindcss/oxide
3561 silly ADD node_modules/@tailwindcss/node
3562 silly ADD node_modules/@alloc/quick-lru
3563 silly ADD node_modules/typescript
3564 silly ADD node_modules/tailwindcss
3565 silly ADD node_modules/react-dom
3566 silly ADD node_modules/react
3567 silly ADD node_modules/next
3568 silly ADD node_modules/next/node_modules/postcss
3569 silly ADD node_modules/eslint-config-next
3570 silly ADD node_modules/eslint-config-next/node_modules/globals
3571 silly ADD node_modules/eslint
3572 silly ADD node_modules/@types/react-dom
3573 silly ADD node_modules/@types/react
3574 silly ADD node_modules/@types/node
3575 silly ADD node_modules/@tailwindcss/postcss
3576 timing command:install Completed in 252405ms
3577 notice
3577 notice New [31mmajor[39m version of npm available! [31m10.2.4[39m -> [32m11.6.4[39m
3577 notice Changelog: [36mhttps://github.com/npm/cli/releases/tag/v11.6.4[39m
3577 notice Run [32mnpm install -g npm@11.6.4[39m to update!
3577 notice
3578 verbose exit 0
3579 timing npm Completed in 253285ms
3580 info ok
